
==============================================================================
STEP 0 -- GATE SATISFIED VIA VERIFIED RECEIPT (not re-run)
  device    : cuda  <- the ORIGINAL device the published numbers were produced on
  receipt   : data\study_areas\netherlands\acc_sharpening\2026-07-28\replay_gate\replay_gate_cuda.json
  model     : abl_c01_plain_acc_s42  (config=C1, seed=42)
  tolerance : exact match at 3 decimals, every component
  Verified HERE (not taken on faith): passed+no-deviations; device/model/decimals identity;
  both families with frozen component sets; the 3-decimal criterion RECOMPUTED from the
  recorded published/observed values; and the only-device-differs config self-check.
  The gate itself is UNCHANGED -- this cites an execution of it, it does not soften it.
==============================================================================
  [OK  ] leefb: 6 components, max |d| = 5.55e-17, config diff = ['device']
  [OK  ] rudifun: 5 components, max |d| = 4.16e-17, config diff = ['device']

==============================================================================
RES-b-leefb + RES-b-rudifun  |  campaign 2026-07-28-accessibility-sharpening-explainability
  rows     : ['plain', 'gvae', 'pvae', 'nag_s0', 'nag_s1']
  seeds    : [42, 43, 44]
  families : ['leefb', 'rudifun']
==============================================================================
[00:03:36] === RES-b plain s42 leefb ===
2026-07-29 00:03:36,561 [stage3_analysis.probe_utils] INFO: Seeded RNGs (random, numpy, torch, cuda) with seed=42
2026-07-29 00:03:36,562 [stage3_analysis.dnn_probe] INFO: === DNN Probe Regression (MLP) ===
2026-07-29 00:03:36,562 [stage3_analysis.dnn_probe] INFO: Study area: netherlands
2026-07-29 00:03:36,562 [stage3_analysis.dnn_probe] INFO: Year: 2022
2026-07-29 00:03:36,562 [stage3_analysis.dnn_probe] INFO: Device: cpu
2026-07-29 00:03:36,562 [stage3_analysis.dnn_probe] INFO: Architecture: MLP, hidden=32, layers=0
2026-07-29 00:03:36,562 [stage3_analysis.dnn_probe] INFO: Loading embeddings from C:\Users\Bert Berkers\PycharmProjects\UrbanRepML\data\study_areas\netherlands\acc_sharpening\2026-07-28\residual\plain_s42\residual.parquet
2026-07-29 00:03:36,805 [stage3_analysis.dnn_probe] INFO:   Embedding features: 64 (resid_0..resid_63)
2026-07-29 00:03:36,805 [stage3_analysis.dnn_probe] INFO:   Embedding rows: 482,706
2026-07-29 00:03:36,806 [stage3_analysis.dnn_probe] INFO: Loading target from C:\Users\Bert Berkers\PycharmProjects\UrbanRepML\data\study_areas\netherlands\target\leefbaarometer\leefbaarometer_h3res9_2022.parquet
2026-07-29 00:03:36,845 [stage3_analysis.dnn_probe] INFO:   Target rows: 131,194
2026-07-29 00:03:37,124 [stage3_analysis.dnn_probe] INFO:   Inner join: 131,194 hexagons with both embeddings and targets
2026-07-29 00:03:37,124 [stage3_analysis.probe_utils] INFO:   JOIN RATE: n_emb=482,706 n_target=131,194 n_join=131,194 rate_vs_emb=0.2718
2026-07-29 00:03:37,124 [stage3_analysis.probe_utils] WARNING: 
  ============================================================
  LOUD WARNING: probe join rate 27.2% < 95% threshold.
  Only 131,194 of 482,706 embedding hexagons matched a target row.
  This is the SILENT-SHRINK trap: stale old-grid embeddings vs
  new-grid targets inner-join to their intersection, yielding
  plausible-looking metrics over a shrunken sample. Trust these
  numbers ONLY if this is an explicitly old-grid-paired run.
  ============================================================
2026-07-29 00:03:37,131 [stage3_analysis.dnn_probe] INFO:   After dropna: 131,194 (dropped 0)
2026-07-29 00:03:37,131 [stage3_analysis.dnn_probe] INFO:   Loading regions from C:\Users\Bert Berkers\PycharmProjects\UrbanRepML\data\study_areas\netherlands\regions_gdf\netherlands_res9.parquet
2026-07-29 00:03:38,665 [stage3_analysis.dnn_probe] INFO:   After region join: 131,194 hexagons
2026-07-29 00:03:38,801 [stage3_analysis.dnn_probe] INFO: Creating spatial blocks: 5 folds, 10000m x 10000m
2026-07-29 00:03:39,206 [stage3_analysis.dnn_probe] INFO:   Created 445 spatial blocks across 5 folds
2026-07-29 00:03:39,283 [stage3_analysis.dnn_probe] WARNING:   2 points outside all blocks, assigning to fold 1
2026-07-29 00:03:39,299 [stage3_analysis.dnn_probe] INFO:   Fold sizes: {1: 24095, 2: 25107, 3: 28086, 4: 24630, 5: 29276}
2026-07-29 00:03:39,324 [stage3_analysis.dnn_probe] INFO: 
Feature matrix: (131194, 64)
2026-07-29 00:03:39,324 [stage3_analysis.dnn_probe] INFO: Targets: ['lbm', 'fys', 'onv', 'soc', 'vrz', 'won']
2026-07-29 00:03:39,325 [stage3_analysis.dnn_probe] INFO: 
--- Target: lbm (Overall Liveability) ---
2026-07-29 00:03:39,325 [stage3_analysis.dnn_probe] INFO:   y range: [3.4200, 5.0361], mean=4.1982
2026-07-29 00:03:39,325 [stage3_analysis.dnn_probe] INFO:   Using config defaults: hidden=32, layers=0, lr=0.0005
2026-07-29 00:03:39,325 [stage3_analysis.dnn_probe] INFO:   Evaluating with spatial CV...
2026-07-29 00:03:41,751 [stage3_analysis.dnn_probe] INFO:     Fold 1: R2=0.0292, RMSE=0.1151, MAE=0.0878 (train=107,099, test=24,095, epochs=100)
2026-07-29 00:03:43,443 [stage3_analysis.dnn_probe] INFO:     Fold 2: R2=0.0335, RMSE=0.1218, MAE=0.0926 (train=106,087, test=25,107, epochs=100)
2026-07-29 00:03:45,113 [stage3_analysis.dnn_probe] INFO:     Fold 3: R2=0.0369, RMSE=0.1271, MAE=0.0963 (train=103,108, test=28,086, epochs=100)
2026-07-29 00:03:46,358 [stage3_analysis.dnn_probe] INFO:     Fold 4: R2=0.0327, RMSE=0.1177, MAE=0.0895 (train=106,564, test=24,630, epochs=68)
2026-07-29 00:03:48,004 [stage3_analysis.dnn_probe] INFO:     Fold 5: R2=0.0324, RMSE=0.1267, MAE=0.0937 (train=101,918, test=29,276, epochs=100)
2026-07-29 00:03:48,009 [stage3_analysis.dnn_probe] INFO:   Overall OOF: R2=0.0344, RMSE=0.1221, MAE=0.0922
2026-07-29 00:03:48,010 [stage3_analysis.dnn_probe] INFO: 
--- Target: fys (Physical Environment) ---
2026-07-29 00:03:48,010 [stage3_analysis.dnn_probe] INFO:   y range: [-0.7443, 0.4637], mean=-0.0030
2026-07-29 00:03:48,010 [stage3_analysis.dnn_probe] INFO:   Using config defaults: hidden=32, layers=0, lr=0.0005
2026-07-29 00:03:48,010 [stage3_analysis.dnn_probe] INFO:   Evaluating with spatial CV...
2026-07-29 00:03:49,665 [stage3_analysis.dnn_probe] INFO:     Fold 1: R2=0.0477, RMSE=0.0651, MAE=0.0470 (train=107,099, test=24,095, epochs=100)
2026-07-29 00:03:51,513 [stage3_analysis.dnn_probe] INFO:     Fold 2: R2=0.0283, RMSE=0.0660, MAE=0.0458 (train=106,087, test=25,107, epochs=100)
2026-07-29 00:03:53,224 [stage3_analysis.dnn_probe] INFO:     Fold 3: R2=0.0462, RMSE=0.0613, MAE=0.0428 (train=103,108, test=28,086, epochs=100)
2026-07-29 00:03:55,007 [stage3_analysis.dnn_probe] INFO:     Fold 4: R2=0.0291, RMSE=0.0678, MAE=0.0466 (train=106,564, test=24,630, epochs=100)
2026-07-29 00:03:56,160 [stage3_analysis.dnn_probe] INFO:     Fold 5: R2=0.0098, RMSE=0.0679, MAE=0.0450 (train=101,918, test=29,276, epochs=67)
2026-07-29 00:03:56,165 [stage3_analysis.dnn_probe] INFO:   Overall OOF: R2=0.0332, RMSE=0.0657, MAE=0.0453
2026-07-29 00:03:56,166 [stage3_analysis.dnn_probe] INFO: 
--- Target: onv (Safety) ---
2026-07-29 00:03:56,166 [stage3_analysis.dnn_probe] INFO:   y range: [-0.4661, 0.1638], mean=0.0779
2026-07-29 00:03:56,166 [stage3_analysis.dnn_probe] INFO:   Using config defaults: hidden=32, layers=0, lr=0.0005
2026-07-29 00:03:56,166 [stage3_analysis.dnn_probe] INFO:   Evaluating with spatial CV...
2026-07-29 00:03:57,879 [stage3_analysis.dnn_probe] INFO:     Fold 1: R2=-0.0088, RMSE=0.0549, MAE=0.0419 (train=107,099, test=24,095, epochs=92)
2026-07-29 00:03:59,590 [stage3_analysis.dnn_probe] INFO:     Fold 2: R2=0.0517, RMSE=0.0626, MAE=0.0452 (train=106,087, test=25,107, epochs=100)
2026-07-29 00:04:01,633 [stage3_analysis.dnn_probe] INFO:     Fold 3: R2=0.0307, RMSE=0.0709, MAE=0.0494 (train=103,108, test=28,086, epochs=100)
2026-07-29 00:04:03,096 [stage3_analysis.dnn_probe] INFO:     Fold 4: R2=-0.0041, RMSE=0.0548, MAE=0.0415 (train=106,564, test=24,630, epochs=73)
2026-07-29 00:04:04,693 [stage3_analysis.dnn_probe] INFO:     Fold 5: R2=0.0476, RMSE=0.0691, MAE=0.0478 (train=101,918, test=29,276, epochs=90)
2026-07-29 00:04:04,700 [stage3_analysis.dnn_probe] INFO:   Overall OOF: R2=0.0383, RMSE=0.0633, MAE=0.0454
2026-07-29 00:04:04,702 [stage3_analysis.dnn_probe] INFO: 
--- Target: soc (Social Cohesion) ---
2026-07-29 00:04:04,702 [stage3_analysis.dnn_probe] INFO:   y range: [-0.4217, 0.4402], mean=0.0747
2026-07-29 00:04:04,702 [stage3_analysis.dnn_probe] INFO:   Using config defaults: hidden=32, layers=0, lr=0.0005
2026-07-29 00:04:04,702 [stage3_analysis.dnn_probe] INFO:   Evaluating with spatial CV...
2026-07-29 00:04:06,381 [stage3_analysis.dnn_probe] INFO:     Fold 1: R2=0.0361, RMSE=0.0523, MAE=0.0419 (train=107,099, test=24,095, epochs=100)
2026-07-29 00:04:07,602 [stage3_analysis.dnn_probe] INFO:     Fold 2: R2=0.0402, RMSE=0.0593, MAE=0.0462 (train=106,087, test=25,107, epochs=68)
2026-07-29 00:04:09,211 [stage3_analysis.dnn_probe] INFO:     Fold 3: R2=0.0237, RMSE=0.0597, MAE=0.0467 (train=103,108, test=28,086, epochs=100)
2026-07-29 00:04:10,753 [stage3_analysis.dnn_probe] INFO:     Fold 4: R2=0.0287, RMSE=0.0531, MAE=0.0424 (train=106,564, test=24,630, epochs=89)
2026-07-29 00:04:12,493 [stage3_analysis.dnn_probe] INFO:     Fold 5: R2=0.0664, RMSE=0.0593, MAE=0.0463 (train=101,918, test=29,276, epochs=100)
2026-07-29 00:04:12,498 [stage3_analysis.dnn_probe] INFO:   Overall OOF: R2=0.0475, RMSE=0.0570, MAE=0.0448
2026-07-29 00:04:12,500 [stage3_analysis.dnn_probe] INFO: 
--- Target: vrz (Amenities) ---
2026-07-29 00:04:12,500 [stage3_analysis.dnn_probe] INFO:   y range: [-0.3298, 0.6882], mean=-0.1153
2026-07-29 00:04:12,500 [stage3_analysis.dnn_probe] INFO:   Using config defaults: hidden=32, layers=0, lr=0.0005
2026-07-29 00:04:12,500 [stage3_analysis.dnn_probe] INFO:   Evaluating with spatial CV...
2026-07-29 00:04:13,147 [stage3_analysis.dnn_probe] INFO:     Fold 1: R2=-0.0044, RMSE=0.0909, MAE=0.0740 (train=107,099, test=24,095, epochs=22)
2026-07-29 00:04:14,868 [stage3_analysis.dnn_probe] INFO:     Fold 2: R2=0.0772, RMSE=0.1153, MAE=0.0822 (train=106,087, test=25,107, epochs=100)
2026-07-29 00:04:16,600 [stage3_analysis.dnn_probe] INFO:     Fold 3: R2=0.0453, RMSE=0.1017, MAE=0.0793 (train=103,108, test=28,086, epochs=100)
2026-07-29 00:04:17,819 [stage3_analysis.dnn_probe] INFO:     Fold 4: R2=-0.0387, RMSE=0.0839, MAE=0.0690 (train=106,564, test=24,630, epochs=62)
2026-07-29 00:04:19,440 [stage3_analysis.dnn_probe] INFO:     Fold 5: R2=0.0822, RMSE=0.0986, MAE=0.0761 (train=101,918, test=29,276, epochs=90)
2026-07-29 00:04:19,445 [stage3_analysis.dnn_probe] INFO:   Overall OOF: R2=0.0581, RMSE=0.0988, MAE=0.0763
2026-07-29 00:04:19,447 [stage3_analysis.dnn_probe] INFO: 
--- Target: won (Housing Quality) ---
2026-07-29 00:04:19,447 [stage3_analysis.dnn_probe] INFO:   y range: [-0.5287, 0.8859], mean=0.0616
2026-07-29 00:04:19,447 [stage3_analysis.dnn_probe] INFO:   Using config defaults: hidden=32, layers=0, lr=0.0005
2026-07-29 00:04:19,448 [stage3_analysis.dnn_probe] INFO:   Evaluating with spatial CV...
2026-07-29 00:04:21,275 [stage3_analysis.dnn_probe] INFO:     Fold 1: R2=0.0091, RMSE=0.0481, MAE=0.0365 (train=107,099, test=24,095, epochs=91)
2026-07-29 00:04:23,086 [stage3_analysis.dnn_probe] INFO:     Fold 2: R2=0.0250, RMSE=0.0530, MAE=0.0384 (train=106,087, test=25,107, epochs=100)
2026-07-29 00:04:24,846 [stage3_analysis.dnn_probe] INFO:     Fold 3: R2=0.0149, RMSE=0.0552, MAE=0.0410 (train=103,108, test=28,086, epochs=100)
2026-07-29 00:04:26,013 [stage3_analysis.dnn_probe] INFO:     Fold 4: R2=0.0120, RMSE=0.0490, MAE=0.0363 (train=106,564, test=24,630, epochs=60)
2026-07-29 00:04:27,463 [stage3_analysis.dnn_probe] INFO:     Fold 5: R2=0.0241, RMSE=0.0521, MAE=0.0381 (train=101,918, test=29,276, epochs=92)
2026-07-29 00:04:27,468 [stage3_analysis.dnn_probe] INFO:   Overall OOF: R2=0.0241, RMSE=0.0517, MAE=0.0382
2026-07-29 00:04:27,468 [stage3_analysis.dnn_probe] INFO: 
=== Summary ===
2026-07-29 00:04:27,468 [stage3_analysis.dnn_probe] INFO:   lbm (Overall Liveability): R2=0.0344, RMSE=0.1221
2026-07-29 00:04:27,468 [stage3_analysis.dnn_probe] INFO:   fys (Physical Environment): R2=0.0332, RMSE=0.0657
2026-07-29 00:04:27,468 [stage3_analysis.dnn_probe] INFO:   onv (Safety): R2=0.0383, RMSE=0.0633
2026-07-29 00:04:27,468 [stage3_analysis.dnn_probe] INFO:   soc (Social Cohesion): R2=0.0475, RMSE=0.0570
2026-07-29 00:04:27,468 [stage3_analysis.dnn_probe] INFO:   vrz (Amenities): R2=0.0581, RMSE=0.0988
2026-07-29 00:04:27,468 [stage3_analysis.dnn_probe] INFO:   won (Housing Quality): R2=0.0241, RMSE=0.0517
2026-07-29 00:04:27,534 [stage3_analysis.dnn_probe] INFO: Saved metrics summary to C:\Users\Bert Berkers\PycharmProjects\UrbanRepML\data\study_areas\netherlands\stage3_analysis\dnn_probe\2026-07-28\2026-07-28_accres_plain_s42_leefb\metrics_summary.csv
2026-07-29 00:04:28,622 [stage3_analysis.dnn_probe] INFO: Saved predictions to C:\Users\Bert Berkers\PycharmProjects\UrbanRepML\data\study_areas\netherlands\stage3_analysis\dnn_probe\2026-07-28\2026-07-28_accres_plain_s42_leefb
2026-07-29 00:04:28,625 [stage3_analysis.dnn_probe] INFO: Saved config to C:\Users\Bert Berkers\PycharmProjects\UrbanRepML\data\study_areas\netherlands\stage3_analysis\dnn_probe\2026-07-28\2026-07-28_accres_plain_s42_leefb\config.json
2026-07-29 00:04:28,644 [stage3_analysis.dnn_probe] INFO: Saved run_info.json to C:\Users\Bert Berkers\PycharmProjects\UrbanRepML\data\study_areas\netherlands\stage3_analysis\dnn_probe\2026-07-28\2026-07-28_accres_plain_s42_leefb\run_info.json
2026-07-29 00:04:28,795 [stage3_analysis.dnn_probe] INFO: Saved training curves to C:\Users\Bert Berkers\PycharmProjects\UrbanRepML\data\study_areas\netherlands\stage3_analysis\dnn_probe\2026-07-28\2026-07-28_accres_plain_s42_leefb\training_curves (30 files)
[00:04:39]   leefb/lbm: R2=+0.03436 CI=[+0.02439, +0.04428]
[00:04:46]   leefb/fys: R2=+0.03321 CI=[+0.01793, +0.04818]
[00:05:03]   leefb/onv: R2=+0.03827 CI=[+0.02430, +0.05225]
[00:05:13]   leefb/soc: R2=+0.04752 CI=[+0.03844, +0.05650]
[00:05:20]   leefb/vrz: R2=+0.05814 CI=[+0.04642, +0.06968]
[00:05:27]   leefb/won: R2=+0.02413 CI=[+0.01037, +0.03782]
[00:05:49]   leefb FAMILY: R2=+0.03927 CI=[+0.03192, +0.04670] p=0.00010 (unadjusted)
[00:05:49] === RES-b plain s42 rudifun ===
2026-07-29 00:05:49,474 [stage3_analysis.probe_utils] INFO: Seeded RNGs (random, numpy, torch, cuda) with seed=42
2026-07-29 00:05:49,475 [stage3_analysis.dnn_probe] INFO: === DNN Probe Regression (MLP) ===
2026-07-29 00:05:49,475 [stage3_analysis.dnn_probe] INFO: Study area: netherlands
2026-07-29 00:05:49,475 [stage3_analysis.dnn_probe] INFO: Year: 2022
2026-07-29 00:05:49,475 [stage3_analysis.dnn_probe] INFO: Device: cpu
2026-07-29 00:05:49,475 [stage3_analysis.dnn_probe] INFO: Architecture: MLP, hidden=32, layers=0
2026-07-29 00:05:49,475 [stage3_analysis.dnn_probe] INFO: Loading embeddings from C:\Users\Bert Berkers\PycharmProjects\UrbanRepML\data\study_areas\netherlands\acc_sharpening\2026-07-28\residual\plain_s42\residual.parquet
2026-07-29 00:05:49,709 [stage3_analysis.dnn_probe] INFO:   Embedding features: 64 (resid_0..resid_63)
2026-07-29 00:05:49,709 [stage3_analysis.dnn_probe] INFO:   Embedding rows: 482,706
2026-07-29 00:05:49,710 [stage3_analysis.dnn_probe] INFO: Loading target from C:\Users\Bert Berkers\PycharmProjects\UrbanRepML\data\study_areas\netherlands\target\rudifun\rudifun_h3res9_2022.parquet
2026-07-29 00:05:49,764 [stage3_analysis.dnn_probe] INFO:   Target rows: 238,072
2026-07-29 00:05:50,073 [stage3_analysis.dnn_probe] INFO:   Inner join: 238,072 hexagons with both embeddings and targets
2026-07-29 00:05:50,073 [stage3_analysis.probe_utils] INFO:   JOIN RATE: n_emb=482,706 n_target=238,072 n_join=238,072 rate_vs_emb=0.4932
2026-07-29 00:05:50,073 [stage3_analysis.probe_utils] WARNING: 
  ============================================================
  LOUD WARNING: probe join rate 49.3% < 95% threshold.
  Only 238,072 of 482,706 embedding hexagons matched a target row.
  This is the SILENT-SHRINK trap: stale old-grid embeddings vs
  new-grid targets inner-join to their intersection, yielding
  plausible-looking metrics over a shrunken sample. Trust these
  numbers ONLY if this is an explicitly old-grid-paired run.
  ============================================================
2026-07-29 00:05:50,132 [stage3_analysis.dnn_probe] INFO:   After dropna: 237,062 (dropped 1,010)
2026-07-29 00:05:50,133 [stage3_analysis.dnn_probe] INFO:   Loading regions from C:\Users\Bert Berkers\PycharmProjects\UrbanRepML\data\study_areas\netherlands\regions_gdf\netherlands_res9.parquet
2026-07-29 00:05:54,062 [stage3_analysis.dnn_probe] INFO:   After region join: 237,062 hexagons
2026-07-29 00:05:54,536 [stage3_analysis.dnn_probe] INFO: Creating spatial blocks: 5 folds, 10000m x 10000m
2026-07-29 00:05:56,993 [stage3_analysis.dnn_probe] INFO:   Created 461 spatial blocks across 5 folds
2026-07-29 00:05:57,452 [stage3_analysis.dnn_probe] WARNING:   2 points outside all blocks, assigning to fold 1
2026-07-29 00:05:57,564 [stage3_analysis.dnn_probe] INFO:   Fold sizes: {1: 48231, 2: 45624, 3: 48856, 4: 45974, 5: 48377}
2026-07-29 00:05:57,710 [stage3_analysis.dnn_probe] INFO: 
Feature matrix: (237062, 64)
2026-07-29 00:05:57,711 [stage3_analysis.dnn_probe] INFO: Targets: ['fsi', 'gsi', 'mxi', 'l', 'osr']
2026-07-29 00:05:57,715 [stage3_analysis.dnn_probe] INFO: 
--- Target: fsi (fsi) ---
2026-07-29 00:05:57,716 [stage3_analysis.dnn_probe] INFO:   y range: [0.0000, 46.7058], mean=0.3647
2026-07-29 00:05:57,716 [stage3_analysis.dnn_probe] INFO:   Using config defaults: hidden=32, layers=0, lr=0.0005
2026-07-29 00:05:57,716 [stage3_analysis.dnn_probe] INFO:   Evaluating with spatial CV...
2026-07-29 00:06:01,450 [stage3_analysis.dnn_probe] INFO:     Fold 1: R2=0.0196, RMSE=0.3942, MAE=0.2333 (train=188,831, test=48,231, epochs=100)
2026-07-29 00:06:03,713 [stage3_analysis.dnn_probe] INFO:     Fold 2: R2=0.0199, RMSE=0.3696, MAE=0.2215 (train=191,438, test=45,624, epochs=52)
2026-07-29 00:06:06,688 [stage3_analysis.dnn_probe] INFO:     Fold 3: R2=0.0333, RMSE=0.4471, MAE=0.2390 (train=188,206, test=48,856, epochs=83)
2026-07-29 00:06:08,327 [stage3_analysis.dnn_probe] INFO:     Fold 4: R2=0.0234, RMSE=0.4445, MAE=0.2281 (train=191,088, test=45,974, epochs=43)
2026-07-29 00:06:11,326 [stage3_analysis.dnn_probe] INFO:     Fold 5: R2=0.0461, RMSE=0.3973, MAE=0.2351 (train=188,685, test=48,377, epochs=83)
2026-07-29 00:06:11,334 [stage3_analysis.dnn_probe] INFO:   Overall OOF: R2=0.0296, RMSE=0.4118, MAE=0.2316
2026-07-29 00:06:11,336 [stage3_analysis.dnn_probe] INFO: 
--- Target: gsi (gsi) ---
2026-07-29 00:06:11,337 [stage3_analysis.dnn_probe] INFO:   y range: [0.0000, 1.0000], mean=0.2314
2026-07-29 00:06:11,337 [stage3_analysis.dnn_probe] INFO:   Using config defaults: hidden=32, layers=0, lr=0.0005
2026-07-29 00:06:11,337 [stage3_analysis.dnn_probe] INFO:   Evaluating with spatial CV...
2026-07-29 00:06:14,792 [stage3_analysis.dnn_probe] INFO:     Fold 1: R2=0.0234, RMSE=0.1504, MAE=0.1072 (train=188,831, test=48,231, epochs=100)
2026-07-29 00:06:16,581 [stage3_analysis.dnn_probe] INFO:     Fold 2: R2=0.0083, RMSE=0.1344, MAE=0.0967 (train=191,438, test=45,624, epochs=43)
2026-07-29 00:06:19,300 [stage3_analysis.dnn_probe] INFO:     Fold 3: R2=0.0147, RMSE=0.1465, MAE=0.1028 (train=188,206, test=48,856, epochs=68)
2026-07-29 00:06:22,171 [stage3_analysis.dnn_probe] INFO:     Fold 4: R2=0.0229, RMSE=0.1438, MAE=0.1001 (train=191,088, test=45,974, epochs=78)
2026-07-29 00:06:25,648 [stage3_analysis.dnn_probe] INFO:     Fold 5: R2=0.0289, RMSE=0.1392, MAE=0.1013 (train=188,685, test=48,377, epochs=100)
2026-07-29 00:06:25,656 [stage3_analysis.dnn_probe] INFO:   Overall OOF: R2=0.0211, RMSE=0.1431, MAE=0.1017
2026-07-29 00:06:25,658 [stage3_analysis.dnn_probe] INFO: 
--- Target: mxi (mxi) ---
2026-07-29 00:06:25,658 [stage3_analysis.dnn_probe] INFO:   y range: [0.0000, 1.0000], mean=0.4571
2026-07-29 00:06:25,658 [stage3_analysis.dnn_probe] INFO:   Using config defaults: hidden=32, layers=0, lr=0.0005
2026-07-29 00:06:25,658 [stage3_analysis.dnn_probe] INFO:   Evaluating with spatial CV...
2026-07-29 00:06:29,172 [stage3_analysis.dnn_probe] INFO:     Fold 1: R2=0.0379, RMSE=0.2887, MAE=0.2464 (train=188,831, test=48,231, epochs=100)
2026-07-29 00:06:31,992 [stage3_analysis.dnn_probe] INFO:     Fold 2: R2=0.0385, RMSE=0.2697, MAE=0.2246 (train=191,438, test=45,624, epochs=76)
2026-07-29 00:06:34,933 [stage3_analysis.dnn_probe] INFO:     Fold 3: R2=0.0331, RMSE=0.2790, MAE=0.2361 (train=188,206, test=48,856, epochs=82)
2026-07-29 00:06:38,696 [stage3_analysis.dnn_probe] INFO:     Fold 4: R2=0.0398, RMSE=0.2756, MAE=0.2317 (train=191,088, test=45,974, epochs=100)
2026-07-29 00:06:42,128 [stage3_analysis.dnn_probe] INFO:     Fold 5: R2=0.0494, RMSE=0.2816, MAE=0.2374 (train=188,685, test=48,377, epochs=100)
2026-07-29 00:06:42,137 [stage3_analysis.dnn_probe] INFO:   Overall OOF: R2=0.0415, RMSE=0.2791, MAE=0.2354
2026-07-29 00:06:42,140 [stage3_analysis.dnn_probe] INFO: 
--- Target: l (l) ---
2026-07-29 00:06:42,140 [stage3_analysis.dnn_probe] INFO:   y range: [0.2044, 15.1212], mean=1.4302
2026-07-29 00:06:42,140 [stage3_analysis.dnn_probe] INFO:   Using config defaults: hidden=32, layers=0, lr=0.0005
2026-07-29 00:06:42,140 [stage3_analysis.dnn_probe] INFO:   Evaluating with spatial CV...
2026-07-29 00:06:45,046 [stage3_analysis.dnn_probe] INFO:     Fold 1: R2=0.0189, RMSE=0.5072, MAE=0.3385 (train=188,831, test=48,231, epochs=84)
2026-07-29 00:06:47,122 [stage3_analysis.dnn_probe] INFO:     Fold 2: R2=0.0180, RMSE=0.4627, MAE=0.3158 (train=191,438, test=45,624, epochs=53)
2026-07-29 00:06:50,624 [stage3_analysis.dnn_probe] INFO:     Fold 3: R2=0.0234, RMSE=0.5242, MAE=0.3412 (train=188,206, test=48,856, epochs=100)
2026-07-29 00:06:54,096 [stage3_analysis.dnn_probe] INFO:     Fold 4: R2=0.0227, RMSE=0.4925, MAE=0.3318 (train=191,088, test=45,974, epochs=100)
2026-07-29 00:06:57,436 [stage3_analysis.dnn_probe] INFO:     Fold 5: R2=0.0336, RMSE=0.5499, MAE=0.3503 (train=188,685, test=48,377, epochs=86)
2026-07-29 00:06:57,444 [stage3_analysis.dnn_probe] INFO:   Overall OOF: R2=0.0249, RMSE=0.5088, MAE=0.3358
2026-07-29 00:06:57,447 [stage3_analysis.dnn_probe] INFO: 
--- Target: osr (osr) ---
2026-07-29 00:06:57,447 [stage3_analysis.dnn_probe] INFO:   y range: [0.0000, 100.0000], mean=4.2096
2026-07-29 00:06:57,447 [stage3_analysis.dnn_probe] INFO:   Using config defaults: hidden=32, layers=0, lr=0.0005
2026-07-29 00:06:57,447 [stage3_analysis.dnn_probe] INFO:   Evaluating with spatial CV...
2026-07-29 00:07:00,681 [stage3_analysis.dnn_probe] INFO:     Fold 1: R2=-0.0035, RMSE=9.1457, MAE=3.1271 (train=188,831, test=48,231, epochs=94)
2026-07-29 00:07:02,635 [stage3_analysis.dnn_probe] INFO:     Fold 2: R2=0.0007, RMSE=5.2083, MAE=2.3661 (train=191,438, test=45,624, epochs=50)
2026-07-29 00:07:04,784 [stage3_analysis.dnn_probe] INFO:     Fold 3: R2=0.0012, RMSE=5.8593, MAE=2.4662 (train=188,206, test=48,856, epochs=58)
2026-07-29 00:07:07,913 [stage3_analysis.dnn_probe] INFO:     Fold 4: R2=-0.0054, RMSE=5.4452, MAE=2.3886 (train=191,088, test=45,974, epochs=87)
2026-07-29 00:07:09,910 [stage3_analysis.dnn_probe] INFO:     Fold 5: R2=-0.0000, RMSE=5.9448, MAE=2.5086 (train=188,685, test=48,377, epochs=55)
2026-07-29 00:07:09,920 [stage3_analysis.dnn_probe] INFO:   Overall OOF: R2=0.0001, RMSE=6.5020, MAE=2.5750
2026-07-29 00:07:09,920 [stage3_analysis.dnn_probe] INFO: 
=== Summary ===
2026-07-29 00:07:09,920 [stage3_analysis.dnn_probe] INFO:   fsi (fsi): R2=0.0296, RMSE=0.4118
2026-07-29 00:07:09,920 [stage3_analysis.dnn_probe] INFO:   gsi (gsi): R2=0.0211, RMSE=0.1431
2026-07-29 00:07:09,920 [stage3_analysis.dnn_probe] INFO:   mxi (mxi): R2=0.0415, RMSE=0.2791
2026-07-29 00:07:09,920 [stage3_analysis.dnn_probe] INFO:   l (l): R2=0.0249, RMSE=0.5088
2026-07-29 00:07:09,920 [stage3_analysis.dnn_probe] INFO:   osr (osr): R2=0.0001, RMSE=6.5020
2026-07-29 00:07:09,968 [stage3_analysis.dnn_probe] INFO: Saved metrics summary to C:\Users\Bert Berkers\PycharmProjects\UrbanRepML\data\study_areas\netherlands\stage3_analysis\dnn_probe\2026-07-28\2026-07-28_accres_plain_s42_rudifun\metrics_summary.csv
2026-07-29 00:07:11,015 [stage3_analysis.dnn_probe] INFO: Saved predictions to C:\Users\Bert Berkers\PycharmProjects\UrbanRepML\data\study_areas\netherlands\stage3_analysis\dnn_probe\2026-07-28\2026-07-28_accres_plain_s42_rudifun
2026-07-29 00:07:11,016 [stage3_analysis.dnn_probe] INFO: Saved config to C:\Users\Bert Berkers\PycharmProjects\UrbanRepML\data\study_areas\netherlands\stage3_analysis\dnn_probe\2026-07-28\2026-07-28_accres_plain_s42_rudifun\config.json
2026-07-29 00:07:11,049 [stage3_analysis.dnn_probe] INFO: Saved run_info.json to C:\Users\Bert Berkers\PycharmProjects\UrbanRepML\data\study_areas\netherlands\stage3_analysis\dnn_probe\2026-07-28\2026-07-28_accres_plain_s42_rudifun\run_info.json
2026-07-29 00:07:11,119 [stage3_analysis.dnn_probe] INFO: Saved training curves to C:\Users\Bert Berkers\PycharmProjects\UrbanRepML\data\study_areas\netherlands\stage3_analysis\dnn_probe\2026-07-28\2026-07-28_accres_plain_s42_rudifun\training_curves (25 files)
[00:07:26]   rudifun/fsi: R2=+0.02963 CI=[-0.10343, +0.11202]
[00:07:39]   rudifun/gsi: R2=+0.02111 CI=[+0.01070, +0.03165]
[00:07:52]   rudifun/mxi: R2=+0.04146 CI=[+0.03747, +0.04540]
[00:08:04]   rudifun/l: R2=+0.02490 CI=[+0.00123, +0.04758]
[00:08:16]   rudifun/osr: R2=+0.00011 CI=[-0.04572, +0.04506]
[00:08:58]   rudifun FAMILY: R2=+0.02344 CI=[-0.00535, +0.04564] p=0.05039 (unadjusted)
[00:08:58] === RES-b plain s43 leefb ===
2026-07-29 00:08:59,172 [stage3_analysis.probe_utils] INFO: Seeded RNGs (random, numpy, torch, cuda) with seed=43
2026-07-29 00:08:59,172 [stage3_analysis.dnn_probe] INFO: === DNN Probe Regression (MLP) ===
2026-07-29 00:08:59,172 [stage3_analysis.dnn_probe] INFO: Study area: netherlands
2026-07-29 00:08:59,172 [stage3_analysis.dnn_probe] INFO: Year: 2022
2026-07-29 00:08:59,173 [stage3_analysis.dnn_probe] INFO: Device: cpu
2026-07-29 00:08:59,173 [stage3_analysis.dnn_probe] INFO: Architecture: MLP, hidden=32, layers=0
2026-07-29 00:08:59,173 [stage3_analysis.dnn_probe] INFO: Loading embeddings from C:\Users\Bert Berkers\PycharmProjects\UrbanRepML\data\study_areas\netherlands\acc_sharpening\2026-07-28\residual\plain_s43\residual.parquet
2026-07-29 00:08:59,366 [stage3_analysis.dnn_probe] INFO:   Embedding features: 64 (resid_0..resid_63)
2026-07-29 00:08:59,366 [stage3_analysis.dnn_probe] INFO:   Embedding rows: 482,706
2026-07-29 00:08:59,366 [stage3_analysis.dnn_probe] INFO: Loading target from C:\Users\Bert Berkers\PycharmProjects\UrbanRepML\data\study_areas\netherlands\target\leefbaarometer\leefbaarometer_h3res9_2022.parquet
2026-07-29 00:08:59,399 [stage3_analysis.dnn_probe] INFO:   Target rows: 131,194
2026-07-29 00:08:59,605 [stage3_analysis.dnn_probe] INFO:   Inner join: 131,194 hexagons with both embeddings and targets
2026-07-29 00:08:59,605 [stage3_analysis.probe_utils] INFO:   JOIN RATE: n_emb=482,706 n_target=131,194 n_join=131,194 rate_vs_emb=0.2718
2026-07-29 00:08:59,605 [stage3_analysis.probe_utils] WARNING: 
  ============================================================
  LOUD WARNING: probe join rate 27.2% < 95% threshold.
  Only 131,194 of 482,706 embedding hexagons matched a target row.
  This is the SILENT-SHRINK trap: stale old-grid embeddings vs
  new-grid targets inner-join to their intersection, yielding
  plausible-looking metrics over a shrunken sample. Trust these
  numbers ONLY if this is an explicitly old-grid-paired run.
  ============================================================
2026-07-29 00:08:59,611 [stage3_analysis.dnn_probe] INFO:   After dropna: 131,194 (dropped 0)
2026-07-29 00:08:59,611 [stage3_analysis.dnn_probe] INFO:   Loading regions from C:\Users\Bert Berkers\PycharmProjects\UrbanRepML\data\study_areas\netherlands\regions_gdf\netherlands_res9.parquet
2026-07-29 00:09:00,464 [stage3_analysis.dnn_probe] INFO:   After region join: 131,194 hexagons
2026-07-29 00:09:00,595 [stage3_analysis.dnn_probe] INFO: Creating spatial blocks: 5 folds, 10000m x 10000m
2026-07-29 00:09:00,982 [stage3_analysis.dnn_probe] INFO:   Created 445 spatial blocks across 5 folds
2026-07-29 00:09:01,057 [stage3_analysis.dnn_probe] WARNING:   2 points outside all blocks, assigning to fold 1
2026-07-29 00:09:01,071 [stage3_analysis.dnn_probe] INFO:   Fold sizes: {1: 27761, 2: 25997, 3: 25267, 4: 25476, 5: 26693}
2026-07-29 00:09:01,093 [stage3_analysis.dnn_probe] INFO: 
Feature matrix: (131194, 64)
2026-07-29 00:09:01,093 [stage3_analysis.dnn_probe] INFO: Targets: ['lbm', 'fys', 'onv', 'soc', 'vrz', 'won']
2026-07-29 00:09:01,094 [stage3_analysis.dnn_probe] INFO: 
--- Target: lbm (Overall Liveability) ---
2026-07-29 00:09:01,094 [stage3_analysis.dnn_probe] INFO:   y range: [3.4200, 5.0361], mean=4.1982
2026-07-29 00:09:01,094 [stage3_analysis.dnn_probe] INFO:   Using config defaults: hidden=32, layers=0, lr=0.0005
2026-07-29 00:09:01,094 [stage3_analysis.dnn_probe] INFO:   Evaluating with spatial CV...
2026-07-29 00:09:02,854 [stage3_analysis.dnn_probe] INFO:     Fold 1: R2=0.0101, RMSE=0.1152, MAE=0.0878 (train=103,433, test=27,761, epochs=87)
2026-07-29 00:09:04,420 [stage3_analysis.dnn_probe] INFO:     Fold 2: R2=0.0228, RMSE=0.1191, MAE=0.0907 (train=105,197, test=25,997, epochs=85)
2026-07-29 00:09:06,267 [stage3_analysis.dnn_probe] INFO:     Fold 3: R2=0.0083, RMSE=0.1335, MAE=0.0996 (train=105,927, test=25,267, epochs=100)
2026-07-29 00:09:07,915 [stage3_analysis.dnn_probe] INFO:     Fold 4: R2=0.0219, RMSE=0.1255, MAE=0.0959 (train=105,718, test=25,476, epochs=100)
2026-07-29 00:09:09,849 [stage3_analysis.dnn_probe] INFO:     Fold 5: R2=0.0221, RMSE=0.1220, MAE=0.0917 (train=104,501, test=26,693, epochs=90)
2026-07-29 00:09:09,854 [stage3_analysis.dnn_probe] INFO:   Overall OOF: R2=0.0192, RMSE=0.1230, MAE=0.0930
2026-07-29 00:09:09,855 [stage3_analysis.dnn_probe] INFO: 
--- Target: fys (Physical Environment) ---
2026-07-29 00:09:09,856 [stage3_analysis.dnn_probe] INFO:   y range: [-0.7443, 0.4637], mean=-0.0030
2026-07-29 00:09:09,856 [stage3_analysis.dnn_probe] INFO:   Using config defaults: hidden=32, layers=0, lr=0.0005
2026-07-29 00:09:09,856 [stage3_analysis.dnn_probe] INFO:   Evaluating with spatial CV...
2026-07-29 00:09:11,779 [stage3_analysis.dnn_probe] INFO:     Fold 1: R2=0.0360, RMSE=0.0633, MAE=0.0443 (train=103,433, test=27,761, epochs=100)
2026-07-29 00:09:13,656 [stage3_analysis.dnn_probe] INFO:     Fold 2: R2=0.0385, RMSE=0.0679, MAE=0.0480 (train=105,197, test=25,997, epochs=100)
2026-07-29 00:09:15,659 [stage3_analysis.dnn_probe] INFO:     Fold 3: R2=0.0464, RMSE=0.0690, MAE=0.0460 (train=105,927, test=25,267, epochs=100)
2026-07-29 00:09:17,503 [stage3_analysis.dnn_probe] INFO:     Fold 4: R2=0.0523, RMSE=0.0624, MAE=0.0442 (train=105,718, test=25,476, epochs=100)
2026-07-29 00:09:19,356 [stage3_analysis.dnn_probe] INFO:     Fold 5: R2=0.0321, RMSE=0.0641, MAE=0.0443 (train=104,501, test=26,693, epochs=100)
2026-07-29 00:09:19,360 [stage3_analysis.dnn_probe] INFO:   Overall OOF: R2=0.0420, RMSE=0.0654, MAE=0.0453
2026-07-29 00:09:19,362 [stage3_analysis.dnn_probe] INFO: 
--- Target: onv (Safety) ---
2026-07-29 00:09:19,362 [stage3_analysis.dnn_probe] INFO:   y range: [-0.4661, 0.1638], mean=0.0779
2026-07-29 00:09:19,362 [stage3_analysis.dnn_probe] INFO:   Using config defaults: hidden=32, layers=0, lr=0.0005
2026-07-29 00:09:19,362 [stage3_analysis.dnn_probe] INFO:   Evaluating with spatial CV...
2026-07-29 00:09:21,278 [stage3_analysis.dnn_probe] INFO:     Fold 1: R2=0.0390, RMSE=0.0582, MAE=0.0436 (train=103,433, test=27,761, epochs=100)
2026-07-29 00:09:23,210 [stage3_analysis.dnn_probe] INFO:     Fold 2: R2=0.0469, RMSE=0.0613, MAE=0.0452 (train=105,197, test=25,997, epochs=100)
2026-07-29 00:09:24,831 [stage3_analysis.dnn_probe] INFO:     Fold 3: R2=0.0345, RMSE=0.0674, MAE=0.0481 (train=105,927, test=25,267, epochs=100)
2026-07-29 00:09:26,796 [stage3_analysis.dnn_probe] INFO:     Fold 4: R2=0.0615, RMSE=0.0625, MAE=0.0454 (train=105,718, test=25,476, epochs=100)
2026-07-29 00:09:28,442 [stage3_analysis.dnn_probe] INFO:     Fold 5: R2=0.0870, RMSE=0.0643, MAE=0.0461 (train=104,501, test=26,693, epochs=91)
2026-07-29 00:09:28,447 [stage3_analysis.dnn_probe] INFO:   Overall OOF: R2=0.0563, RMSE=0.0627, MAE=0.0456
2026-07-29 00:09:28,448 [stage3_analysis.dnn_probe] INFO: 
--- Target: soc (Social Cohesion) ---
2026-07-29 00:09:28,448 [stage3_analysis.dnn_probe] INFO:   y range: [-0.4217, 0.4402], mean=0.0747
2026-07-29 00:09:28,448 [stage3_analysis.dnn_probe] INFO:   Using config defaults: hidden=32, layers=0, lr=0.0005
2026-07-29 00:09:28,448 [stage3_analysis.dnn_probe] INFO:   Evaluating with spatial CV...
2026-07-29 00:09:30,269 [stage3_analysis.dnn_probe] INFO:     Fold 1: R2=0.0414, RMSE=0.0545, MAE=0.0437 (train=103,433, test=27,761, epochs=91)
2026-07-29 00:09:32,269 [stage3_analysis.dnn_probe] INFO:     Fold 2: R2=0.0417, RMSE=0.0570, MAE=0.0453 (train=105,197, test=25,997, epochs=100)
2026-07-29 00:09:34,065 [stage3_analysis.dnn_probe] INFO:     Fold 3: R2=0.0241, RMSE=0.0584, MAE=0.0459 (train=105,927, test=25,267, epochs=100)
2026-07-29 00:09:35,943 [stage3_analysis.dnn_probe] INFO:     Fold 4: R2=0.0561, RMSE=0.0568, MAE=0.0452 (train=105,718, test=25,476, epochs=100)
2026-07-29 00:09:37,713 [stage3_analysis.dnn_probe] INFO:     Fold 5: R2=0.0635, RMSE=0.0583, MAE=0.0467 (train=104,501, test=26,693, epochs=100)
2026-07-29 00:09:37,719 [stage3_analysis.dnn_probe] INFO:   Overall OOF: R2=0.0477, RMSE=0.0570, MAE=0.0453
2026-07-29 00:09:37,720 [stage3_analysis.dnn_probe] INFO: 
--- Target: vrz (Amenities) ---
2026-07-29 00:09:37,720 [stage3_analysis.dnn_probe] INFO:   y range: [-0.3298, 0.6882], mean=-0.1153
2026-07-29 00:09:37,720 [stage3_analysis.dnn_probe] INFO:   Using config defaults: hidden=32, layers=0, lr=0.0005
2026-07-29 00:09:37,720 [stage3_analysis.dnn_probe] INFO:   Evaluating with spatial CV...
2026-07-29 00:09:39,381 [stage3_analysis.dnn_probe] INFO:     Fold 1: R2=0.0683, RMSE=0.0880, MAE=0.0713 (train=103,433, test=27,761, epochs=90)
2026-07-29 00:09:41,351 [stage3_analysis.dnn_probe] INFO:     Fold 2: R2=0.1061, RMSE=0.0967, MAE=0.0776 (train=105,197, test=25,997, epochs=100)
2026-07-29 00:09:43,472 [stage3_analysis.dnn_probe] INFO:     Fold 3: R2=0.1019, RMSE=0.0930, MAE=0.0732 (train=105,927, test=25,267, epochs=100)
2026-07-29 00:09:45,349 [stage3_analysis.dnn_probe] INFO:     Fold 4: R2=0.1280, RMSE=0.1060, MAE=0.0771 (train=105,718, test=25,476, epochs=100)
2026-07-29 00:09:47,291 [stage3_analysis.dnn_probe] INFO:     Fold 5: R2=0.1221, RMSE=0.0953, MAE=0.0755 (train=104,501, test=26,693, epochs=100)
2026-07-29 00:09:47,296 [stage3_analysis.dnn_probe] INFO:   Overall OOF: R2=0.1142, RMSE=0.0958, MAE=0.0749
2026-07-29 00:09:47,298 [stage3_analysis.dnn_probe] INFO: 
--- Target: won (Housing Quality) ---
2026-07-29 00:09:47,298 [stage3_analysis.dnn_probe] INFO:   y range: [-0.5287, 0.8859], mean=0.0616
2026-07-29 00:09:47,298 [stage3_analysis.dnn_probe] INFO:   Using config defaults: hidden=32, layers=0, lr=0.0005
2026-07-29 00:09:47,298 [stage3_analysis.dnn_probe] INFO:   Evaluating with spatial CV...
2026-07-29 00:09:48,910 [stage3_analysis.dnn_probe] INFO:     Fold 1: R2=0.0244, RMSE=0.0508, MAE=0.0381 (train=103,433, test=27,761, epochs=75)
2026-07-29 00:09:50,649 [stage3_analysis.dnn_probe] INFO:     Fold 2: R2=0.0258, RMSE=0.0499, MAE=0.0376 (train=105,197, test=25,997, epochs=91)
2026-07-29 00:09:52,514 [stage3_analysis.dnn_probe] INFO:     Fold 3: R2=0.0254, RMSE=0.0540, MAE=0.0402 (train=105,927, test=25,267, epochs=100)
2026-07-29 00:09:54,358 [stage3_analysis.dnn_probe] INFO:     Fold 4: R2=0.0331, RMSE=0.0516, MAE=0.0379 (train=105,718, test=25,476, epochs=100)
2026-07-29 00:09:56,258 [stage3_analysis.dnn_probe] INFO:     Fold 5: R2=0.0342, RMSE=0.0513, MAE=0.0380 (train=104,501, test=26,693, epochs=100)
2026-07-29 00:09:56,263 [stage3_analysis.dnn_probe] INFO:   Overall OOF: R2=0.0300, RMSE=0.0515, MAE=0.0383
2026-07-29 00:09:56,263 [stage3_analysis.dnn_probe] INFO: 
=== Summary ===
2026-07-29 00:09:56,263 [stage3_analysis.dnn_probe] INFO:   lbm (Overall Liveability): R2=0.0192, RMSE=0.1230
2026-07-29 00:09:56,263 [stage3_analysis.dnn_probe] INFO:   fys (Physical Environment): R2=0.0420, RMSE=0.0654
2026-07-29 00:09:56,263 [stage3_analysis.dnn_probe] INFO:   onv (Safety): R2=0.0563, RMSE=0.0627
2026-07-29 00:09:56,263 [stage3_analysis.dnn_probe] INFO:   soc (Social Cohesion): R2=0.0477, RMSE=0.0570
2026-07-29 00:09:56,263 [stage3_analysis.dnn_probe] INFO:   vrz (Amenities): R2=0.1142, RMSE=0.0958
2026-07-29 00:09:56,263 [stage3_analysis.dnn_probe] INFO:   won (Housing Quality): R2=0.0300, RMSE=0.0515
2026-07-29 00:09:56,318 [stage3_analysis.dnn_probe] INFO: Saved metrics summary to C:\Users\Bert Berkers\PycharmProjects\UrbanRepML\data\study_areas\netherlands\stage3_analysis\dnn_probe\2026-07-28\2026-07-28_accres_plain_s43_leefb\metrics_summary.csv
2026-07-29 00:09:57,380 [stage3_analysis.dnn_probe] INFO: Saved predictions to C:\Users\Bert Berkers\PycharmProjects\UrbanRepML\data\study_areas\netherlands\stage3_analysis\dnn_probe\2026-07-28\2026-07-28_accres_plain_s43_leefb
2026-07-29 00:09:57,383 [stage3_analysis.dnn_probe] INFO: Saved config to C:\Users\Bert Berkers\PycharmProjects\UrbanRepML\data\study_areas\netherlands\stage3_analysis\dnn_probe\2026-07-28\2026-07-28_accres_plain_s43_leefb\config.json
2026-07-29 00:09:57,402 [stage3_analysis.dnn_probe] INFO: Saved run_info.json to C:\Users\Bert Berkers\PycharmProjects\UrbanRepML\data\study_areas\netherlands\stage3_analysis\dnn_probe\2026-07-28\2026-07-28_accres_plain_s43_leefb\run_info.json
2026-07-29 00:09:57,536 [stage3_analysis.dnn_probe] INFO: Saved training curves to C:\Users\Bert Berkers\PycharmProjects\UrbanRepML\data\study_areas\netherlands\stage3_analysis\dnn_probe\2026-07-28\2026-07-28_accres_plain_s43_leefb\training_curves (30 files)
[00:10:09]   leefb/lbm: R2=+0.01917 CI=[+0.00911, +0.02920]
[00:10:15]   leefb/fys: R2=+0.04203 CI=[+0.02732, +0.05673]
[00:10:25]   leefb/onv: R2=+0.05633 CI=[+0.04290, +0.06965]
[00:10:34]   leefb/soc: R2=+0.04770 CI=[+0.03888, +0.05636]
[00:10:41]   leefb/vrz: R2=+0.11416 CI=[+0.10382, +0.12436]
[00:10:48]   leefb/won: R2=+0.03005 CI=[+0.01669, +0.04324]
[00:11:11]   leefb FAMILY: R2=+0.05157 CI=[+0.04473, +0.05857] p=0.00010 (unadjusted)
[00:11:11] === RES-b plain s43 rudifun ===
2026-07-29 00:11:12,394 [stage3_analysis.probe_utils] INFO: Seeded RNGs (random, numpy, torch, cuda) with seed=43
2026-07-29 00:11:12,395 [stage3_analysis.dnn_probe] INFO: === DNN Probe Regression (MLP) ===
2026-07-29 00:11:12,395 [stage3_analysis.dnn_probe] INFO: Study area: netherlands
2026-07-29 00:11:12,395 [stage3_analysis.dnn_probe] INFO: Year: 2022
2026-07-29 00:11:12,395 [stage3_analysis.dnn_probe] INFO: Device: cpu
2026-07-29 00:11:12,395 [stage3_analysis.dnn_probe] INFO: Architecture: MLP, hidden=32, layers=0
2026-07-29 00:11:12,395 [stage3_analysis.dnn_probe] INFO: Loading embeddings from C:\Users\Bert Berkers\PycharmProjects\UrbanRepML\data\study_areas\netherlands\acc_sharpening\2026-07-28\residual\plain_s43\residual.parquet
2026-07-29 00:11:12,637 [stage3_analysis.dnn_probe] INFO:   Embedding features: 64 (resid_0..resid_63)
2026-07-29 00:11:12,637 [stage3_analysis.dnn_probe] INFO:   Embedding rows: 482,706
2026-07-29 00:11:12,637 [stage3_analysis.dnn_probe] INFO: Loading target from C:\Users\Bert Berkers\PycharmProjects\UrbanRepML\data\study_areas\netherlands\target\rudifun\rudifun_h3res9_2022.parquet
2026-07-29 00:11:12,691 [stage3_analysis.dnn_probe] INFO:   Target rows: 238,072
2026-07-29 00:11:12,985 [stage3_analysis.dnn_probe] INFO:   Inner join: 238,072 hexagons with both embeddings and targets
2026-07-29 00:11:12,985 [stage3_analysis.probe_utils] INFO:   JOIN RATE: n_emb=482,706 n_target=238,072 n_join=238,072 rate_vs_emb=0.4932
2026-07-29 00:11:12,985 [stage3_analysis.probe_utils] WARNING: 
  ============================================================
  LOUD WARNING: probe join rate 49.3% < 95% threshold.
  Only 238,072 of 482,706 embedding hexagons matched a target row.
  This is the SILENT-SHRINK trap: stale old-grid embeddings vs
  new-grid targets inner-join to their intersection, yielding
  plausible-looking metrics over a shrunken sample. Trust these
  numbers ONLY if this is an explicitly old-grid-paired run.
  ============================================================
2026-07-29 00:11:13,046 [stage3_analysis.dnn_probe] INFO:   After dropna: 237,062 (dropped 1,010)
2026-07-29 00:11:13,046 [stage3_analysis.dnn_probe] INFO:   Loading regions from C:\Users\Bert Berkers\PycharmProjects\UrbanRepML\data\study_areas\netherlands\regions_gdf\netherlands_res9.parquet
2026-07-29 00:11:14,066 [stage3_analysis.dnn_probe] INFO:   After region join: 237,062 hexagons
2026-07-29 00:11:14,201 [stage3_analysis.dnn_probe] INFO: Creating spatial blocks: 5 folds, 10000m x 10000m
2026-07-29 00:11:14,880 [stage3_analysis.dnn_probe] INFO:   Created 461 spatial blocks across 5 folds
2026-07-29 00:11:15,014 [stage3_analysis.dnn_probe] WARNING:   2 points outside all blocks, assigning to fold 1
2026-07-29 00:11:15,041 [stage3_analysis.dnn_probe] INFO:   Fold sizes: {1: 47818, 2: 48325, 3: 47290, 4: 44557, 5: 49072}
2026-07-29 00:11:15,080 [stage3_analysis.dnn_probe] INFO: 
Feature matrix: (237062, 64)
2026-07-29 00:11:15,080 [stage3_analysis.dnn_probe] INFO: Targets: ['fsi', 'gsi', 'mxi', 'l', 'osr']
2026-07-29 00:11:15,082 [stage3_analysis.dnn_probe] INFO: 
--- Target: fsi (fsi) ---
2026-07-29 00:11:15,082 [stage3_analysis.dnn_probe] INFO:   y range: [0.0000, 46.7058], mean=0.3647
2026-07-29 00:11:15,082 [stage3_analysis.dnn_probe] INFO:   Using config defaults: hidden=32, layers=0, lr=0.0005
2026-07-29 00:11:15,082 [stage3_analysis.dnn_probe] INFO:   Evaluating with spatial CV...
2026-07-29 00:11:18,475 [stage3_analysis.dnn_probe] INFO:     Fold 1: R2=0.0536, RMSE=0.3914, MAE=0.2289 (train=189,244, test=47,818, epochs=100)
2026-07-29 00:11:19,675 [stage3_analysis.dnn_probe] INFO:     Fold 2: R2=-0.0811, RMSE=0.3219, MAE=0.2155 (train=188,737, test=48,325, epochs=23)
2026-07-29 00:11:22,512 [stage3_analysis.dnn_probe] INFO:     Fold 3: R2=0.0593, RMSE=0.4748, MAE=0.2544 (train=189,772, test=47,290, epochs=83)
2026-07-29 00:11:24,129 [stage3_analysis.dnn_probe] INFO:     Fold 4: R2=0.0240, RMSE=0.4101, MAE=0.2266 (train=192,505, test=44,557, epochs=33)
2026-07-29 00:11:27,541 [stage3_analysis.dnn_probe] INFO:     Fold 5: R2=0.0820, RMSE=0.4276, MAE=0.2422 (train=187,990, test=49,072, epochs=100)
2026-07-29 00:11:27,550 [stage3_analysis.dnn_probe] INFO:   Overall OOF: R2=0.0478, RMSE=0.4080, MAE=0.2336
2026-07-29 00:11:27,552 [stage3_analysis.dnn_probe] INFO: 
--- Target: gsi (gsi) ---
2026-07-29 00:11:27,552 [stage3_analysis.dnn_probe] INFO:   y range: [0.0000, 1.0000], mean=0.2314
2026-07-29 00:11:27,552 [stage3_analysis.dnn_probe] INFO:   Using config defaults: hidden=32, layers=0, lr=0.0005
2026-07-29 00:11:27,552 [stage3_analysis.dnn_probe] INFO:   Evaluating with spatial CV...
2026-07-29 00:11:30,425 [stage3_analysis.dnn_probe] INFO:     Fold 1: R2=0.0354, RMSE=0.1416, MAE=0.0999 (train=189,244, test=47,818, epochs=85)
2026-07-29 00:11:32,125 [stage3_analysis.dnn_probe] INFO:     Fold 2: R2=-0.0154, RMSE=0.1287, MAE=0.0954 (train=188,737, test=48,325, epochs=40)
2026-07-29 00:11:35,350 [stage3_analysis.dnn_probe] INFO:     Fold 3: R2=0.0101, RMSE=0.1493, MAE=0.1058 (train=189,772, test=47,290, epochs=100)
2026-07-29 00:11:38,831 [stage3_analysis.dnn_probe] INFO:     Fold 4: R2=0.0237, RMSE=0.1449, MAE=0.1038 (train=192,505, test=44,557, epochs=91)
2026-07-29 00:11:41,907 [stage3_analysis.dnn_probe] INFO:     Fold 5: R2=0.0355, RMSE=0.1487, MAE=0.1053 (train=187,990, test=49,072, epochs=83)
2026-07-29 00:11:41,917 [stage3_analysis.dnn_probe] INFO:   Overall OOF: R2=0.0248, RMSE=0.1428, MAE=0.1020
2026-07-29 00:11:41,922 [stage3_analysis.dnn_probe] INFO: 
--- Target: mxi (mxi) ---
2026-07-29 00:11:41,922 [stage3_analysis.dnn_probe] INFO:   y range: [0.0000, 1.0000], mean=0.4571
2026-07-29 00:11:41,922 [stage3_analysis.dnn_probe] INFO:   Using config defaults: hidden=32, layers=0, lr=0.0005
2026-07-29 00:11:41,922 [stage3_analysis.dnn_probe] INFO:   Evaluating with spatial CV...
2026-07-29 00:11:45,466 [stage3_analysis.dnn_probe] INFO:     Fold 1: R2=0.0272, RMSE=0.2687, MAE=0.2257 (train=189,244, test=47,818, epochs=100)
2026-07-29 00:11:47,275 [stage3_analysis.dnn_probe] INFO:     Fold 2: R2=0.0230, RMSE=0.2731, MAE=0.2305 (train=188,737, test=48,325, epochs=46)
2026-07-29 00:11:50,626 [stage3_analysis.dnn_probe] INFO:     Fold 3: R2=0.0411, RMSE=0.2916, MAE=0.2487 (train=189,772, test=47,290, epochs=100)
2026-07-29 00:11:53,889 [stage3_analysis.dnn_probe] INFO:     Fold 4: R2=0.0413, RMSE=0.2888, MAE=0.2437 (train=192,505, test=44,557, epochs=100)
2026-07-29 00:11:56,845 [stage3_analysis.dnn_probe] INFO:     Fold 5: R2=0.0409, RMSE=0.2770, MAE=0.2331 (train=187,990, test=49,072, epochs=77)
2026-07-29 00:11:56,855 [stage3_analysis.dnn_probe] INFO:   Overall OOF: R2=0.0368, RMSE=0.2798, MAE=0.2362
2026-07-29 00:11:56,860 [stage3_analysis.dnn_probe] INFO: 
--- Target: l (l) ---
2026-07-29 00:11:56,861 [stage3_analysis.dnn_probe] INFO:   y range: [0.2044, 15.1212], mean=1.4302
2026-07-29 00:11:56,861 [stage3_analysis.dnn_probe] INFO:   Using config defaults: hidden=32, layers=0, lr=0.0005
2026-07-29 00:11:56,861 [stage3_analysis.dnn_probe] INFO:   Evaluating with spatial CV...
2026-07-29 00:12:00,200 [stage3_analysis.dnn_probe] INFO:     Fold 1: R2=0.0450, RMSE=0.4809, MAE=0.3215 (train=189,244, test=47,818, epochs=94)
2026-07-29 00:12:01,784 [stage3_analysis.dnn_probe] INFO:     Fold 2: R2=-0.0610, RMSE=0.4299, MAE=0.3208 (train=188,737, test=48,325, epochs=30)
2026-07-29 00:12:05,184 [stage3_analysis.dnn_probe] INFO:     Fold 3: R2=0.0450, RMSE=0.5746, MAE=0.3678 (train=189,772, test=47,290, epochs=94)
2026-07-29 00:12:07,600 [stage3_analysis.dnn_probe] INFO:     Fold 4: R2=0.0229, RMSE=0.4902, MAE=0.3448 (train=192,505, test=44,557, epochs=59)
2026-07-29 00:12:10,333 [stage3_analysis.dnn_probe] INFO:     Fold 5: R2=0.0700, RMSE=0.5354, MAE=0.3441 (train=187,990, test=49,072, epochs=78)
2026-07-29 00:12:10,342 [stage3_analysis.dnn_probe] INFO:   Overall OOF: R2=0.0408, RMSE=0.5047, MAE=0.3396
2026-07-29 00:12:10,346 [stage3_analysis.dnn_probe] INFO: 
--- Target: osr (osr) ---
2026-07-29 00:12:10,346 [stage3_analysis.dnn_probe] INFO:   y range: [0.0000, 100.0000], mean=4.2096
2026-07-29 00:12:10,346 [stage3_analysis.dnn_probe] INFO:   Using config defaults: hidden=32, layers=0, lr=0.0005
2026-07-29 00:12:10,346 [stage3_analysis.dnn_probe] INFO:   Evaluating with spatial CV...
2026-07-29 00:12:13,234 [stage3_analysis.dnn_probe] INFO:     Fold 1: R2=0.0001, RMSE=5.0562, MAE=2.3259 (train=189,244, test=47,818, epochs=70)
2026-07-29 00:12:15,320 [stage3_analysis.dnn_probe] INFO:     Fold 2: R2=0.0093, RMSE=6.3151, MAE=2.4926 (train=188,737, test=48,325, epochs=54)
2026-07-29 00:12:18,183 [stage3_analysis.dnn_probe] INFO:     Fold 3: R2=-0.0059, RMSE=6.5651, MAE=2.6347 (train=189,772, test=47,290, epochs=70)
2026-07-29 00:12:20,115 [stage3_analysis.dnn_probe] INFO:     Fold 4: R2=0.0049, RMSE=8.6273, MAE=2.9593 (train=192,505, test=44,557, epochs=52)
2026-07-29 00:12:22,407 [stage3_analysis.dnn_probe] INFO:     Fold 5: R2=-0.0065, RMSE=5.5032, MAE=2.4947 (train=187,990, test=49,072, epochs=68)
2026-07-29 00:12:22,415 [stage3_analysis.dnn_probe] INFO:   Overall OOF: R2=0.0032, RMSE=6.4918, MAE=2.5755
2026-07-29 00:12:22,418 [stage3_analysis.dnn_probe] INFO: 
=== Summary ===
2026-07-29 00:12:22,418 [stage3_analysis.dnn_probe] INFO:   fsi (fsi): R2=0.0478, RMSE=0.4080
2026-07-29 00:12:22,418 [stage3_analysis.dnn_probe] INFO:   gsi (gsi): R2=0.0248, RMSE=0.1428
2026-07-29 00:12:22,418 [stage3_analysis.dnn_probe] INFO:   mxi (mxi): R2=0.0368, RMSE=0.2798
2026-07-29 00:12:22,418 [stage3_analysis.dnn_probe] INFO:   l (l): R2=0.0408, RMSE=0.5047
2026-07-29 00:12:22,418 [stage3_analysis.dnn_probe] INFO:   osr (osr): R2=0.0032, RMSE=6.4918
2026-07-29 00:12:22,467 [stage3_analysis.dnn_probe] INFO: Saved metrics summary to C:\Users\Bert Berkers\PycharmProjects\UrbanRepML\data\study_areas\netherlands\stage3_analysis\dnn_probe\2026-07-28\2026-07-28_accres_plain_s43_rudifun\metrics_summary.csv
2026-07-29 00:12:23,093 [stage3_analysis.dnn_probe] INFO: Saved predictions to C:\Users\Bert Berkers\PycharmProjects\UrbanRepML\data\study_areas\netherlands\stage3_analysis\dnn_probe\2026-07-28\2026-07-28_accres_plain_s43_rudifun
2026-07-29 00:12:23,094 [stage3_analysis.dnn_probe] INFO: Saved config to C:\Users\Bert Berkers\PycharmProjects\UrbanRepML\data\study_areas\netherlands\stage3_analysis\dnn_probe\2026-07-28\2026-07-28_accres_plain_s43_rudifun\config.json
2026-07-29 00:12:23,106 [stage3_analysis.dnn_probe] INFO: Saved run_info.json to C:\Users\Bert Berkers\PycharmProjects\UrbanRepML\data\study_areas\netherlands\stage3_analysis\dnn_probe\2026-07-28\2026-07-28_accres_plain_s43_rudifun\run_info.json
2026-07-29 00:12:23,167 [stage3_analysis.dnn_probe] INFO: Saved training curves to C:\Users\Bert Berkers\PycharmProjects\UrbanRepML\data\study_areas\netherlands\stage3_analysis\dnn_probe\2026-07-28\2026-07-28_accres_plain_s43_rudifun\training_curves (25 files)
[00:12:52]   rudifun/fsi: R2=+0.04780 CI=[-0.08478, +0.12939]
[00:13:05]   rudifun/gsi: R2=+0.02480 CI=[+0.01449, +0.03516]
[00:13:18]   rudifun/mxi: R2=+0.03682 CI=[+0.03274, +0.04074]
[00:13:41]   rudifun/l: R2=+0.04084 CI=[+0.01788, +0.06291]
[00:13:57]   rudifun/osr: R2=+0.00325 CI=[-0.04238, +0.04803]
[00:14:32]   rudifun FAMILY: R2=+0.03070 CI=[+0.00211, +0.05269] p=0.00470 (unadjusted)
[00:14:32] === RES-b plain s44 leefb ===
2026-07-29 00:14:32,599 [stage3_analysis.probe_utils] INFO: Seeded RNGs (random, numpy, torch, cuda) with seed=44
2026-07-29 00:14:32,599 [stage3_analysis.dnn_probe] INFO: === DNN Probe Regression (MLP) ===
2026-07-29 00:14:32,599 [stage3_analysis.dnn_probe] INFO: Study area: netherlands
2026-07-29 00:14:32,600 [stage3_analysis.dnn_probe] INFO: Year: 2022
2026-07-29 00:14:32,600 [stage3_analysis.dnn_probe] INFO: Device: cpu
2026-07-29 00:14:32,600 [stage3_analysis.dnn_probe] INFO: Architecture: MLP, hidden=32, layers=0
2026-07-29 00:14:32,600 [stage3_analysis.dnn_probe] INFO: Loading embeddings from C:\Users\Bert Berkers\PycharmProjects\UrbanRepML\data\study_areas\netherlands\acc_sharpening\2026-07-28\residual\plain_s44\residual.parquet
2026-07-29 00:14:33,016 [stage3_analysis.dnn_probe] INFO:   Embedding features: 64 (resid_0..resid_63)
2026-07-29 00:14:33,016 [stage3_analysis.dnn_probe] INFO:   Embedding rows: 482,706
2026-07-29 00:14:33,018 [stage3_analysis.dnn_probe] INFO: Loading target from C:\Users\Bert Berkers\PycharmProjects\UrbanRepML\data\study_areas\netherlands\target\leefbaarometer\leefbaarometer_h3res9_2022.parquet
2026-07-29 00:14:33,097 [stage3_analysis.dnn_probe] INFO:   Target rows: 131,194
2026-07-29 00:14:33,833 [stage3_analysis.dnn_probe] INFO:   Inner join: 131,194 hexagons with both embeddings and targets
2026-07-29 00:14:33,834 [stage3_analysis.probe_utils] INFO:   JOIN RATE: n_emb=482,706 n_target=131,194 n_join=131,194 rate_vs_emb=0.2718
2026-07-29 00:14:33,834 [stage3_analysis.probe_utils] WARNING: 
  ============================================================
  LOUD WARNING: probe join rate 27.2% < 95% threshold.
  Only 131,194 of 482,706 embedding hexagons matched a target row.
  This is the SILENT-SHRINK trap: stale old-grid embeddings vs
  new-grid targets inner-join to their intersection, yielding
  plausible-looking metrics over a shrunken sample. Trust these
  numbers ONLY if this is an explicitly old-grid-paired run.
  ============================================================
2026-07-29 00:14:33,854 [stage3_analysis.dnn_probe] INFO:   After dropna: 131,194 (dropped 0)
2026-07-29 00:14:33,856 [stage3_analysis.dnn_probe] INFO:   Loading regions from C:\Users\Bert Berkers\PycharmProjects\UrbanRepML\data\study_areas\netherlands\regions_gdf\netherlands_res9.parquet
2026-07-29 00:14:37,237 [stage3_analysis.dnn_probe] INFO:   After region join: 131,194 hexagons
2026-07-29 00:14:37,727 [stage3_analysis.dnn_probe] INFO: Creating spatial blocks: 5 folds, 10000m x 10000m
2026-07-29 00:14:38,441 [stage3_analysis.dnn_probe] INFO:   Created 445 spatial blocks across 5 folds
2026-07-29 00:14:38,533 [stage3_analysis.dnn_probe] WARNING:   2 points outside all blocks, assigning to fold 1
2026-07-29 00:14:38,553 [stage3_analysis.dnn_probe] INFO:   Fold sizes: {1: 28050, 2: 26058, 3: 24065, 4: 25331, 5: 27690}
2026-07-29 00:14:38,585 [stage3_analysis.dnn_probe] INFO: 
Feature matrix: (131194, 64)
2026-07-29 00:14:38,585 [stage3_analysis.dnn_probe] INFO: Targets: ['lbm', 'fys', 'onv', 'soc', 'vrz', 'won']
2026-07-29 00:14:38,586 [stage3_analysis.dnn_probe] INFO: 
--- Target: lbm (Overall Liveability) ---
2026-07-29 00:14:38,587 [stage3_analysis.dnn_probe] INFO:   y range: [3.4200, 5.0361], mean=4.1982
2026-07-29 00:14:38,587 [stage3_analysis.dnn_probe] INFO:   Using config defaults: hidden=32, layers=0, lr=0.0005
2026-07-29 00:14:38,587 [stage3_analysis.dnn_probe] INFO:   Evaluating with spatial CV...
2026-07-29 00:14:39,708 [stage3_analysis.dnn_probe] INFO:     Fold 1: R2=0.0111, RMSE=0.1142, MAE=0.0876 (train=103,144, test=28,050, epochs=53)
2026-07-29 00:14:41,633 [stage3_analysis.dnn_probe] INFO:     Fold 2: R2=0.0271, RMSE=0.1248, MAE=0.0942 (train=105,136, test=26,058, epochs=100)
2026-07-29 00:14:43,610 [stage3_analysis.dnn_probe] INFO:     Fold 3: R2=0.0230, RMSE=0.1270, MAE=0.0969 (train=107,129, test=24,065, epochs=100)
2026-07-29 00:14:45,186 [stage3_analysis.dnn_probe] INFO:     Fold 4: R2=0.0315, RMSE=0.1234, MAE=0.0923 (train=105,863, test=25,331, epochs=75)
2026-07-29 00:14:46,893 [stage3_analysis.dnn_probe] INFO:     Fold 5: R2=0.0015, RMSE=0.1254, MAE=0.0941 (train=103,504, test=27,690, epochs=100)
2026-07-29 00:14:46,897 [stage3_analysis.dnn_probe] INFO:   Overall OOF: R2=0.0218, RMSE=0.1229, MAE=0.0929
2026-07-29 00:14:46,899 [stage3_analysis.dnn_probe] INFO: 
--- Target: fys (Physical Environment) ---
2026-07-29 00:14:46,899 [stage3_analysis.dnn_probe] INFO:   y range: [-0.7443, 0.4637], mean=-0.0030
2026-07-29 00:14:46,899 [stage3_analysis.dnn_probe] INFO:   Using config defaults: hidden=32, layers=0, lr=0.0005
2026-07-29 00:14:46,899 [stage3_analysis.dnn_probe] INFO:   Evaluating with spatial CV...
2026-07-29 00:14:48,907 [stage3_analysis.dnn_probe] INFO:     Fold 1: R2=0.0441, RMSE=0.0640, MAE=0.0444 (train=103,144, test=28,050, epochs=100)
2026-07-29 00:14:50,871 [stage3_analysis.dnn_probe] INFO:     Fold 2: R2=0.0406, RMSE=0.0644, MAE=0.0429 (train=105,136, test=26,058, epochs=100)
2026-07-29 00:14:52,671 [stage3_analysis.dnn_probe] INFO:     Fold 3: R2=0.0483, RMSE=0.0662, MAE=0.0460 (train=107,129, test=24,065, epochs=100)
2026-07-29 00:14:54,678 [stage3_analysis.dnn_probe] INFO:     Fold 4: R2=0.0383, RMSE=0.0649, MAE=0.0459 (train=105,863, test=25,331, epochs=100)
2026-07-29 00:14:56,671 [stage3_analysis.dnn_probe] INFO:     Fold 5: R2=0.0253, RMSE=0.0675, MAE=0.0466 (train=103,504, test=27,690, epochs=100)
2026-07-29 00:14:56,676 [stage3_analysis.dnn_probe] INFO:   Overall OOF: R2=0.0399, RMSE=0.0654, MAE=0.0452
2026-07-29 00:14:56,678 [stage3_analysis.dnn_probe] INFO: 
--- Target: onv (Safety) ---
2026-07-29 00:14:56,678 [stage3_analysis.dnn_probe] INFO:   y range: [-0.4661, 0.1638], mean=0.0779
2026-07-29 00:14:56,678 [stage3_analysis.dnn_probe] INFO:   Using config defaults: hidden=32, layers=0, lr=0.0005
2026-07-29 00:14:56,678 [stage3_analysis.dnn_probe] INFO:   Evaluating with spatial CV...
2026-07-29 00:14:58,034 [stage3_analysis.dnn_probe] INFO:     Fold 1: R2=-0.0176, RMSE=0.0564, MAE=0.0429 (train=103,144, test=28,050, epochs=66)
2026-07-29 00:14:59,808 [stage3_analysis.dnn_probe] INFO:     Fold 2: R2=0.0412, RMSE=0.0660, MAE=0.0475 (train=105,136, test=26,058, epochs=100)
2026-07-29 00:15:01,672 [stage3_analysis.dnn_probe] INFO:     Fold 3: R2=0.0356, RMSE=0.0682, MAE=0.0477 (train=107,129, test=24,065, epochs=100)
2026-07-29 00:15:03,798 [stage3_analysis.dnn_probe] INFO:     Fold 4: R2=0.0174, RMSE=0.0620, MAE=0.0446 (train=105,863, test=25,331, epochs=100)
2026-07-29 00:15:05,485 [stage3_analysis.dnn_probe] INFO:     Fold 5: R2=0.0346, RMSE=0.0655, MAE=0.0468 (train=103,504, test=27,690, epochs=88)
2026-07-29 00:15:05,490 [stage3_analysis.dnn_probe] INFO:   Overall OOF: R2=0.0293, RMSE=0.0636, MAE=0.0458
2026-07-29 00:15:05,491 [stage3_analysis.dnn_probe] INFO: 
--- Target: soc (Social Cohesion) ---
2026-07-29 00:15:05,491 [stage3_analysis.dnn_probe] INFO:   y range: [-0.4217, 0.4402], mean=0.0747
2026-07-29 00:15:05,491 [stage3_analysis.dnn_probe] INFO:   Using config defaults: hidden=32, layers=0, lr=0.0005
2026-07-29 00:15:05,492 [stage3_analysis.dnn_probe] INFO:   Evaluating with spatial CV...
2026-07-29 00:15:06,806 [stage3_analysis.dnn_probe] INFO:     Fold 1: R2=0.0056, RMSE=0.0526, MAE=0.0422 (train=103,144, test=28,050, epochs=61)
2026-07-29 00:15:08,622 [stage3_analysis.dnn_probe] INFO:     Fold 2: R2=0.0473, RMSE=0.0593, MAE=0.0463 (train=105,136, test=26,058, epochs=100)
2026-07-29 00:15:10,673 [stage3_analysis.dnn_probe] INFO:     Fold 3: R2=0.0501, RMSE=0.0577, MAE=0.0448 (train=107,129, test=24,065, epochs=100)
2026-07-29 00:15:11,980 [stage3_analysis.dnn_probe] INFO:     Fold 4: R2=0.0333, RMSE=0.0566, MAE=0.0441 (train=105,863, test=25,331, epochs=64)
2026-07-29 00:15:13,371 [stage3_analysis.dnn_probe] INFO:     Fold 5: R2=0.0344, RMSE=0.0603, MAE=0.0467 (train=103,504, test=27,690, epochs=62)
2026-07-29 00:15:13,376 [stage3_analysis.dnn_probe] INFO:   Overall OOF: R2=0.0377, RMSE=0.0573, MAE=0.0448
2026-07-29 00:15:13,377 [stage3_analysis.dnn_probe] INFO: 
--- Target: vrz (Amenities) ---
2026-07-29 00:15:13,377 [stage3_analysis.dnn_probe] INFO:   y range: [-0.3298, 0.6882], mean=-0.1153
2026-07-29 00:15:13,377 [stage3_analysis.dnn_probe] INFO:   Using config defaults: hidden=32, layers=0, lr=0.0005
2026-07-29 00:15:13,377 [stage3_analysis.dnn_probe] INFO:   Evaluating with spatial CV...
2026-07-29 00:15:14,139 [stage3_analysis.dnn_probe] INFO:     Fold 1: R2=-0.1028, RMSE=0.0801, MAE=0.0658 (train=103,144, test=28,050, epochs=35)
2026-07-29 00:15:15,804 [stage3_analysis.dnn_probe] INFO:     Fold 2: R2=0.0379, RMSE=0.1008, MAE=0.0811 (train=105,136, test=26,058, epochs=100)
2026-07-29 00:15:17,525 [stage3_analysis.dnn_probe] INFO:     Fold 3: R2=0.0490, RMSE=0.1014, MAE=0.0777 (train=107,129, test=24,065, epochs=100)
2026-07-29 00:15:19,379 [stage3_analysis.dnn_probe] INFO:     Fold 4: R2=0.0096, RMSE=0.0972, MAE=0.0775 (train=105,863, test=25,331, epochs=100)
2026-07-29 00:15:21,274 [stage3_analysis.dnn_probe] INFO:     Fold 5: R2=0.0477, RMSE=0.1187, MAE=0.0829 (train=103,504, test=27,690, epochs=100)
2026-07-29 00:15:21,279 [stage3_analysis.dnn_probe] INFO:   Overall OOF: R2=0.0281, RMSE=0.1004, MAE=0.0769
2026-07-29 00:15:21,280 [stage3_analysis.dnn_probe] INFO: 
--- Target: won (Housing Quality) ---
2026-07-29 00:15:21,280 [stage3_analysis.dnn_probe] INFO:   y range: [-0.5287, 0.8859], mean=0.0616
2026-07-29 00:15:21,280 [stage3_analysis.dnn_probe] INFO:   Using config defaults: hidden=32, layers=0, lr=0.0005
2026-07-29 00:15:21,280 [stage3_analysis.dnn_probe] INFO:   Evaluating with spatial CV...
2026-07-29 00:15:22,615 [stage3_analysis.dnn_probe] INFO:     Fold 1: R2=0.0114, RMSE=0.0469, MAE=0.0351 (train=103,144, test=28,050, epochs=79)
2026-07-29 00:15:24,526 [stage3_analysis.dnn_probe] INFO:     Fold 2: R2=0.0344, RMSE=0.0511, MAE=0.0384 (train=105,136, test=26,058, epochs=100)
2026-07-29 00:15:26,254 [stage3_analysis.dnn_probe] INFO:     Fold 3: R2=0.0185, RMSE=0.0539, MAE=0.0388 (train=107,129, test=24,065, epochs=86)
2026-07-29 00:15:28,025 [stage3_analysis.dnn_probe] INFO:     Fold 4: R2=0.0364, RMSE=0.0527, MAE=0.0389 (train=105,863, test=25,331, epochs=86)
2026-07-29 00:15:29,398 [stage3_analysis.dnn_probe] INFO:     Fold 5: R2=0.0109, RMSE=0.0538, MAE=0.0387 (train=103,504, test=27,690, epochs=74)
2026-07-29 00:15:29,403 [stage3_analysis.dnn_probe] INFO:   Overall OOF: R2=0.0240, RMSE=0.0517, MAE=0.0379
2026-07-29 00:15:29,403 [stage3_analysis.dnn_probe] INFO: 
=== Summary ===
2026-07-29 00:15:29,403 [stage3_analysis.dnn_probe] INFO:   lbm (Overall Liveability): R2=0.0218, RMSE=0.1229
2026-07-29 00:15:29,403 [stage3_analysis.dnn_probe] INFO:   fys (Physical Environment): R2=0.0399, RMSE=0.0654
2026-07-29 00:15:29,403 [stage3_analysis.dnn_probe] INFO:   onv (Safety): R2=0.0293, RMSE=0.0636
2026-07-29 00:15:29,403 [stage3_analysis.dnn_probe] INFO:   soc (Social Cohesion): R2=0.0377, RMSE=0.0573
2026-07-29 00:15:29,403 [stage3_analysis.dnn_probe] INFO:   vrz (Amenities): R2=0.0281, RMSE=0.1004
2026-07-29 00:15:29,403 [stage3_analysis.dnn_probe] INFO:   won (Housing Quality): R2=0.0240, RMSE=0.0517
2026-07-29 00:15:29,453 [stage3_analysis.dnn_probe] INFO: Saved metrics summary to C:\Users\Bert Berkers\PycharmProjects\UrbanRepML\data\study_areas\netherlands\stage3_analysis\dnn_probe\2026-07-28\2026-07-28_accres_plain_s44_leefb\metrics_summary.csv
2026-07-29 00:15:29,928 [stage3_analysis.dnn_probe] INFO: Saved predictions to C:\Users\Bert Berkers\PycharmProjects\UrbanRepML\data\study_areas\netherlands\stage3_analysis\dnn_probe\2026-07-28\2026-07-28_accres_plain_s44_leefb
2026-07-29 00:15:29,929 [stage3_analysis.dnn_probe] INFO: Saved config to C:\Users\Bert Berkers\PycharmProjects\UrbanRepML\data\study_areas\netherlands\stage3_analysis\dnn_probe\2026-07-28\2026-07-28_accres_plain_s44_leefb\config.json
2026-07-29 00:15:29,941 [stage3_analysis.dnn_probe] INFO: Saved run_info.json to C:\Users\Bert Berkers\PycharmProjects\UrbanRepML\data\study_areas\netherlands\stage3_analysis\dnn_probe\2026-07-28\2026-07-28_accres_plain_s44_leefb\run_info.json
2026-07-29 00:15:30,004 [stage3_analysis.dnn_probe] INFO: Saved training curves to C:\Users\Bert Berkers\PycharmProjects\UrbanRepML\data\study_areas\netherlands\stage3_analysis\dnn_probe\2026-07-28\2026-07-28_accres_plain_s44_leefb\training_curves (30 files)
[ledger_append WARN] run_id='stage3-dnn_probe-20260728T221529-320c645b' already in ledger — skipping duplicate append.
[00:15:36]   leefb/lbm: R2=+0.02183 CI=[+0.01176, +0.03180]
[00:15:43]   leefb/fys: R2=+0.03987 CI=[+0.02461, +0.05481]
[00:15:49]   leefb/onv: R2=+0.02932 CI=[+0.01537, +0.04342]
[00:15:56]   leefb/soc: R2=+0.03768 CI=[+0.02856, +0.04688]
[00:16:08]   leefb/vrz: R2=+0.02809 CI=[+0.01576, +0.04025]
[00:16:23]   leefb/won: R2=+0.02396 CI=[+0.01023, +0.03765]
[00:16:43]   leefb FAMILY: R2=+0.03012 CI=[+0.02282, +0.03762] p=0.00010 (unadjusted)
[00:16:43] === RES-b plain s44 rudifun ===
2026-07-29 00:16:44,044 [stage3_analysis.probe_utils] INFO: Seeded RNGs (random, numpy, torch, cuda) with seed=44
2026-07-29 00:16:44,044 [stage3_analysis.dnn_probe] INFO: === DNN Probe Regression (MLP) ===
2026-07-29 00:16:44,044 [stage3_analysis.dnn_probe] INFO: Study area: netherlands
2026-07-29 00:16:44,044 [stage3_analysis.dnn_probe] INFO: Year: 2022
2026-07-29 00:16:44,044 [stage3_analysis.dnn_probe] INFO: Device: cpu
2026-07-29 00:16:44,044 [stage3_analysis.dnn_probe] INFO: Architecture: MLP, hidden=32, layers=0
2026-07-29 00:16:44,044 [stage3_analysis.dnn_probe] INFO: Loading embeddings from C:\Users\Bert Berkers\PycharmProjects\UrbanRepML\data\study_areas\netherlands\acc_sharpening\2026-07-28\residual\plain_s44\residual.parquet
2026-07-29 00:16:44,240 [stage3_analysis.dnn_probe] INFO:   Embedding features: 64 (resid_0..resid_63)
2026-07-29 00:16:44,240 [stage3_analysis.dnn_probe] INFO:   Embedding rows: 482,706
2026-07-29 00:16:44,241 [stage3_analysis.dnn_probe] INFO: Loading target from C:\Users\Bert Berkers\PycharmProjects\UrbanRepML\data\study_areas\netherlands\target\rudifun\rudifun_h3res9_2022.parquet
2026-07-29 00:16:44,397 [stage3_analysis.dnn_probe] INFO:   Target rows: 238,072
2026-07-29 00:16:45,468 [stage3_analysis.dnn_probe] INFO:   Inner join: 238,072 hexagons with both embeddings and targets
2026-07-29 00:16:45,469 [stage3_analysis.probe_utils] INFO:   JOIN RATE: n_emb=482,706 n_target=238,072 n_join=238,072 rate_vs_emb=0.4932
2026-07-29 00:16:45,469 [stage3_analysis.probe_utils] WARNING: 
  ============================================================
  LOUD WARNING: probe join rate 49.3% < 95% threshold.
  Only 238,072 of 482,706 embedding hexagons matched a target row.
  This is the SILENT-SHRINK trap: stale old-grid embeddings vs
  new-grid targets inner-join to their intersection, yielding
  plausible-looking metrics over a shrunken sample. Trust these
  numbers ONLY if this is an explicitly old-grid-paired run.
  ============================================================
2026-07-29 00:16:45,679 [stage3_analysis.dnn_probe] INFO:   After dropna: 237,062 (dropped 1,010)
2026-07-29 00:16:45,681 [stage3_analysis.dnn_probe] INFO:   Loading regions from C:\Users\Bert Berkers\PycharmProjects\UrbanRepML\data\study_areas\netherlands\regions_gdf\netherlands_res9.parquet
2026-07-29 00:16:49,189 [stage3_analysis.dnn_probe] INFO:   After region join: 237,062 hexagons
2026-07-29 00:16:49,655 [stage3_analysis.dnn_probe] INFO: Creating spatial blocks: 5 folds, 10000m x 10000m
2026-07-29 00:16:50,324 [stage3_analysis.dnn_probe] INFO:   Created 461 spatial blocks across 5 folds
2026-07-29 00:16:50,457 [stage3_analysis.dnn_probe] WARNING:   2 points outside all blocks, assigning to fold 1
2026-07-29 00:16:50,485 [stage3_analysis.dnn_probe] INFO:   Fold sizes: {1: 47897, 2: 46046, 3: 45078, 4: 48963, 5: 49078}
2026-07-29 00:16:50,522 [stage3_analysis.dnn_probe] INFO: 
Feature matrix: (237062, 64)
2026-07-29 00:16:50,522 [stage3_analysis.dnn_probe] INFO: Targets: ['fsi', 'gsi', 'mxi', 'l', 'osr']
2026-07-29 00:16:50,524 [stage3_analysis.dnn_probe] INFO: 
--- Target: fsi (fsi) ---
2026-07-29 00:16:50,524 [stage3_analysis.dnn_probe] INFO:   y range: [0.0000, 46.7058], mean=0.3647
2026-07-29 00:16:50,524 [stage3_analysis.dnn_probe] INFO:   Using config defaults: hidden=32, layers=0, lr=0.0005
2026-07-29 00:16:50,524 [stage3_analysis.dnn_probe] INFO:   Evaluating with spatial CV...
2026-07-29 00:16:52,034 [stage3_analysis.dnn_probe] INFO:     Fold 1: R2=-0.0172, RMSE=0.3471, MAE=0.2187 (train=189,165, test=47,897, epochs=35)
2026-07-29 00:16:55,261 [stage3_analysis.dnn_probe] INFO:     Fold 2: R2=0.0550, RMSE=0.4022, MAE=0.2327 (train=191,016, test=46,046, epochs=91)
2026-07-29 00:16:57,616 [stage3_analysis.dnn_probe] INFO:     Fold 3: R2=0.0408, RMSE=0.3932, MAE=0.2273 (train=191,984, test=45,078, epochs=63)
2026-07-29 00:17:00,546 [stage3_analysis.dnn_probe] INFO:     Fold 4: R2=0.0240, RMSE=0.4800, MAE=0.2330 (train=188,099, test=48,963, epochs=83)
2026-07-29 00:17:03,823 [stage3_analysis.dnn_probe] INFO:     Fold 5: R2=0.0375, RMSE=0.4208, MAE=0.2433 (train=187,984, test=49,078, epochs=100)
2026-07-29 00:17:03,831 [stage3_analysis.dnn_probe] INFO:   Overall OOF: R2=0.0308, RMSE=0.4116, MAE=0.2311
2026-07-29 00:17:03,833 [stage3_analysis.dnn_probe] INFO: 
--- Target: gsi (gsi) ---
2026-07-29 00:17:03,834 [stage3_analysis.dnn_probe] INFO:   y range: [0.0000, 1.0000], mean=0.2314
2026-07-29 00:17:03,834 [stage3_analysis.dnn_probe] INFO:   Using config defaults: hidden=32, layers=0, lr=0.0005
2026-07-29 00:17:03,834 [stage3_analysis.dnn_probe] INFO:   Evaluating with spatial CV...
2026-07-29 00:17:05,516 [stage3_analysis.dnn_probe] INFO:     Fold 1: R2=-0.0110, RMSE=0.1330, MAE=0.0966 (train=189,165, test=47,897, epochs=36)
2026-07-29 00:17:08,245 [stage3_analysis.dnn_probe] INFO:     Fold 2: R2=0.0363, RMSE=0.1485, MAE=0.1066 (train=191,016, test=46,046, epochs=76)
2026-07-29 00:17:10,768 [stage3_analysis.dnn_probe] INFO:     Fold 3: R2=0.0291, RMSE=0.1455, MAE=0.1006 (train=191,984, test=45,078, epochs=65)
2026-07-29 00:17:13,145 [stage3_analysis.dnn_probe] INFO:     Fold 4: R2=0.0073, RMSE=0.1427, MAE=0.1009 (train=188,099, test=48,963, epochs=62)
2026-07-29 00:17:15,996 [stage3_analysis.dnn_probe] INFO:     Fold 5: R2=0.0321, RMSE=0.1457, MAE=0.1041 (train=187,984, test=49,078, epochs=84)
2026-07-29 00:17:16,005 [stage3_analysis.dnn_probe] INFO:   Overall OOF: R2=0.0206, RMSE=0.1431, MAE=0.1017
2026-07-29 00:17:16,010 [stage3_analysis.dnn_probe] INFO: 
--- Target: mxi (mxi) ---
2026-07-29 00:17:16,010 [stage3_analysis.dnn_probe] INFO:   y range: [0.0000, 1.0000], mean=0.4571
2026-07-29 00:17:16,010 [stage3_analysis.dnn_probe] INFO:   Using config defaults: hidden=32, layers=0, lr=0.0005
2026-07-29 00:17:16,010 [stage3_analysis.dnn_probe] INFO:   Evaluating with spatial CV...
2026-07-29 00:17:18,979 [stage3_analysis.dnn_probe] INFO:     Fold 1: R2=0.0562, RMSE=0.2770, MAE=0.2337 (train=189,165, test=47,897, epochs=83)
2026-07-29 00:17:22,704 [stage3_analysis.dnn_probe] INFO:     Fold 2: R2=0.0341, RMSE=0.2798, MAE=0.2374 (train=191,016, test=46,046, epochs=100)
2026-07-29 00:17:25,227 [stage3_analysis.dnn_probe] INFO:     Fold 3: R2=0.0342, RMSE=0.2742, MAE=0.2325 (train=191,984, test=45,078, epochs=62)
2026-07-29 00:17:28,811 [stage3_analysis.dnn_probe] INFO:     Fold 4: R2=0.0459, RMSE=0.2782, MAE=0.2335 (train=188,099, test=48,963, epochs=100)
2026-07-29 00:17:31,976 [stage3_analysis.dnn_probe] INFO:     Fold 5: R2=0.0480, RMSE=0.2834, MAE=0.2401 (train=187,984, test=49,078, epochs=95)
2026-07-29 00:17:31,985 [stage3_analysis.dnn_probe] INFO:   Overall OOF: R2=0.0450, RMSE=0.2786, MAE=0.2355
2026-07-29 00:17:31,987 [stage3_analysis.dnn_probe] INFO: 
--- Target: l (l) ---
2026-07-29 00:17:31,987 [stage3_analysis.dnn_probe] INFO:   y range: [0.2044, 15.1212], mean=1.4302
2026-07-29 00:17:31,987 [stage3_analysis.dnn_probe] INFO:   Using config defaults: hidden=32, layers=0, lr=0.0005
2026-07-29 00:17:31,987 [stage3_analysis.dnn_probe] INFO:   Evaluating with spatial CV...
2026-07-29 00:17:33,092 [stage3_analysis.dnn_probe] INFO:     Fold 1: R2=0.0194, RMSE=0.4665, MAE=0.3216 (train=189,165, test=47,897, epochs=23)
2026-07-29 00:17:35,266 [stage3_analysis.dnn_probe] INFO:     Fold 2: R2=0.0398, RMSE=0.5050, MAE=0.3344 (train=191,016, test=46,046, epochs=54)
2026-07-29 00:17:37,524 [stage3_analysis.dnn_probe] INFO:     Fold 3: R2=0.0234, RMSE=0.4886, MAE=0.3296 (train=191,984, test=45,078, epochs=59)
2026-07-29 00:17:40,669 [stage3_analysis.dnn_probe] INFO:     Fold 4: R2=0.0274, RMSE=0.5103, MAE=0.3332 (train=188,099, test=48,963, epochs=87)
2026-07-29 00:17:44,170 [stage3_analysis.dnn_probe] INFO:     Fold 5: R2=0.0319, RMSE=0.5591, MAE=0.3538 (train=187,984, test=49,078, epochs=100)
2026-07-29 00:17:44,180 [stage3_analysis.dnn_probe] INFO:   Overall OOF: R2=0.0306, RMSE=0.5073, MAE=0.3347
2026-07-29 00:17:44,185 [stage3_analysis.dnn_probe] INFO: 
--- Target: osr (osr) ---
2026-07-29 00:17:44,185 [stage3_analysis.dnn_probe] INFO:   y range: [0.0000, 100.0000], mean=4.2096
2026-07-29 00:17:44,185 [stage3_analysis.dnn_probe] INFO:   Using config defaults: hidden=32, layers=0, lr=0.0005
2026-07-29 00:17:44,185 [stage3_analysis.dnn_probe] INFO:   Evaluating with spatial CV...
2026-07-29 00:17:46,488 [stage3_analysis.dnn_probe] INFO:     Fold 1: R2=-0.0076, RMSE=5.6195, MAE=2.3831 (train=189,165, test=47,897, epochs=70)
2026-07-29 00:17:49,328 [stage3_analysis.dnn_probe] INFO:     Fold 2: R2=0.0063, RMSE=7.1178, MAE=2.7496 (train=191,016, test=46,046, epochs=81)
2026-07-29 00:17:51,662 [stage3_analysis.dnn_probe] INFO:     Fold 3: R2=0.0051, RMSE=6.2581, MAE=2.4407 (train=191,984, test=45,078, epochs=59)
2026-07-29 00:17:54,448 [stage3_analysis.dnn_probe] INFO:     Fold 4: R2=-0.0139, RMSE=5.1867, MAE=2.4514 (train=188,099, test=48,963, epochs=74)
2026-07-29 00:17:56,825 [stage3_analysis.dnn_probe] INFO:     Fold 5: R2=0.0097, RMSE=7.8893, MAE=2.8266 (train=187,984, test=49,078, epochs=58)
2026-07-29 00:17:56,834 [stage3_analysis.dnn_probe] INFO:   Overall OOF: R2=0.0040, RMSE=6.4892, MAE=2.5712
2026-07-29 00:17:56,835 [stage3_analysis.dnn_probe] INFO: 
=== Summary ===
2026-07-29 00:17:56,835 [stage3_analysis.dnn_probe] INFO:   fsi (fsi): R2=0.0308, RMSE=0.4116
2026-07-29 00:17:56,835 [stage3_analysis.dnn_probe] INFO:   gsi (gsi): R2=0.0206, RMSE=0.1431
2026-07-29 00:17:56,835 [stage3_analysis.dnn_probe] INFO:   mxi (mxi): R2=0.0450, RMSE=0.2786
2026-07-29 00:17:56,835 [stage3_analysis.dnn_probe] INFO:   l (l): R2=0.0306, RMSE=0.5073
2026-07-29 00:17:56,835 [stage3_analysis.dnn_probe] INFO:   osr (osr): R2=0.0040, RMSE=6.4892
2026-07-29 00:17:56,885 [stage3_analysis.dnn_probe] INFO: Saved metrics summary to C:\Users\Bert Berkers\PycharmProjects\UrbanRepML\data\study_areas\netherlands\stage3_analysis\dnn_probe\2026-07-28\2026-07-28_accres_plain_s44_rudifun\metrics_summary.csv
2026-07-29 00:17:57,509 [stage3_analysis.dnn_probe] INFO: Saved predictions to C:\Users\Bert Berkers\PycharmProjects\UrbanRepML\data\study_areas\netherlands\stage3_analysis\dnn_probe\2026-07-28\2026-07-28_accres_plain_s44_rudifun
2026-07-29 00:17:57,510 [stage3_analysis.dnn_probe] INFO: Saved config to C:\Users\Bert Berkers\PycharmProjects\UrbanRepML\data\study_areas\netherlands\stage3_analysis\dnn_probe\2026-07-28\2026-07-28_accres_plain_s44_rudifun\config.json
2026-07-29 00:17:57,522 [stage3_analysis.dnn_probe] INFO: Saved run_info.json to C:\Users\Bert Berkers\PycharmProjects\UrbanRepML\data\study_areas\netherlands\stage3_analysis\dnn_probe\2026-07-28\2026-07-28_accres_plain_s44_rudifun\run_info.json
2026-07-29 00:17:57,584 [stage3_analysis.dnn_probe] INFO: Saved training curves to C:\Users\Bert Berkers\PycharmProjects\UrbanRepML\data\study_areas\netherlands\stage3_analysis\dnn_probe\2026-07-28\2026-07-28_accres_plain_s44_rudifun\training_curves (25 files)
[00:18:15]   rudifun/fsi: R2=+0.03083 CI=[-0.10246, +0.11328]
[00:18:37]   rudifun/gsi: R2=+0.02056 CI=[+0.01028, +0.03096]
[00:18:49]   rudifun/mxi: R2=+0.04497 CI=[+0.04099, +0.04889]
[00:19:19]   rudifun/l: R2=+0.03059 CI=[+0.00693, +0.05308]
[00:19:47]   rudifun/osr: R2=+0.00403 CI=[-0.04156, +0.04854]
[00:20:33]   rudifun FAMILY: R2=+0.02620 CI=[-0.00252, +0.04855] p=0.02260 (unadjusted)
[00:20:33] === RES-b gvae s42 leefb ===
2026-07-29 00:20:33,727 [stage3_analysis.probe_utils] INFO: Seeded RNGs (random, numpy, torch, cuda) with seed=42
2026-07-29 00:20:33,727 [stage3_analysis.dnn_probe] INFO: === DNN Probe Regression (MLP) ===
2026-07-29 00:20:33,727 [stage3_analysis.dnn_probe] INFO: Study area: netherlands
2026-07-29 00:20:33,727 [stage3_analysis.dnn_probe] INFO: Year: 2022
2026-07-29 00:20:33,727 [stage3_analysis.dnn_probe] INFO: Device: cpu
2026-07-29 00:20:33,727 [stage3_analysis.dnn_probe] INFO: Architecture: MLP, hidden=32, layers=0
2026-07-29 00:20:33,727 [stage3_analysis.dnn_probe] INFO: Loading embeddings from C:\Users\Bert Berkers\PycharmProjects\UrbanRepML\data\study_areas\netherlands\acc_sharpening\2026-07-28\residual\gvae_s42\residual.parquet
2026-07-29 00:20:33,949 [stage3_analysis.dnn_probe] INFO:   Embedding features: 64 (resid_0..resid_63)
2026-07-29 00:20:33,949 [stage3_analysis.dnn_probe] INFO:   Embedding rows: 482,706
2026-07-29 00:20:33,950 [stage3_analysis.dnn_probe] INFO: Loading target from C:\Users\Bert Berkers\PycharmProjects\UrbanRepML\data\study_areas\netherlands\target\leefbaarometer\leefbaarometer_h3res9_2022.parquet
2026-07-29 00:20:33,992 [stage3_analysis.dnn_probe] INFO:   Target rows: 131,194
2026-07-29 00:20:34,248 [stage3_analysis.dnn_probe] INFO:   Inner join: 131,194 hexagons with both embeddings and targets
2026-07-29 00:20:34,249 [stage3_analysis.probe_utils] INFO:   JOIN RATE: n_emb=482,706 n_target=131,194 n_join=131,194 rate_vs_emb=0.2718
2026-07-29 00:20:34,249 [stage3_analysis.probe_utils] WARNING: 
  ============================================================
  LOUD WARNING: probe join rate 27.2% < 95% threshold.
  Only 131,194 of 482,706 embedding hexagons matched a target row.
  This is the SILENT-SHRINK trap: stale old-grid embeddings vs
  new-grid targets inner-join to their intersection, yielding
  plausible-looking metrics over a shrunken sample. Trust these
  numbers ONLY if this is an explicitly old-grid-paired run.
  ============================================================
2026-07-29 00:20:34,255 [stage3_analysis.dnn_probe] INFO:   After dropna: 131,194 (dropped 0)
2026-07-29 00:20:34,256 [stage3_analysis.dnn_probe] INFO:   Loading regions from C:\Users\Bert Berkers\PycharmProjects\UrbanRepML\data\study_areas\netherlands\regions_gdf\netherlands_res9.parquet
2026-07-29 00:20:35,582 [stage3_analysis.dnn_probe] INFO:   After region join: 131,194 hexagons
2026-07-29 00:20:35,781 [stage3_analysis.dnn_probe] INFO: Creating spatial blocks: 5 folds, 10000m x 10000m
2026-07-29 00:20:36,342 [stage3_analysis.dnn_probe] INFO:   Created 445 spatial blocks across 5 folds
2026-07-29 00:20:36,435 [stage3_analysis.dnn_probe] WARNING:   2 points outside all blocks, assigning to fold 1
2026-07-29 00:20:36,454 [stage3_analysis.dnn_probe] INFO:   Fold sizes: {1: 24095, 2: 25107, 3: 28086, 4: 24630, 5: 29276}
2026-07-29 00:20:36,485 [stage3_analysis.dnn_probe] INFO: 
Feature matrix: (131194, 64)
2026-07-29 00:20:36,485 [stage3_analysis.dnn_probe] INFO: Targets: ['lbm', 'fys', 'onv', 'soc', 'vrz', 'won']
2026-07-29 00:20:36,487 [stage3_analysis.dnn_probe] INFO: 
--- Target: lbm (Overall Liveability) ---
2026-07-29 00:20:36,487 [stage3_analysis.dnn_probe] INFO:   y range: [3.4200, 5.0361], mean=4.1982
2026-07-29 00:20:36,487 [stage3_analysis.dnn_probe] INFO:   Using config defaults: hidden=32, layers=0, lr=0.0005
2026-07-29 00:20:36,487 [stage3_analysis.dnn_probe] INFO:   Evaluating with spatial CV...
2026-07-29 00:20:38,181 [stage3_analysis.dnn_probe] INFO:     Fold 1: R2=0.0409, RMSE=0.1144, MAE=0.0862 (train=107,099, test=24,095, epochs=98)
2026-07-29 00:20:39,494 [stage3_analysis.dnn_probe] INFO:     Fold 2: R2=0.0326, RMSE=0.1218, MAE=0.0915 (train=106,087, test=25,107, epochs=68)
2026-07-29 00:20:40,517 [stage3_analysis.dnn_probe] INFO:     Fold 3: R2=0.1031, RMSE=0.1226, MAE=0.0934 (train=103,108, test=28,086, epochs=37)
2026-07-29 00:20:42,476 [stage3_analysis.dnn_probe] INFO:     Fold 4: R2=0.0492, RMSE=0.1167, MAE=0.0881 (train=106,564, test=24,630, epochs=100)
2026-07-29 00:20:43,769 [stage3_analysis.dnn_probe] INFO:     Fold 5: R2=0.0826, RMSE=0.1233, MAE=0.0906 (train=101,918, test=29,276, epochs=57)
2026-07-29 00:20:43,774 [stage3_analysis.dnn_probe] INFO:   Overall OOF: R2=0.0664, RMSE=0.1200, MAE=0.0901
2026-07-29 00:20:43,775 [stage3_analysis.dnn_probe] INFO: 
--- Target: fys (Physical Environment) ---
2026-07-29 00:20:43,775 [stage3_analysis.dnn_probe] INFO:   y range: [-0.7443, 0.4637], mean=-0.0030
2026-07-29 00:20:43,775 [stage3_analysis.dnn_probe] INFO:   Using config defaults: hidden=32, layers=0, lr=0.0005
2026-07-29 00:20:43,775 [stage3_analysis.dnn_probe] INFO:   Evaluating with spatial CV...
2026-07-29 00:20:45,438 [stage3_analysis.dnn_probe] INFO:     Fold 1: R2=-0.0058, RMSE=0.0669, MAE=0.0482 (train=107,099, test=24,095, epochs=100)
2026-07-29 00:20:47,063 [stage3_analysis.dnn_probe] INFO:     Fold 2: R2=0.0057, RMSE=0.0668, MAE=0.0463 (train=106,087, test=25,107, epochs=83)
2026-07-29 00:20:48,672 [stage3_analysis.dnn_probe] INFO:     Fold 3: R2=-0.0076, RMSE=0.0630, MAE=0.0441 (train=103,108, test=28,086, epochs=61)
2026-07-29 00:20:50,588 [stage3_analysis.dnn_probe] INFO:     Fold 4: R2=0.0010, RMSE=0.0688, MAE=0.0474 (train=106,564, test=24,630, epochs=95)
2026-07-29 00:20:52,169 [stage3_analysis.dnn_probe] INFO:     Fold 5: R2=-0.0033, RMSE=0.0684, MAE=0.0456 (train=101,918, test=29,276, epochs=90)
2026-07-29 00:20:52,175 [stage3_analysis.dnn_probe] INFO:   Overall OOF: R2=0.0002, RMSE=0.0668, MAE=0.0462
2026-07-29 00:20:52,177 [stage3_analysis.dnn_probe] INFO: 
--- Target: onv (Safety) ---
2026-07-29 00:20:52,177 [stage3_analysis.dnn_probe] INFO:   y range: [-0.4661, 0.1638], mean=0.0779
2026-07-29 00:20:52,177 [stage3_analysis.dnn_probe] INFO:   Using config defaults: hidden=32, layers=0, lr=0.0005
2026-07-29 00:20:52,177 [stage3_analysis.dnn_probe] INFO:   Evaluating with spatial CV...
2026-07-29 00:20:53,762 [stage3_analysis.dnn_probe] INFO:     Fold 1: R2=0.2074, RMSE=0.0487, MAE=0.0358 (train=107,099, test=24,095, epochs=63)
2026-07-29 00:20:55,635 [stage3_analysis.dnn_probe] INFO:     Fold 2: R2=0.2708, RMSE=0.0549, MAE=0.0383 (train=106,087, test=25,107, epochs=100)
2026-07-29 00:20:56,853 [stage3_analysis.dnn_probe] INFO:     Fold 3: R2=0.2845, RMSE=0.0609, MAE=0.0414 (train=103,108, test=28,086, epochs=73)
2026-07-29 00:20:58,954 [stage3_analysis.dnn_probe] INFO:     Fold 4: R2=0.2045, RMSE=0.0488, MAE=0.0359 (train=106,564, test=24,630, epochs=98)
2026-07-29 00:21:01,040 [stage3_analysis.dnn_probe] INFO:     Fold 5: R2=0.2516, RMSE=0.0612, MAE=0.0410 (train=101,918, test=29,276, epochs=100)
2026-07-29 00:21:01,045 [stage3_analysis.dnn_probe] INFO:   Overall OOF: R2=0.2587, RMSE=0.0556, MAE=0.0387
2026-07-29 00:21:01,047 [stage3_analysis.dnn_probe] INFO: 
--- Target: soc (Social Cohesion) ---
2026-07-29 00:21:01,047 [stage3_analysis.dnn_probe] INFO:   y range: [-0.4217, 0.4402], mean=0.0747
2026-07-29 00:21:01,047 [stage3_analysis.dnn_probe] INFO:   Using config defaults: hidden=32, layers=0, lr=0.0005
2026-07-29 00:21:01,047 [stage3_analysis.dnn_probe] INFO:   Evaluating with spatial CV...
2026-07-29 00:21:03,091 [stage3_analysis.dnn_probe] INFO:     Fold 1: R2=0.3596, RMSE=0.0427, MAE=0.0323 (train=107,099, test=24,095, epochs=100)
2026-07-29 00:21:04,531 [stage3_analysis.dnn_probe] INFO:     Fold 2: R2=0.4257, RMSE=0.0459, MAE=0.0345 (train=106,087, test=25,107, epochs=69)
2026-07-29 00:21:06,411 [stage3_analysis.dnn_probe] INFO:     Fold 3: R2=0.4085, RMSE=0.0465, MAE=0.0351 (train=103,108, test=28,086, epochs=100)
2026-07-29 00:21:08,073 [stage3_analysis.dnn_probe] INFO:     Fold 4: R2=0.3510, RMSE=0.0434, MAE=0.0328 (train=106,564, test=24,630, epochs=82)
2026-07-29 00:21:09,769 [stage3_analysis.dnn_probe] INFO:     Fold 5: R2=0.3933, RMSE=0.0478, MAE=0.0355 (train=101,918, test=29,276, epochs=88)
2026-07-29 00:21:09,774 [stage3_analysis.dnn_probe] INFO:   Overall OOF: R2=0.3961, RMSE=0.0454, MAE=0.0341
2026-07-29 00:21:09,775 [stage3_analysis.dnn_probe] INFO: 
--- Target: vrz (Amenities) ---
2026-07-29 00:21:09,775 [stage3_analysis.dnn_probe] INFO:   y range: [-0.3298, 0.6882], mean=-0.1153
2026-07-29 00:21:09,775 [stage3_analysis.dnn_probe] INFO:   Using config defaults: hidden=32, layers=0, lr=0.0005
2026-07-29 00:21:09,775 [stage3_analysis.dnn_probe] INFO:   Evaluating with spatial CV...
2026-07-29 00:21:11,675 [stage3_analysis.dnn_probe] INFO:     Fold 1: R2=0.3255, RMSE=0.0745, MAE=0.0591 (train=107,099, test=24,095, epochs=100)
2026-07-29 00:21:13,566 [stage3_analysis.dnn_probe] INFO:     Fold 2: R2=0.3514, RMSE=0.0966, MAE=0.0645 (train=106,087, test=25,107, epochs=100)
2026-07-29 00:21:15,054 [stage3_analysis.dnn_probe] INFO:     Fold 3: R2=0.3765, RMSE=0.0822, MAE=0.0618 (train=103,108, test=28,086, epochs=87)
2026-07-29 00:21:16,450 [stage3_analysis.dnn_probe] INFO:     Fold 4: R2=0.3324, RMSE=0.0672, MAE=0.0528 (train=106,564, test=24,630, epochs=70)
2026-07-29 00:21:18,557 [stage3_analysis.dnn_probe] INFO:     Fold 5: R2=0.3753, RMSE=0.0814, MAE=0.0585 (train=101,918, test=29,276, epochs=100)
2026-07-29 00:21:18,561 [stage3_analysis.dnn_probe] INFO:   Overall OOF: R2=0.3655, RMSE=0.0811, MAE=0.0594
2026-07-29 00:21:18,562 [stage3_analysis.dnn_probe] INFO: 
--- Target: won (Housing Quality) ---
2026-07-29 00:21:18,563 [stage3_analysis.dnn_probe] INFO:   y range: [-0.5287, 0.8859], mean=0.0616
2026-07-29 00:21:18,563 [stage3_analysis.dnn_probe] INFO:   Using config defaults: hidden=32, layers=0, lr=0.0005
2026-07-29 00:21:18,563 [stage3_analysis.dnn_probe] INFO:   Evaluating with spatial CV...
2026-07-29 00:21:19,978 [stage3_analysis.dnn_probe] INFO:     Fold 1: R2=0.2730, RMSE=0.0412, MAE=0.0306 (train=107,099, test=24,095, epochs=66)
2026-07-29 00:21:21,991 [stage3_analysis.dnn_probe] INFO:     Fold 2: R2=0.3018, RMSE=0.0448, MAE=0.0315 (train=106,087, test=25,107, epochs=100)
2026-07-29 00:21:23,686 [stage3_analysis.dnn_probe] INFO:     Fold 3: R2=0.3048, RMSE=0.0463, MAE=0.0330 (train=103,108, test=28,086, epochs=85)
2026-07-29 00:21:25,474 [stage3_analysis.dnn_probe] INFO:     Fold 4: R2=0.2331, RMSE=0.0431, MAE=0.0314 (train=106,564, test=24,630, epochs=100)
2026-07-29 00:21:27,684 [stage3_analysis.dnn_probe] INFO:     Fold 5: R2=0.3006, RMSE=0.0441, MAE=0.0313 (train=101,918, test=29,276, epochs=100)
2026-07-29 00:21:27,689 [stage3_analysis.dnn_probe] INFO:   Overall OOF: R2=0.2909, RMSE=0.0440, MAE=0.0316
2026-07-29 00:21:27,689 [stage3_analysis.dnn_probe] INFO: 
=== Summary ===
2026-07-29 00:21:27,689 [stage3_analysis.dnn_probe] INFO:   lbm (Overall Liveability): R2=0.0664, RMSE=0.1200
2026-07-29 00:21:27,689 [stage3_analysis.dnn_probe] INFO:   fys (Physical Environment): R2=0.0002, RMSE=0.0668
2026-07-29 00:21:27,689 [stage3_analysis.dnn_probe] INFO:   onv (Safety): R2=0.2587, RMSE=0.0556
2026-07-29 00:21:27,689 [stage3_analysis.dnn_probe] INFO:   soc (Social Cohesion): R2=0.3961, RMSE=0.0454
2026-07-29 00:21:27,689 [stage3_analysis.dnn_probe] INFO:   vrz (Amenities): R2=0.3655, RMSE=0.0811
2026-07-29 00:21:27,689 [stage3_analysis.dnn_probe] INFO:   won (Housing Quality): R2=0.2909, RMSE=0.0440
2026-07-29 00:21:27,737 [stage3_analysis.dnn_probe] INFO: Saved metrics summary to C:\Users\Bert Berkers\PycharmProjects\UrbanRepML\data\study_areas\netherlands\stage3_analysis\dnn_probe\2026-07-28\2026-07-28_accres_gvae_s42_leefb\metrics_summary.csv
2026-07-29 00:21:28,721 [stage3_analysis.dnn_probe] INFO: Saved predictions to C:\Users\Bert Berkers\PycharmProjects\UrbanRepML\data\study_areas\netherlands\stage3_analysis\dnn_probe\2026-07-28\2026-07-28_accres_gvae_s42_leefb
2026-07-29 00:21:28,724 [stage3_analysis.dnn_probe] INFO: Saved config to C:\Users\Bert Berkers\PycharmProjects\UrbanRepML\data\study_areas\netherlands\stage3_analysis\dnn_probe\2026-07-28\2026-07-28_accres_gvae_s42_leefb\config.json
2026-07-29 00:21:28,742 [stage3_analysis.dnn_probe] INFO: Saved run_info.json to C:\Users\Bert Berkers\PycharmProjects\UrbanRepML\data\study_areas\netherlands\stage3_analysis\dnn_probe\2026-07-28\2026-07-28_accres_gvae_s42_leefb\run_info.json
2026-07-29 00:21:28,872 [stage3_analysis.dnn_probe] INFO: Saved training curves to C:\Users\Bert Berkers\PycharmProjects\UrbanRepML\data\study_areas\netherlands\stage3_analysis\dnn_probe\2026-07-28\2026-07-28_accres_gvae_s42_leefb\training_curves (30 files)
[00:21:43]   leefb/lbm: R2=+0.06639 CI=[+0.05624, +0.07629]
[00:22:01]   leefb/fys: R2=+0.00023 CI=[-0.01516, +0.01525]
[00:22:10]   leefb/onv: R2=+0.25873 CI=[+0.24665, +0.27071]
[00:22:17]   leefb/soc: R2=+0.39605 CI=[+0.38908, +0.40299]
[00:22:24]   leefb/vrz: R2=+0.36555 CI=[+0.35578, +0.37500]
[00:22:30]   leefb/won: R2=+0.29091 CI=[+0.27866, +0.30303]
[00:22:55]   leefb FAMILY: R2=+0.22964 CI=[+0.22330, +0.23601] p=0.00010 (unadjusted)
[00:22:55] === RES-b gvae s42 rudifun ===
2026-07-29 00:22:56,004 [stage3_analysis.probe_utils] INFO: Seeded RNGs (random, numpy, torch, cuda) with seed=42
2026-07-29 00:22:56,004 [stage3_analysis.dnn_probe] INFO: === DNN Probe Regression (MLP) ===
2026-07-29 00:22:56,004 [stage3_analysis.dnn_probe] INFO: Study area: netherlands
2026-07-29 00:22:56,004 [stage3_analysis.dnn_probe] INFO: Year: 2022
2026-07-29 00:22:56,004 [stage3_analysis.dnn_probe] INFO: Device: cpu
2026-07-29 00:22:56,004 [stage3_analysis.dnn_probe] INFO: Architecture: MLP, hidden=32, layers=0
2026-07-29 00:22:56,004 [stage3_analysis.dnn_probe] INFO: Loading embeddings from C:\Users\Bert Berkers\PycharmProjects\UrbanRepML\data\study_areas\netherlands\acc_sharpening\2026-07-28\residual\gvae_s42\residual.parquet
2026-07-29 00:22:56,259 [stage3_analysis.dnn_probe] INFO:   Embedding features: 64 (resid_0..resid_63)
2026-07-29 00:22:56,259 [stage3_analysis.dnn_probe] INFO:   Embedding rows: 482,706
2026-07-29 00:22:56,260 [stage3_analysis.dnn_probe] INFO: Loading target from C:\Users\Bert Berkers\PycharmProjects\UrbanRepML\data\study_areas\netherlands\target\rudifun\rudifun_h3res9_2022.parquet
2026-07-29 00:22:56,334 [stage3_analysis.dnn_probe] INFO:   Target rows: 238,072
2026-07-29 00:22:56,714 [stage3_analysis.dnn_probe] INFO:   Inner join: 238,072 hexagons with both embeddings and targets
2026-07-29 00:22:56,714 [stage3_analysis.probe_utils] INFO:   JOIN RATE: n_emb=482,706 n_target=238,072 n_join=238,072 rate_vs_emb=0.4932
2026-07-29 00:22:56,714 [stage3_analysis.probe_utils] WARNING: 
  ============================================================
  LOUD WARNING: probe join rate 49.3% < 95% threshold.
  Only 238,072 of 482,706 embedding hexagons matched a target row.
  This is the SILENT-SHRINK trap: stale old-grid embeddings vs
  new-grid targets inner-join to their intersection, yielding
  plausible-looking metrics over a shrunken sample. Trust these
  numbers ONLY if this is an explicitly old-grid-paired run.
  ============================================================
2026-07-29 00:22:56,791 [stage3_analysis.dnn_probe] INFO:   After dropna: 237,062 (dropped 1,010)
2026-07-29 00:22:56,792 [stage3_analysis.dnn_probe] INFO:   Loading regions from C:\Users\Bert Berkers\PycharmProjects\UrbanRepML\data\study_areas\netherlands\regions_gdf\netherlands_res9.parquet
2026-07-29 00:22:58,268 [stage3_analysis.dnn_probe] INFO:   After region join: 237,062 hexagons
2026-07-29 00:22:58,469 [stage3_analysis.dnn_probe] INFO: Creating spatial blocks: 5 folds, 10000m x 10000m
2026-07-29 00:23:00,205 [stage3_analysis.dnn_probe] INFO:   Created 461 spatial blocks across 5 folds
2026-07-29 00:23:00,342 [stage3_analysis.dnn_probe] WARNING:   2 points outside all blocks, assigning to fold 1
2026-07-29 00:23:00,373 [stage3_analysis.dnn_probe] INFO:   Fold sizes: {1: 48231, 2: 45624, 3: 48856, 4: 45974, 5: 48377}
2026-07-29 00:23:00,412 [stage3_analysis.dnn_probe] INFO: 
Feature matrix: (237062, 64)
2026-07-29 00:23:00,412 [stage3_analysis.dnn_probe] INFO: Targets: ['fsi', 'gsi', 'mxi', 'l', 'osr']
2026-07-29 00:23:00,413 [stage3_analysis.dnn_probe] INFO: 
--- Target: fsi (fsi) ---
2026-07-29 00:23:00,413 [stage3_analysis.dnn_probe] INFO:   y range: [0.0000, 46.7058], mean=0.3647
2026-07-29 00:23:00,413 [stage3_analysis.dnn_probe] INFO:   Using config defaults: hidden=32, layers=0, lr=0.0005
2026-07-29 00:23:00,413 [stage3_analysis.dnn_probe] INFO:   Evaluating with spatial CV...
2026-07-29 00:23:03,861 [stage3_analysis.dnn_probe] INFO:     Fold 1: R2=0.3042, RMSE=0.3321, MAE=0.1637 (train=188,831, test=48,231, epochs=100)
2026-07-29 00:23:06,689 [stage3_analysis.dnn_probe] INFO:     Fold 2: R2=0.3126, RMSE=0.3095, MAE=0.1514 (train=191,438, test=45,624, epochs=80)
2026-07-29 00:23:09,584 [stage3_analysis.dnn_probe] INFO:     Fold 3: R2=0.3009, RMSE=0.3802, MAE=0.1684 (train=188,206, test=48,856, epochs=80)
2026-07-29 00:23:13,182 [stage3_analysis.dnn_probe] INFO:     Fold 4: R2=0.2425, RMSE=0.3915, MAE=0.1562 (train=191,088, test=45,974, epochs=100)
2026-07-29 00:23:16,966 [stage3_analysis.dnn_probe] INFO:     Fold 5: R2=0.3243, RMSE=0.3343, MAE=0.1684 (train=188,685, test=48,377, epochs=100)
2026-07-29 00:23:16,974 [stage3_analysis.dnn_probe] INFO:   Overall OOF: R2=0.2952, RMSE=0.3510, MAE=0.1618
2026-07-29 00:23:16,976 [stage3_analysis.dnn_probe] INFO: 
--- Target: gsi (gsi) ---
2026-07-29 00:23:16,976 [stage3_analysis.dnn_probe] INFO:   y range: [0.0000, 1.0000], mean=0.2314
2026-07-29 00:23:16,976 [stage3_analysis.dnn_probe] INFO:   Using config defaults: hidden=32, layers=0, lr=0.0005
2026-07-29 00:23:16,976 [stage3_analysis.dnn_probe] INFO:   Evaluating with spatial CV...
2026-07-29 00:23:19,962 [stage3_analysis.dnn_probe] INFO:     Fold 1: R2=0.2699, RMSE=0.1301, MAE=0.0861 (train=188,831, test=48,231, epochs=84)
2026-07-29 00:23:22,962 [stage3_analysis.dnn_probe] INFO:     Fold 2: R2=0.2730, RMSE=0.1150, MAE=0.0766 (train=191,438, test=45,624, epochs=83)
2026-07-29 00:23:26,233 [stage3_analysis.dnn_probe] INFO:     Fold 3: R2=0.2870, RMSE=0.1246, MAE=0.0820 (train=188,206, test=48,856, epochs=84)
2026-07-29 00:23:29,297 [stage3_analysis.dnn_probe] INFO:     Fold 4: R2=0.2957, RMSE=0.1221, MAE=0.0787 (train=191,088, test=45,974, epochs=93)
2026-07-29 00:23:32,826 [stage3_analysis.dnn_probe] INFO:     Fold 5: R2=0.3012, RMSE=0.1181, MAE=0.0810 (train=188,685, test=48,377, epochs=100)
2026-07-29 00:23:32,834 [stage3_analysis.dnn_probe] INFO:   Overall OOF: R2=0.2861, RMSE=0.1222, MAE=0.0810
2026-07-29 00:23:32,836 [stage3_analysis.dnn_probe] INFO: 
--- Target: mxi (mxi) ---
2026-07-29 00:23:32,836 [stage3_analysis.dnn_probe] INFO:   y range: [0.0000, 1.0000], mean=0.4571
2026-07-29 00:23:32,836 [stage3_analysis.dnn_probe] INFO:   Using config defaults: hidden=32, layers=0, lr=0.0005
2026-07-29 00:23:32,836 [stage3_analysis.dnn_probe] INFO:   Evaluating with spatial CV...
2026-07-29 00:23:35,709 [stage3_analysis.dnn_probe] INFO:     Fold 1: R2=0.1175, RMSE=0.2765, MAE=0.2285 (train=188,831, test=48,231, epochs=80)
2026-07-29 00:23:37,756 [stage3_analysis.dnn_probe] INFO:     Fold 2: R2=0.1330, RMSE=0.2561, MAE=0.2081 (train=191,438, test=45,624, epochs=53)
2026-07-29 00:23:41,108 [stage3_analysis.dnn_probe] INFO:     Fold 3: R2=0.1111, RMSE=0.2675, MAE=0.2193 (train=188,206, test=48,856, epochs=94)
2026-07-29 00:23:44,524 [stage3_analysis.dnn_probe] INFO:     Fold 4: R2=0.1178, RMSE=0.2641, MAE=0.2161 (train=191,088, test=45,974, epochs=95)
2026-07-29 00:23:47,985 [stage3_analysis.dnn_probe] INFO:     Fold 5: R2=0.1079, RMSE=0.2728, MAE=0.2243 (train=188,685, test=48,377, epochs=90)
2026-07-29 00:23:47,994 [stage3_analysis.dnn_probe] INFO:   Overall OOF: R2=0.1186, RMSE=0.2677, MAE=0.2194
2026-07-29 00:23:47,996 [stage3_analysis.dnn_probe] INFO: 
--- Target: l (l) ---
2026-07-29 00:23:47,996 [stage3_analysis.dnn_probe] INFO:   y range: [0.2044, 15.1212], mean=1.4302
2026-07-29 00:23:47,996 [stage3_analysis.dnn_probe] INFO:   Using config defaults: hidden=32, layers=0, lr=0.0005
2026-07-29 00:23:47,996 [stage3_analysis.dnn_probe] INFO:   Evaluating with spatial CV...
2026-07-29 00:23:51,301 [stage3_analysis.dnn_probe] INFO:     Fold 1: R2=0.3016, RMSE=0.4279, MAE=0.2575 (train=188,831, test=48,231, epochs=98)
2026-07-29 00:23:54,056 [stage3_analysis.dnn_probe] INFO:     Fold 2: R2=0.3309, RMSE=0.3820, MAE=0.2316 (train=191,438, test=45,624, epochs=75)
2026-07-29 00:23:57,078 [stage3_analysis.dnn_probe] INFO:     Fold 3: R2=0.3248, RMSE=0.4359, MAE=0.2560 (train=188,206, test=48,856, epochs=96)
2026-07-29 00:24:00,431 [stage3_analysis.dnn_probe] INFO:     Fold 4: R2=0.3194, RMSE=0.4110, MAE=0.2474 (train=191,088, test=45,974, epochs=95)
2026-07-29 00:24:02,870 [stage3_analysis.dnn_probe] INFO:     Fold 5: R2=0.2990, RMSE=0.4683, MAE=0.2704 (train=188,685, test=48,377, epochs=59)
2026-07-29 00:24:02,878 [stage3_analysis.dnn_probe] INFO:   Overall OOF: R2=0.3145, RMSE=0.4266, MAE=0.2529
2026-07-29 00:24:02,880 [stage3_analysis.dnn_probe] INFO: 
--- Target: osr (osr) ---
2026-07-29 00:24:02,880 [stage3_analysis.dnn_probe] INFO:   y range: [0.0000, 100.0000], mean=4.2096
2026-07-29 00:24:02,880 [stage3_analysis.dnn_probe] INFO:   Using config defaults: hidden=32, layers=0, lr=0.0005
2026-07-29 00:24:02,880 [stage3_analysis.dnn_probe] INFO:   Evaluating with spatial CV...
2026-07-29 00:24:04,705 [stage3_analysis.dnn_probe] INFO:     Fold 1: R2=0.0348, RMSE=8.9695, MAE=2.8097 (train=188,831, test=48,231, epochs=45)
2026-07-29 00:24:08,171 [stage3_analysis.dnn_probe] INFO:     Fold 2: R2=0.0746, RMSE=5.0121, MAE=2.1055 (train=191,438, test=45,624, epochs=100)
2026-07-29 00:24:11,045 [stage3_analysis.dnn_probe] INFO:     Fold 3: R2=0.0691, RMSE=5.6566, MAE=2.1552 (train=188,206, test=48,856, epochs=81)
2026-07-29 00:24:14,321 [stage3_analysis.dnn_probe] INFO:     Fold 4: R2=0.0693, RMSE=5.2389, MAE=2.1114 (train=191,088, test=45,974, epochs=95)
2026-07-29 00:24:17,710 [stage3_analysis.dnn_probe] INFO:     Fold 5: R2=0.0608, RMSE=5.7612, MAE=2.1603 (train=188,685, test=48,377, epochs=100)
2026-07-29 00:24:17,718 [stage3_analysis.dnn_probe] INFO:   Overall OOF: R2=0.0565, RMSE=6.3161, MAE=2.2714
2026-07-29 00:24:17,719 [stage3_analysis.dnn_probe] INFO: 
=== Summary ===
2026-07-29 00:24:17,719 [stage3_analysis.dnn_probe] INFO:   fsi (fsi): R2=0.2952, RMSE=0.3510
2026-07-29 00:24:17,719 [stage3_analysis.dnn_probe] INFO:   gsi (gsi): R2=0.2861, RMSE=0.1222
2026-07-29 00:24:17,719 [stage3_analysis.dnn_probe] INFO:   mxi (mxi): R2=0.1186, RMSE=0.2677
2026-07-29 00:24:17,719 [stage3_analysis.dnn_probe] INFO:   l (l): R2=0.3145, RMSE=0.4266
2026-07-29 00:24:17,719 [stage3_analysis.dnn_probe] INFO:   osr (osr): R2=0.0565, RMSE=6.3161
2026-07-29 00:24:17,769 [stage3_analysis.dnn_probe] INFO: Saved metrics summary to C:\Users\Bert Berkers\PycharmProjects\UrbanRepML\data\study_areas\netherlands\stage3_analysis\dnn_probe\2026-07-28\2026-07-28_accres_gvae_s42_rudifun\metrics_summary.csv
2026-07-29 00:24:18,401 [stage3_analysis.dnn_probe] INFO: Saved predictions to C:\Users\Bert Berkers\PycharmProjects\UrbanRepML\data\study_areas\netherlands\stage3_analysis\dnn_probe\2026-07-28\2026-07-28_accres_gvae_s42_rudifun
2026-07-29 00:24:18,401 [stage3_analysis.dnn_probe] INFO: Saved config to C:\Users\Bert Berkers\PycharmProjects\UrbanRepML\data\study_areas\netherlands\stage3_analysis\dnn_probe\2026-07-28\2026-07-28_accres_gvae_s42_rudifun\config.json
2026-07-29 00:24:18,414 [stage3_analysis.dnn_probe] INFO: Saved run_info.json to C:\Users\Bert Berkers\PycharmProjects\UrbanRepML\data\study_areas\netherlands\stage3_analysis\dnn_probe\2026-07-28\2026-07-28_accres_gvae_s42_rudifun\run_info.json
2026-07-29 00:24:18,474 [stage3_analysis.dnn_probe] INFO: Saved training curves to C:\Users\Bert Berkers\PycharmProjects\UrbanRepML\data\study_areas\netherlands\stage3_analysis\dnn_probe\2026-07-28\2026-07-28_accres_gvae_s42_rudifun\training_curves (25 files)
[00:24:33]   rudifun/fsi: R2=+0.29520 CI=[+0.16196, +0.37625]
[00:24:45]   rudifun/gsi: R2=+0.28611 CI=[+0.27663, +0.29569]
[00:24:57]   rudifun/mxi: R2=+0.11856 CI=[+0.11410, +0.12295]
[00:25:09]   rudifun/l: R2=+0.31455 CI=[+0.29322, +0.33483]
[00:25:22]   rudifun/osr: R2=+0.05646 CI=[+0.01152, +0.10082]
[00:25:59]   rudifun FAMILY: R2=+0.21418 CI=[+0.18555, +0.23570] p=0.00010 (unadjusted)
[00:25:59] === RES-b gvae s43 leefb ===
2026-07-29 00:26:00,127 [stage3_analysis.probe_utils] INFO: Seeded RNGs (random, numpy, torch, cuda) with seed=43
2026-07-29 00:26:00,127 [stage3_analysis.dnn_probe] INFO: === DNN Probe Regression (MLP) ===
2026-07-29 00:26:00,127 [stage3_analysis.dnn_probe] INFO: Study area: netherlands
2026-07-29 00:26:00,127 [stage3_analysis.dnn_probe] INFO: Year: 2022
2026-07-29 00:26:00,127 [stage3_analysis.dnn_probe] INFO: Device: cpu
2026-07-29 00:26:00,127 [stage3_analysis.dnn_probe] INFO: Architecture: MLP, hidden=32, layers=0
2026-07-29 00:26:00,127 [stage3_analysis.dnn_probe] INFO: Loading embeddings from C:\Users\Bert Berkers\PycharmProjects\UrbanRepML\data\study_areas\netherlands\acc_sharpening\2026-07-28\residual\gvae_s43\residual.parquet
2026-07-29 00:26:00,567 [stage3_analysis.dnn_probe] INFO:   Embedding features: 64 (resid_0..resid_63)
2026-07-29 00:26:00,567 [stage3_analysis.dnn_probe] INFO:   Embedding rows: 482,706
2026-07-29 00:26:00,568 [stage3_analysis.dnn_probe] INFO: Loading target from C:\Users\Bert Berkers\PycharmProjects\UrbanRepML\data\study_areas\netherlands\target\leefbaarometer\leefbaarometer_h3res9_2022.parquet
2026-07-29 00:26:00,647 [stage3_analysis.dnn_probe] INFO:   Target rows: 131,194
2026-07-29 00:26:01,370 [stage3_analysis.dnn_probe] INFO:   Inner join: 131,194 hexagons with both embeddings and targets
2026-07-29 00:26:01,371 [stage3_analysis.probe_utils] INFO:   JOIN RATE: n_emb=482,706 n_target=131,194 n_join=131,194 rate_vs_emb=0.2718
2026-07-29 00:26:01,371 [stage3_analysis.probe_utils] WARNING: 
  ============================================================
  LOUD WARNING: probe join rate 27.2% < 95% threshold.
  Only 131,194 of 482,706 embedding hexagons matched a target row.
  This is the SILENT-SHRINK trap: stale old-grid embeddings vs
  new-grid targets inner-join to their intersection, yielding
  plausible-looking metrics over a shrunken sample. Trust these
  numbers ONLY if this is an explicitly old-grid-paired run.
  ============================================================
2026-07-29 00:26:01,390 [stage3_analysis.dnn_probe] INFO:   After dropna: 131,194 (dropped 0)
2026-07-29 00:26:01,392 [stage3_analysis.dnn_probe] INFO:   Loading regions from C:\Users\Bert Berkers\PycharmProjects\UrbanRepML\data\study_areas\netherlands\regions_gdf\netherlands_res9.parquet
2026-07-29 00:26:02,881 [stage3_analysis.dnn_probe] INFO:   After region join: 131,194 hexagons
2026-07-29 00:26:03,010 [stage3_analysis.dnn_probe] INFO: Creating spatial blocks: 5 folds, 10000m x 10000m
2026-07-29 00:26:03,394 [stage3_analysis.dnn_probe] INFO:   Created 445 spatial blocks across 5 folds
2026-07-29 00:26:03,469 [stage3_analysis.dnn_probe] WARNING:   2 points outside all blocks, assigning to fold 1
2026-07-29 00:26:03,483 [stage3_analysis.dnn_probe] INFO:   Fold sizes: {1: 27761, 2: 25997, 3: 25267, 4: 25476, 5: 26693}
2026-07-29 00:26:03,505 [stage3_analysis.dnn_probe] INFO: 
Feature matrix: (131194, 64)
2026-07-29 00:26:03,506 [stage3_analysis.dnn_probe] INFO: Targets: ['lbm', 'fys', 'onv', 'soc', 'vrz', 'won']
2026-07-29 00:26:03,506 [stage3_analysis.dnn_probe] INFO: 
--- Target: lbm (Overall Liveability) ---
2026-07-29 00:26:03,507 [stage3_analysis.dnn_probe] INFO:   y range: [3.4200, 5.0361], mean=4.1982
2026-07-29 00:26:03,507 [stage3_analysis.dnn_probe] INFO:   Using config defaults: hidden=32, layers=0, lr=0.0005
2026-07-29 00:26:03,507 [stage3_analysis.dnn_probe] INFO:   Evaluating with spatial CV...
2026-07-29 00:26:05,198 [stage3_analysis.dnn_probe] INFO:     Fold 1: R2=0.0673, RMSE=0.1119, MAE=0.0851 (train=103,433, test=27,761, epochs=100)
2026-07-29 00:26:06,901 [stage3_analysis.dnn_probe] INFO:     Fold 2: R2=0.0479, RMSE=0.1176, MAE=0.0886 (train=105,197, test=25,997, epochs=84)
2026-07-29 00:26:08,629 [stage3_analysis.dnn_probe] INFO:     Fold 3: R2=0.0688, RMSE=0.1294, MAE=0.0960 (train=105,927, test=25,267, epochs=77)
2026-07-29 00:26:10,239 [stage3_analysis.dnn_probe] INFO:     Fold 4: R2=0.0318, RMSE=0.1248, MAE=0.0944 (train=105,718, test=25,476, epochs=83)
2026-07-29 00:26:12,158 [stage3_analysis.dnn_probe] INFO:     Fold 5: R2=0.0640, RMSE=0.1193, MAE=0.0892 (train=104,501, test=26,693, epochs=100)
2026-07-29 00:26:12,163 [stage3_analysis.dnn_probe] INFO:   Overall OOF: R2=0.0583, RMSE=0.1206, MAE=0.0905
2026-07-29 00:26:12,165 [stage3_analysis.dnn_probe] INFO: 
--- Target: fys (Physical Environment) ---
2026-07-29 00:26:12,165 [stage3_analysis.dnn_probe] INFO:   y range: [-0.7443, 0.4637], mean=-0.0030
2026-07-29 00:26:12,165 [stage3_analysis.dnn_probe] INFO:   Using config defaults: hidden=32, layers=0, lr=0.0005
2026-07-29 00:26:12,165 [stage3_analysis.dnn_probe] INFO:   Evaluating with spatial CV...
2026-07-29 00:26:13,892 [stage3_analysis.dnn_probe] INFO:     Fold 1: R2=0.0001, RMSE=0.0645, MAE=0.0449 (train=103,433, test=27,761, epochs=99)
2026-07-29 00:26:15,530 [stage3_analysis.dnn_probe] INFO:     Fold 2: R2=-0.0033, RMSE=0.0694, MAE=0.0490 (train=105,197, test=25,997, epochs=86)
2026-07-29 00:26:17,298 [stage3_analysis.dnn_probe] INFO:     Fold 3: R2=0.0061, RMSE=0.0704, MAE=0.0470 (train=105,927, test=25,267, epochs=100)
2026-07-29 00:26:18,757 [stage3_analysis.dnn_probe] INFO:     Fold 4: R2=-0.0006, RMSE=0.0641, MAE=0.0452 (train=105,718, test=25,476, epochs=73)
2026-07-29 00:26:20,324 [stage3_analysis.dnn_probe] INFO:     Fold 5: R2=-0.0033, RMSE=0.0653, MAE=0.0450 (train=104,501, test=26,693, epochs=83)
2026-07-29 00:26:20,330 [stage3_analysis.dnn_probe] INFO:   Overall OOF: R2=0.0010, RMSE=0.0667, MAE=0.0462
2026-07-29 00:26:20,332 [stage3_analysis.dnn_probe] INFO: 
--- Target: onv (Safety) ---
2026-07-29 00:26:20,332 [stage3_analysis.dnn_probe] INFO:   y range: [-0.4661, 0.1638], mean=0.0779
2026-07-29 00:26:20,332 [stage3_analysis.dnn_probe] INFO:   Using config defaults: hidden=32, layers=0, lr=0.0005
2026-07-29 00:26:20,332 [stage3_analysis.dnn_probe] INFO:   Evaluating with spatial CV...
2026-07-29 00:26:21,712 [stage3_analysis.dnn_probe] INFO:     Fold 1: R2=0.2202, RMSE=0.0524, MAE=0.0375 (train=103,433, test=27,761, epochs=82)
2026-07-29 00:26:23,311 [stage3_analysis.dnn_probe] INFO:     Fold 2: R2=0.2239, RMSE=0.0553, MAE=0.0383 (train=105,197, test=25,997, epochs=83)
2026-07-29 00:26:24,604 [stage3_analysis.dnn_probe] INFO:     Fold 3: R2=0.2420, RMSE=0.0597, MAE=0.0410 (train=105,927, test=25,267, epochs=67)
2026-07-29 00:26:26,371 [stage3_analysis.dnn_probe] INFO:     Fold 4: R2=0.2363, RMSE=0.0563, MAE=0.0395 (train=105,718, test=25,476, epochs=100)
2026-07-29 00:26:28,182 [stage3_analysis.dnn_probe] INFO:     Fold 5: R2=0.2281, RMSE=0.0591, MAE=0.0407 (train=104,501, test=26,693, epochs=100)
2026-07-29 00:26:28,187 [stage3_analysis.dnn_probe] INFO:   Overall OOF: R2=0.2320, RMSE=0.0566, MAE=0.0394
2026-07-29 00:26:28,189 [stage3_analysis.dnn_probe] INFO: 
--- Target: soc (Social Cohesion) ---
2026-07-29 00:26:28,189 [stage3_analysis.dnn_probe] INFO:   y range: [-0.4217, 0.4402], mean=0.0747
2026-07-29 00:26:28,189 [stage3_analysis.dnn_probe] INFO:   Using config defaults: hidden=32, layers=0, lr=0.0005
2026-07-29 00:26:28,189 [stage3_analysis.dnn_probe] INFO:   Evaluating with spatial CV...
2026-07-29 00:26:29,746 [stage3_analysis.dnn_probe] INFO:     Fold 1: R2=0.3656, RMSE=0.0444, MAE=0.0336 (train=103,433, test=27,761, epochs=83)
2026-07-29 00:26:31,565 [stage3_analysis.dnn_probe] INFO:     Fold 2: R2=0.3612, RMSE=0.0466, MAE=0.0347 (train=105,197, test=25,997, epochs=100)
2026-07-29 00:26:33,448 [stage3_analysis.dnn_probe] INFO:     Fold 3: R2=0.3690, RMSE=0.0470, MAE=0.0348 (train=105,927, test=25,267, epochs=100)
2026-07-29 00:26:35,253 [stage3_analysis.dnn_probe] INFO:     Fold 4: R2=0.3774, RMSE=0.0462, MAE=0.0352 (train=105,718, test=25,476, epochs=100)
2026-07-29 00:26:36,927 [stage3_analysis.dnn_probe] INFO:     Fold 5: R2=0.3762, RMSE=0.0476, MAE=0.0358 (train=104,501, test=26,693, epochs=100)
2026-07-29 00:26:36,932 [stage3_analysis.dnn_probe] INFO:   Overall OOF: R2=0.3713, RMSE=0.0463, MAE=0.0348
2026-07-29 00:26:36,933 [stage3_analysis.dnn_probe] INFO: 
--- Target: vrz (Amenities) ---
2026-07-29 00:26:36,933 [stage3_analysis.dnn_probe] INFO:   y range: [-0.3298, 0.6882], mean=-0.1153
2026-07-29 00:26:36,933 [stage3_analysis.dnn_probe] INFO:   Using config defaults: hidden=32, layers=0, lr=0.0005
2026-07-29 00:26:36,933 [stage3_analysis.dnn_probe] INFO:   Evaluating with spatial CV...
2026-07-29 00:26:38,446 [stage3_analysis.dnn_probe] INFO:     Fold 1: R2=0.3261, RMSE=0.0748, MAE=0.0574 (train=103,433, test=27,761, epochs=74)
2026-07-29 00:26:40,286 [stage3_analysis.dnn_probe] INFO:     Fold 2: R2=0.3479, RMSE=0.0826, MAE=0.0611 (train=105,197, test=25,997, epochs=97)
2026-07-29 00:26:41,535 [stage3_analysis.dnn_probe] INFO:     Fold 3: R2=0.3440, RMSE=0.0795, MAE=0.0583 (train=105,927, test=25,267, epochs=67)
2026-07-29 00:26:43,221 [stage3_analysis.dnn_probe] INFO:     Fold 4: R2=0.2998, RMSE=0.0950, MAE=0.0644 (train=105,718, test=25,476, epochs=100)
2026-07-29 00:26:45,028 [stage3_analysis.dnn_probe] INFO:     Fold 5: R2=0.3651, RMSE=0.0810, MAE=0.0600 (train=104,501, test=26,693, epochs=94)
2026-07-29 00:26:45,033 [stage3_analysis.dnn_probe] INFO:   Overall OOF: R2=0.3403, RMSE=0.0827, MAE=0.0602
2026-07-29 00:26:45,034 [stage3_analysis.dnn_probe] INFO: 
--- Target: won (Housing Quality) ---
2026-07-29 00:26:45,034 [stage3_analysis.dnn_probe] INFO:   y range: [-0.5287, 0.8859], mean=0.0616
2026-07-29 00:26:45,034 [stage3_analysis.dnn_probe] INFO:   Using config defaults: hidden=32, layers=0, lr=0.0005
2026-07-29 00:26:45,034 [stage3_analysis.dnn_probe] INFO:   Evaluating with spatial CV...
2026-07-29 00:26:46,930 [stage3_analysis.dnn_probe] INFO:     Fold 1: R2=0.2794, RMSE=0.0437, MAE=0.0315 (train=103,433, test=27,761, epochs=98)
2026-07-29 00:26:48,587 [stage3_analysis.dnn_probe] INFO:     Fold 2: R2=0.2860, RMSE=0.0427, MAE=0.0313 (train=105,197, test=25,997, epochs=83)
2026-07-29 00:26:50,634 [stage3_analysis.dnn_probe] INFO:     Fold 3: R2=0.2988, RMSE=0.0458, MAE=0.0326 (train=105,927, test=25,267, epochs=100)
2026-07-29 00:26:52,575 [stage3_analysis.dnn_probe] INFO:     Fold 4: R2=0.2707, RMSE=0.0448, MAE=0.0320 (train=105,718, test=25,476, epochs=100)
2026-07-29 00:26:54,473 [stage3_analysis.dnn_probe] INFO:     Fold 5: R2=0.2865, RMSE=0.0441, MAE=0.0315 (train=104,501, test=26,693, epochs=100)
2026-07-29 00:26:54,478 [stage3_analysis.dnn_probe] INFO:   Overall OOF: R2=0.2856, RMSE=0.0442, MAE=0.0318
2026-07-29 00:26:54,479 [stage3_analysis.dnn_probe] INFO: 
=== Summary ===
2026-07-29 00:26:54,479 [stage3_analysis.dnn_probe] INFO:   lbm (Overall Liveability): R2=0.0583, RMSE=0.1206
2026-07-29 00:26:54,479 [stage3_analysis.dnn_probe] INFO:   fys (Physical Environment): R2=0.0010, RMSE=0.0667
2026-07-29 00:26:54,479 [stage3_analysis.dnn_probe] INFO:   onv (Safety): R2=0.2320, RMSE=0.0566
2026-07-29 00:26:54,479 [stage3_analysis.dnn_probe] INFO:   soc (Social Cohesion): R2=0.3713, RMSE=0.0463
2026-07-29 00:26:54,479 [stage3_analysis.dnn_probe] INFO:   vrz (Amenities): R2=0.3403, RMSE=0.0827
2026-07-29 00:26:54,479 [stage3_analysis.dnn_probe] INFO:   won (Housing Quality): R2=0.2856, RMSE=0.0442
2026-07-29 00:26:54,536 [stage3_analysis.dnn_probe] INFO: Saved metrics summary to C:\Users\Bert Berkers\PycharmProjects\UrbanRepML\data\study_areas\netherlands\stage3_analysis\dnn_probe\2026-07-28\2026-07-28_accres_gvae_s43_leefb\metrics_summary.csv
2026-07-29 00:26:55,023 [stage3_analysis.dnn_probe] INFO: Saved predictions to C:\Users\Bert Berkers\PycharmProjects\UrbanRepML\data\study_areas\netherlands\stage3_analysis\dnn_probe\2026-07-28\2026-07-28_accres_gvae_s43_leefb
2026-07-29 00:26:55,024 [stage3_analysis.dnn_probe] INFO: Saved config to C:\Users\Bert Berkers\PycharmProjects\UrbanRepML\data\study_areas\netherlands\stage3_analysis\dnn_probe\2026-07-28\2026-07-28_accres_gvae_s43_leefb\config.json
2026-07-29 00:26:55,037 [stage3_analysis.dnn_probe] INFO: Saved run_info.json to C:\Users\Bert Berkers\PycharmProjects\UrbanRepML\data\study_areas\netherlands\stage3_analysis\dnn_probe\2026-07-28\2026-07-28_accres_gvae_s43_leefb\run_info.json
2026-07-29 00:26:55,101 [stage3_analysis.dnn_probe] INFO: Saved training curves to C:\Users\Bert Berkers\PycharmProjects\UrbanRepML\data\study_areas\netherlands\stage3_analysis\dnn_probe\2026-07-28\2026-07-28_accres_gvae_s43_leefb\training_curves (30 files)
[00:27:04]   leefb/lbm: R2=+0.05834 CI=[+0.04824, +0.06815]
[00:27:22]   leefb/fys: R2=+0.00100 CI=[-0.01434, +0.01599]
[00:27:31]   leefb/onv: R2=+0.23200 CI=[+0.21977, +0.24405]
[00:27:38]   leefb/soc: R2=+0.37129 CI=[+0.36433, +0.37829]
[00:27:44]   leefb/vrz: R2=+0.34027 CI=[+0.33019, +0.35014]
[00:27:54]   leefb/won: R2=+0.28557 CI=[+0.27329, +0.29763]
[00:28:21]   leefb FAMILY: R2=+0.21474 CI=[+0.20840, +0.22124] p=0.00010 (unadjusted)
[00:28:21] === RES-b gvae s43 rudifun ===
2026-07-29 00:28:21,589 [stage3_analysis.probe_utils] INFO: Seeded RNGs (random, numpy, torch, cuda) with seed=43
2026-07-29 00:28:21,589 [stage3_analysis.dnn_probe] INFO: === DNN Probe Regression (MLP) ===
2026-07-29 00:28:21,589 [stage3_analysis.dnn_probe] INFO: Study area: netherlands
2026-07-29 00:28:21,589 [stage3_analysis.dnn_probe] INFO: Year: 2022
2026-07-29 00:28:21,589 [stage3_analysis.dnn_probe] INFO: Device: cpu
2026-07-29 00:28:21,589 [stage3_analysis.dnn_probe] INFO: Architecture: MLP, hidden=32, layers=0
2026-07-29 00:28:21,589 [stage3_analysis.dnn_probe] INFO: Loading embeddings from C:\Users\Bert Berkers\PycharmProjects\UrbanRepML\data\study_areas\netherlands\acc_sharpening\2026-07-28\residual\gvae_s43\residual.parquet
2026-07-29 00:28:21,793 [stage3_analysis.dnn_probe] INFO:   Embedding features: 64 (resid_0..resid_63)
2026-07-29 00:28:21,793 [stage3_analysis.dnn_probe] INFO:   Embedding rows: 482,706
2026-07-29 00:28:21,793 [stage3_analysis.dnn_probe] INFO: Loading target from C:\Users\Bert Berkers\PycharmProjects\UrbanRepML\data\study_areas\netherlands\target\rudifun\rudifun_h3res9_2022.parquet
2026-07-29 00:28:21,867 [stage3_analysis.dnn_probe] INFO:   Target rows: 238,072
2026-07-29 00:28:22,246 [stage3_analysis.dnn_probe] INFO:   Inner join: 238,072 hexagons with both embeddings and targets
2026-07-29 00:28:22,246 [stage3_analysis.probe_utils] INFO:   JOIN RATE: n_emb=482,706 n_target=238,072 n_join=238,072 rate_vs_emb=0.4932
2026-07-29 00:28:22,246 [stage3_analysis.probe_utils] WARNING: 
  ============================================================
  LOUD WARNING: probe join rate 49.3% < 95% threshold.
  Only 238,072 of 482,706 embedding hexagons matched a target row.
  This is the SILENT-SHRINK trap: stale old-grid embeddings vs
  new-grid targets inner-join to their intersection, yielding
  plausible-looking metrics over a shrunken sample. Trust these
  numbers ONLY if this is an explicitly old-grid-paired run.
  ============================================================
2026-07-29 00:28:22,324 [stage3_analysis.dnn_probe] INFO:   After dropna: 237,062 (dropped 1,010)
2026-07-29 00:28:22,324 [stage3_analysis.dnn_probe] INFO:   Loading regions from C:\Users\Bert Berkers\PycharmProjects\UrbanRepML\data\study_areas\netherlands\regions_gdf\netherlands_res9.parquet
2026-07-29 00:28:23,679 [stage3_analysis.dnn_probe] INFO:   After region join: 237,062 hexagons
2026-07-29 00:28:23,880 [stage3_analysis.dnn_probe] INFO: Creating spatial blocks: 5 folds, 10000m x 10000m
2026-07-29 00:28:24,876 [stage3_analysis.dnn_probe] INFO:   Created 461 spatial blocks across 5 folds
2026-07-29 00:28:25,044 [stage3_analysis.dnn_probe] WARNING:   2 points outside all blocks, assigning to fold 1
2026-07-29 00:28:25,081 [stage3_analysis.dnn_probe] INFO:   Fold sizes: {1: 47818, 2: 48325, 3: 47290, 4: 44557, 5: 49072}
2026-07-29 00:28:25,135 [stage3_analysis.dnn_probe] INFO: 
Feature matrix: (237062, 64)
2026-07-29 00:28:25,136 [stage3_analysis.dnn_probe] INFO: Targets: ['fsi', 'gsi', 'mxi', 'l', 'osr']
2026-07-29 00:28:25,138 [stage3_analysis.dnn_probe] INFO: 
--- Target: fsi (fsi) ---
2026-07-29 00:28:25,138 [stage3_analysis.dnn_probe] INFO:   y range: [0.0000, 46.7058], mean=0.3647
2026-07-29 00:28:25,138 [stage3_analysis.dnn_probe] INFO:   Using config defaults: hidden=32, layers=0, lr=0.0005
2026-07-29 00:28:25,138 [stage3_analysis.dnn_probe] INFO:   Evaluating with spatial CV...
2026-07-29 00:28:28,591 [stage3_analysis.dnn_probe] INFO:     Fold 1: R2=0.2714, RMSE=0.3434, MAE=0.1585 (train=189,244, test=47,818, epochs=95)
2026-07-29 00:28:30,894 [stage3_analysis.dnn_probe] INFO:     Fold 2: R2=0.2606, RMSE=0.2662, MAE=0.1403 (train=188,737, test=48,325, epochs=62)
2026-07-29 00:28:33,003 [stage3_analysis.dnn_probe] INFO:     Fold 3: R2=0.2604, RMSE=0.4210, MAE=0.1863 (train=189,772, test=47,290, epochs=54)
2026-07-29 00:28:35,005 [stage3_analysis.dnn_probe] INFO:     Fold 4: R2=0.2229, RMSE=0.3660, MAE=0.1638 (train=192,505, test=44,557, epochs=50)
2026-07-29 00:28:38,197 [stage3_analysis.dnn_probe] INFO:     Fold 5: R2=0.2795, RMSE=0.3788, MAE=0.1745 (train=187,990, test=49,072, epochs=89)
2026-07-29 00:28:38,205 [stage3_analysis.dnn_probe] INFO:   Overall OOF: R2=0.2651, RMSE=0.3584, MAE=0.1647
2026-07-29 00:28:38,207 [stage3_analysis.dnn_probe] INFO: 
--- Target: gsi (gsi) ---
2026-07-29 00:28:38,207 [stage3_analysis.dnn_probe] INFO:   y range: [0.0000, 1.0000], mean=0.2314
2026-07-29 00:28:38,207 [stage3_analysis.dnn_probe] INFO:   Using config defaults: hidden=32, layers=0, lr=0.0005
2026-07-29 00:28:38,207 [stage3_analysis.dnn_probe] INFO:   Evaluating with spatial CV...
2026-07-29 00:28:41,551 [stage3_analysis.dnn_probe] INFO:     Fold 1: R2=0.2533, RMSE=0.1246, MAE=0.0808 (train=189,244, test=47,818, epochs=100)
2026-07-29 00:28:43,702 [stage3_analysis.dnn_probe] INFO:     Fold 2: R2=0.2216, RMSE=0.1127, MAE=0.0762 (train=188,737, test=48,325, epochs=54)
2026-07-29 00:28:45,323 [stage3_analysis.dnn_probe] INFO:     Fold 3: R2=0.2855, RMSE=0.1269, MAE=0.0844 (train=189,772, test=47,290, epochs=40)
2026-07-29 00:28:48,867 [stage3_analysis.dnn_probe] INFO:     Fold 4: R2=0.2476, RMSE=0.1272, MAE=0.0859 (train=192,505, test=44,557, epochs=100)
2026-07-29 00:28:51,786 [stage3_analysis.dnn_probe] INFO:     Fold 5: R2=0.2859, RMSE=0.1279, MAE=0.0842 (train=187,990, test=49,072, epochs=81)
2026-07-29 00:28:51,795 [stage3_analysis.dnn_probe] INFO:   Overall OOF: R2=0.2655, RMSE=0.1239, MAE=0.0822
2026-07-29 00:28:51,801 [stage3_analysis.dnn_probe] INFO: 
--- Target: mxi (mxi) ---
2026-07-29 00:28:51,801 [stage3_analysis.dnn_probe] INFO:   y range: [0.0000, 1.0000], mean=0.4571
2026-07-29 00:28:51,801 [stage3_analysis.dnn_probe] INFO:   Using config defaults: hidden=32, layers=0, lr=0.0005
2026-07-29 00:28:51,801 [stage3_analysis.dnn_probe] INFO:   Evaluating with spatial CV...
2026-07-29 00:28:53,983 [stage3_analysis.dnn_probe] INFO:     Fold 1: R2=0.0907, RMSE=0.2598, MAE=0.2109 (train=189,244, test=47,818, epochs=54)
2026-07-29 00:28:56,872 [stage3_analysis.dnn_probe] INFO:     Fold 2: R2=0.1239, RMSE=0.2586, MAE=0.2117 (train=188,737, test=48,325, epochs=79)
2026-07-29 00:28:59,611 [stage3_analysis.dnn_probe] INFO:     Fold 3: R2=0.1342, RMSE=0.2771, MAE=0.2304 (train=189,772, test=47,290, epochs=74)
2026-07-29 00:29:02,874 [stage3_analysis.dnn_probe] INFO:     Fold 4: R2=0.1187, RMSE=0.2768, MAE=0.2293 (train=192,505, test=44,557, epochs=86)
2026-07-29 00:29:05,677 [stage3_analysis.dnn_probe] INFO:     Fold 5: R2=0.0926, RMSE=0.2695, MAE=0.2207 (train=187,990, test=49,072, epochs=83)
2026-07-29 00:29:05,686 [stage3_analysis.dnn_probe] INFO:   Overall OOF: R2=0.1142, RMSE=0.2683, MAE=0.2204
2026-07-29 00:29:05,690 [stage3_analysis.dnn_probe] INFO: 
--- Target: l (l) ---
2026-07-29 00:29:05,690 [stage3_analysis.dnn_probe] INFO:   y range: [0.2044, 15.1212], mean=1.4302
2026-07-29 00:29:05,690 [stage3_analysis.dnn_probe] INFO:   Using config defaults: hidden=32, layers=0, lr=0.0005
2026-07-29 00:29:05,690 [stage3_analysis.dnn_probe] INFO:   Evaluating with spatial CV...
2026-07-29 00:29:08,825 [stage3_analysis.dnn_probe] INFO:     Fold 1: R2=0.2803, RMSE=0.4174, MAE=0.2425 (train=189,244, test=47,818, epochs=89)
2026-07-29 00:29:11,131 [stage3_analysis.dnn_probe] INFO:     Fold 2: R2=0.2729, RMSE=0.3559, MAE=0.2242 (train=188,737, test=48,325, epochs=69)
2026-07-29 00:29:13,886 [stage3_analysis.dnn_probe] INFO:     Fold 3: R2=0.2856, RMSE=0.4970, MAE=0.2873 (train=189,772, test=47,290, epochs=73)
2026-07-29 00:29:16,083 [stage3_analysis.dnn_probe] INFO:     Fold 4: R2=0.2761, RMSE=0.4219, MAE=0.2675 (train=192,505, test=44,557, epochs=49)
2026-07-29 00:29:18,421 [stage3_analysis.dnn_probe] INFO:     Fold 5: R2=0.2819, RMSE=0.4704, MAE=0.2700 (train=187,990, test=49,072, epochs=59)
2026-07-29 00:29:18,429 [stage3_analysis.dnn_probe] INFO:   Overall OOF: R2=0.2863, RMSE=0.4353, MAE=0.2581
2026-07-29 00:29:18,431 [stage3_analysis.dnn_probe] INFO: 
--- Target: osr (osr) ---
2026-07-29 00:29:18,431 [stage3_analysis.dnn_probe] INFO:   y range: [0.0000, 100.0000], mean=4.2096
2026-07-29 00:29:18,431 [stage3_analysis.dnn_probe] INFO:   Using config defaults: hidden=32, layers=0, lr=0.0005
2026-07-29 00:29:18,431 [stage3_analysis.dnn_probe] INFO:   Evaluating with spatial CV...
2026-07-29 00:29:21,233 [stage3_analysis.dnn_probe] INFO:     Fold 1: R2=0.0676, RMSE=4.8827, MAE=2.1138 (train=189,244, test=47,818, epochs=81)
2026-07-29 00:29:23,526 [stage3_analysis.dnn_probe] INFO:     Fold 2: R2=0.0421, RMSE=6.2097, MAE=2.3396 (train=188,737, test=48,325, epochs=55)
2026-07-29 00:29:25,928 [stage3_analysis.dnn_probe] INFO:     Fold 3: R2=0.0666, RMSE=6.3238, MAE=2.2089 (train=189,772, test=47,290, epochs=62)
2026-07-29 00:29:27,932 [stage3_analysis.dnn_probe] INFO:     Fold 4: R2=0.0377, RMSE=8.4843, MAE=2.6456 (train=192,505, test=44,557, epochs=46)
2026-07-29 00:29:31,144 [stage3_analysis.dnn_probe] INFO:     Fold 5: R2=0.0816, RMSE=5.2570, MAE=2.1505 (train=187,990, test=49,072, epochs=100)
2026-07-29 00:29:31,152 [stage3_analysis.dnn_probe] INFO:   Overall OOF: R2=0.0564, RMSE=6.3164, MAE=2.2863
2026-07-29 00:29:31,153 [stage3_analysis.dnn_probe] INFO: 
=== Summary ===
2026-07-29 00:29:31,153 [stage3_analysis.dnn_probe] INFO:   fsi (fsi): R2=0.2651, RMSE=0.3584
2026-07-29 00:29:31,153 [stage3_analysis.dnn_probe] INFO:   gsi (gsi): R2=0.2655, RMSE=0.1239
2026-07-29 00:29:31,153 [stage3_analysis.dnn_probe] INFO:   mxi (mxi): R2=0.1142, RMSE=0.2683
2026-07-29 00:29:31,153 [stage3_analysis.dnn_probe] INFO:   l (l): R2=0.2863, RMSE=0.4353
2026-07-29 00:29:31,153 [stage3_analysis.dnn_probe] INFO:   osr (osr): R2=0.0564, RMSE=6.3164
2026-07-29 00:29:31,233 [stage3_analysis.dnn_probe] INFO: Saved metrics summary to C:\Users\Bert Berkers\PycharmProjects\UrbanRepML\data\study_areas\netherlands\stage3_analysis\dnn_probe\2026-07-28\2026-07-28_accres_gvae_s43_rudifun\metrics_summary.csv
2026-07-29 00:29:31,841 [stage3_analysis.dnn_probe] INFO: Saved predictions to C:\Users\Bert Berkers\PycharmProjects\UrbanRepML\data\study_areas\netherlands\stage3_analysis\dnn_probe\2026-07-28\2026-07-28_accres_gvae_s43_rudifun
2026-07-29 00:29:31,842 [stage3_analysis.dnn_probe] INFO: Saved config to C:\Users\Bert Berkers\PycharmProjects\UrbanRepML\data\study_areas\netherlands\stage3_analysis\dnn_probe\2026-07-28\2026-07-28_accres_gvae_s43_rudifun\config.json
2026-07-29 00:29:31,855 [stage3_analysis.dnn_probe] INFO: Saved run_info.json to C:\Users\Bert Berkers\PycharmProjects\UrbanRepML\data\study_areas\netherlands\stage3_analysis\dnn_probe\2026-07-28\2026-07-28_accres_gvae_s43_rudifun\run_info.json
2026-07-29 00:29:31,916 [stage3_analysis.dnn_probe] INFO: Saved training curves to C:\Users\Bert Berkers\PycharmProjects\UrbanRepML\data\study_areas\netherlands\stage3_analysis\dnn_probe\2026-07-28\2026-07-28_accres_gvae_s43_rudifun\training_curves (25 files)
[ledger_append WARN] run_id='stage3-dnn_probe-20260728T222931-a2d1bd36' already in ledger — skipping duplicate append.
[00:29:47]   rudifun/fsi: R2=+0.26510 CI=[+0.13462, +0.34510]
[00:30:09]   rudifun/gsi: R2=+0.26546 CI=[+0.25603, +0.27504]
[00:30:25]   rudifun/mxi: R2=+0.11421 CI=[+0.10982, +0.11850]
[00:30:53]   rudifun/l: R2=+0.28626 CI=[+0.26459, +0.30693]
[00:31:06]   rudifun/osr: R2=+0.05636 CI=[+0.01151, +0.10052]
[00:31:55]   rudifun FAMILY: R2=+0.19748 CI=[+0.16946, +0.21884] p=0.00010 (unadjusted)
[00:31:55] === RES-b gvae s44 leefb ===
2026-07-29 00:31:55,862 [stage3_analysis.probe_utils] INFO: Seeded RNGs (random, numpy, torch, cuda) with seed=44
2026-07-29 00:31:55,862 [stage3_analysis.dnn_probe] INFO: === DNN Probe Regression (MLP) ===
2026-07-29 00:31:55,862 [stage3_analysis.dnn_probe] INFO: Study area: netherlands
2026-07-29 00:31:55,862 [stage3_analysis.dnn_probe] INFO: Year: 2022
2026-07-29 00:31:55,862 [stage3_analysis.dnn_probe] INFO: Device: cpu
2026-07-29 00:31:55,862 [stage3_analysis.dnn_probe] INFO: Architecture: MLP, hidden=32, layers=0
2026-07-29 00:31:55,862 [stage3_analysis.dnn_probe] INFO: Loading embeddings from C:\Users\Bert Berkers\PycharmProjects\UrbanRepML\data\study_areas\netherlands\acc_sharpening\2026-07-28\residual\gvae_s44\residual.parquet
2026-07-29 00:31:56,099 [stage3_analysis.dnn_probe] INFO:   Embedding features: 64 (resid_0..resid_63)
2026-07-29 00:31:56,099 [stage3_analysis.dnn_probe] INFO:   Embedding rows: 482,706
2026-07-29 00:31:56,099 [stage3_analysis.dnn_probe] INFO: Loading target from C:\Users\Bert Berkers\PycharmProjects\UrbanRepML\data\study_areas\netherlands\target\leefbaarometer\leefbaarometer_h3res9_2022.parquet
2026-07-29 00:31:56,133 [stage3_analysis.dnn_probe] INFO:   Target rows: 131,194
2026-07-29 00:31:56,334 [stage3_analysis.dnn_probe] INFO:   Inner join: 131,194 hexagons with both embeddings and targets
2026-07-29 00:31:56,334 [stage3_analysis.probe_utils] INFO:   JOIN RATE: n_emb=482,706 n_target=131,194 n_join=131,194 rate_vs_emb=0.2718
2026-07-29 00:31:56,334 [stage3_analysis.probe_utils] WARNING: 
  ============================================================
  LOUD WARNING: probe join rate 27.2% < 95% threshold.
  Only 131,194 of 482,706 embedding hexagons matched a target row.
  This is the SILENT-SHRINK trap: stale old-grid embeddings vs
  new-grid targets inner-join to their intersection, yielding
  plausible-looking metrics over a shrunken sample. Trust these
  numbers ONLY if this is an explicitly old-grid-paired run.
  ============================================================
2026-07-29 00:31:56,339 [stage3_analysis.dnn_probe] INFO:   After dropna: 131,194 (dropped 0)
2026-07-29 00:31:56,340 [stage3_analysis.dnn_probe] INFO:   Loading regions from C:\Users\Bert Berkers\PycharmProjects\UrbanRepML\data\study_areas\netherlands\regions_gdf\netherlands_res9.parquet
2026-07-29 00:31:57,332 [stage3_analysis.dnn_probe] INFO:   After region join: 131,194 hexagons
2026-07-29 00:31:57,460 [stage3_analysis.dnn_probe] INFO: Creating spatial blocks: 5 folds, 10000m x 10000m
2026-07-29 00:31:57,842 [stage3_analysis.dnn_probe] INFO:   Created 445 spatial blocks across 5 folds
2026-07-29 00:31:57,919 [stage3_analysis.dnn_probe] WARNING:   2 points outside all blocks, assigning to fold 1
2026-07-29 00:31:57,934 [stage3_analysis.dnn_probe] INFO:   Fold sizes: {1: 28050, 2: 26058, 3: 24065, 4: 25331, 5: 27690}
2026-07-29 00:31:57,956 [stage3_analysis.dnn_probe] INFO: 
Feature matrix: (131194, 64)
2026-07-29 00:31:57,956 [stage3_analysis.dnn_probe] INFO: Targets: ['lbm', 'fys', 'onv', 'soc', 'vrz', 'won']
2026-07-29 00:31:57,957 [stage3_analysis.dnn_probe] INFO: 
--- Target: lbm (Overall Liveability) ---
2026-07-29 00:31:57,957 [stage3_analysis.dnn_probe] INFO:   y range: [3.4200, 5.0361], mean=4.1982
2026-07-29 00:31:57,957 [stage3_analysis.dnn_probe] INFO:   Using config defaults: hidden=32, layers=0, lr=0.0005
2026-07-29 00:31:57,957 [stage3_analysis.dnn_probe] INFO:   Evaluating with spatial CV...
2026-07-29 00:31:59,452 [stage3_analysis.dnn_probe] INFO:     Fold 1: R2=0.1056, RMSE=0.1086, MAE=0.0825 (train=103,144, test=28,050, epochs=73)
2026-07-29 00:32:00,948 [stage3_analysis.dnn_probe] INFO:     Fold 2: R2=0.0820, RMSE=0.1212, MAE=0.0911 (train=105,136, test=26,058, epochs=66)
2026-07-29 00:32:02,922 [stage3_analysis.dnn_probe] INFO:     Fold 3: R2=0.0864, RMSE=0.1228, MAE=0.0933 (train=107,129, test=24,065, epochs=100)
2026-07-29 00:32:04,413 [stage3_analysis.dnn_probe] INFO:     Fold 4: R2=0.0586, RMSE=0.1217, MAE=0.0906 (train=105,863, test=25,331, epochs=68)
2026-07-29 00:32:05,562 [stage3_analysis.dnn_probe] INFO:     Fold 5: R2=0.0229, RMSE=0.1241, MAE=0.0922 (train=103,504, test=27,690, epochs=61)
2026-07-29 00:32:05,567 [stage3_analysis.dnn_probe] INFO:   Overall OOF: R2=0.0728, RMSE=0.1196, MAE=0.0898
2026-07-29 00:32:05,568 [stage3_analysis.dnn_probe] INFO: 
--- Target: fys (Physical Environment) ---
2026-07-29 00:32:05,568 [stage3_analysis.dnn_probe] INFO:   y range: [-0.7443, 0.4637], mean=-0.0030
2026-07-29 00:32:05,568 [stage3_analysis.dnn_probe] INFO:   Using config defaults: hidden=32, layers=0, lr=0.0005
2026-07-29 00:32:05,569 [stage3_analysis.dnn_probe] INFO:   Evaluating with spatial CV...
2026-07-29 00:32:06,664 [stage3_analysis.dnn_probe] INFO:     Fold 1: R2=-0.0023, RMSE=0.0655, MAE=0.0455 (train=103,144, test=28,050, epochs=62)
2026-07-29 00:32:08,362 [stage3_analysis.dnn_probe] INFO:     Fold 2: R2=-0.0003, RMSE=0.0658, MAE=0.0441 (train=105,136, test=26,058, epochs=97)
2026-07-29 00:32:10,206 [stage3_analysis.dnn_probe] INFO:     Fold 3: R2=-0.0006, RMSE=0.0679, MAE=0.0470 (train=107,129, test=24,065, epochs=92)
2026-07-29 00:32:11,893 [stage3_analysis.dnn_probe] INFO:     Fold 4: R2=0.0039, RMSE=0.0661, MAE=0.0468 (train=105,863, test=25,331, epochs=80)
2026-07-29 00:32:13,781 [stage3_analysis.dnn_probe] INFO:     Fold 5: R2=0.0036, RMSE=0.0683, MAE=0.0474 (train=103,504, test=27,690, epochs=98)
2026-07-29 00:32:13,785 [stage3_analysis.dnn_probe] INFO:   Overall OOF: R2=0.0018, RMSE=0.0667, MAE=0.0462
2026-07-29 00:32:13,787 [stage3_analysis.dnn_probe] INFO: 
--- Target: onv (Safety) ---
2026-07-29 00:32:13,787 [stage3_analysis.dnn_probe] INFO:   y range: [-0.4661, 0.1638], mean=0.0779
2026-07-29 00:32:13,787 [stage3_analysis.dnn_probe] INFO:   Using config defaults: hidden=32, layers=0, lr=0.0005
2026-07-29 00:32:13,787 [stage3_analysis.dnn_probe] INFO:   Evaluating with spatial CV...
2026-07-29 00:32:15,047 [stage3_analysis.dnn_probe] INFO:     Fold 1: R2=0.2644, RMSE=0.0479, MAE=0.0345 (train=103,144, test=28,050, epochs=56)
2026-07-29 00:32:16,719 [stage3_analysis.dnn_probe] INFO:     Fold 2: R2=0.3185, RMSE=0.0557, MAE=0.0389 (train=105,136, test=26,058, epochs=84)
2026-07-29 00:32:18,662 [stage3_analysis.dnn_probe] INFO:     Fold 3: R2=0.3075, RMSE=0.0578, MAE=0.0393 (train=107,129, test=24,065, epochs=94)
2026-07-29 00:32:20,631 [stage3_analysis.dnn_probe] INFO:     Fold 4: R2=0.2468, RMSE=0.0543, MAE=0.0378 (train=105,863, test=25,331, epochs=100)
2026-07-29 00:32:22,469 [stage3_analysis.dnn_probe] INFO:     Fold 5: R2=0.3120, RMSE=0.0553, MAE=0.0383 (train=103,504, test=27,690, epochs=99)
2026-07-29 00:32:22,474 [stage3_analysis.dnn_probe] INFO:   Overall OOF: R2=0.2962, RMSE=0.0542, MAE=0.0377
2026-07-29 00:32:22,475 [stage3_analysis.dnn_probe] INFO: 
--- Target: soc (Social Cohesion) ---
2026-07-29 00:32:22,475 [stage3_analysis.dnn_probe] INFO:   y range: [-0.4217, 0.4402], mean=0.0747
2026-07-29 00:32:22,475 [stage3_analysis.dnn_probe] INFO:   Using config defaults: hidden=32, layers=0, lr=0.0005
2026-07-29 00:32:22,475 [stage3_analysis.dnn_probe] INFO:   Evaluating with spatial CV...
2026-07-29 00:32:23,880 [stage3_analysis.dnn_probe] INFO:     Fold 1: R2=0.4121, RMSE=0.0405, MAE=0.0305 (train=103,144, test=28,050, epochs=71)
2026-07-29 00:32:25,435 [stage3_analysis.dnn_probe] INFO:     Fold 2: R2=0.4734, RMSE=0.0441, MAE=0.0325 (train=105,136, test=26,058, epochs=73)
2026-07-29 00:32:27,137 [stage3_analysis.dnn_probe] INFO:     Fold 3: R2=0.4500, RMSE=0.0439, MAE=0.0327 (train=107,129, test=24,065, epochs=83)
2026-07-29 00:32:29,049 [stage3_analysis.dnn_probe] INFO:     Fold 4: R2=0.4122, RMSE=0.0441, MAE=0.0332 (train=105,863, test=25,331, epochs=100)
2026-07-29 00:32:30,953 [stage3_analysis.dnn_probe] INFO:     Fold 5: R2=0.4602, RMSE=0.0451, MAE=0.0337 (train=103,504, test=27,690, epochs=100)
2026-07-29 00:32:30,957 [stage3_analysis.dnn_probe] INFO:   Overall OOF: R2=0.4453, RMSE=0.0435, MAE=0.0325
2026-07-29 00:32:30,959 [stage3_analysis.dnn_probe] INFO: 
--- Target: vrz (Amenities) ---
2026-07-29 00:32:30,959 [stage3_analysis.dnn_probe] INFO:   y range: [-0.3298, 0.6882], mean=-0.1153
2026-07-29 00:32:30,959 [stage3_analysis.dnn_probe] INFO:   Using config defaults: hidden=32, layers=0, lr=0.0005
2026-07-29 00:32:30,959 [stage3_analysis.dnn_probe] INFO:   Evaluating with spatial CV...
2026-07-29 00:32:32,234 [stage3_analysis.dnn_probe] INFO:     Fold 1: R2=0.3296, RMSE=0.0625, MAE=0.0491 (train=103,144, test=28,050, epochs=61)
2026-07-29 00:32:33,953 [stage3_analysis.dnn_probe] INFO:     Fold 2: R2=0.4899, RMSE=0.0734, MAE=0.0566 (train=105,136, test=26,058, epochs=92)
2026-07-29 00:32:35,888 [stage3_analysis.dnn_probe] INFO:     Fold 3: R2=0.4128, RMSE=0.0797, MAE=0.0583 (train=107,129, test=24,065, epochs=100)
2026-07-29 00:32:37,742 [stage3_analysis.dnn_probe] INFO:     Fold 4: R2=0.4350, RMSE=0.0734, MAE=0.0568 (train=105,863, test=25,331, epochs=100)
2026-07-29 00:32:39,299 [stage3_analysis.dnn_probe] INFO:     Fold 5: R2=0.4090, RMSE=0.0935, MAE=0.0615 (train=103,504, test=27,690, epochs=79)
2026-07-29 00:32:39,304 [stage3_analysis.dnn_probe] INFO:   Overall OOF: R2=0.4255, RMSE=0.0772, MAE=0.0564
2026-07-29 00:32:39,305 [stage3_analysis.dnn_probe] INFO: 
--- Target: won (Housing Quality) ---
2026-07-29 00:32:39,305 [stage3_analysis.dnn_probe] INFO:   y range: [-0.5287, 0.8859], mean=0.0616
2026-07-29 00:32:39,305 [stage3_analysis.dnn_probe] INFO:   Using config defaults: hidden=32, layers=0, lr=0.0005
2026-07-29 00:32:39,305 [stage3_analysis.dnn_probe] INFO:   Evaluating with spatial CV...
2026-07-29 00:32:40,936 [stage3_analysis.dnn_probe] INFO:     Fold 1: R2=0.3386, RMSE=0.0384, MAE=0.0277 (train=103,144, test=28,050, epochs=84)
2026-07-29 00:32:42,638 [stage3_analysis.dnn_probe] INFO:     Fold 2: R2=0.3590, RMSE=0.0416, MAE=0.0302 (train=105,136, test=26,058, epochs=90)
2026-07-29 00:32:44,269 [stage3_analysis.dnn_probe] INFO:     Fold 3: R2=0.3274, RMSE=0.0446, MAE=0.0313 (train=107,129, test=24,065, epochs=91)
2026-07-29 00:32:46,243 [stage3_analysis.dnn_probe] INFO:     Fold 4: R2=0.3223, RMSE=0.0442, MAE=0.0320 (train=105,863, test=25,331, epochs=95)
2026-07-29 00:32:48,053 [stage3_analysis.dnn_probe] INFO:     Fold 5: R2=0.3299, RMSE=0.0443, MAE=0.0312 (train=103,504, test=27,690, epochs=98)
2026-07-29 00:32:48,058 [stage3_analysis.dnn_probe] INFO:   Overall OOF: R2=0.3362, RMSE=0.0426, MAE=0.0304
2026-07-29 00:32:48,058 [stage3_analysis.dnn_probe] INFO: 
=== Summary ===
2026-07-29 00:32:48,058 [stage3_analysis.dnn_probe] INFO:   lbm (Overall Liveability): R2=0.0728, RMSE=0.1196
2026-07-29 00:32:48,058 [stage3_analysis.dnn_probe] INFO:   fys (Physical Environment): R2=0.0018, RMSE=0.0667
2026-07-29 00:32:48,058 [stage3_analysis.dnn_probe] INFO:   onv (Safety): R2=0.2962, RMSE=0.0542
2026-07-29 00:32:48,058 [stage3_analysis.dnn_probe] INFO:   soc (Social Cohesion): R2=0.4453, RMSE=0.0435
2026-07-29 00:32:48,058 [stage3_analysis.dnn_probe] INFO:   vrz (Amenities): R2=0.4255, RMSE=0.0772
2026-07-29 00:32:48,058 [stage3_analysis.dnn_probe] INFO:   won (Housing Quality): R2=0.3362, RMSE=0.0426
2026-07-29 00:32:48,106 [stage3_analysis.dnn_probe] INFO: Saved metrics summary to C:\Users\Bert Berkers\PycharmProjects\UrbanRepML\data\study_areas\netherlands\stage3_analysis\dnn_probe\2026-07-28\2026-07-28_accres_gvae_s44_leefb\metrics_summary.csv
2026-07-29 00:32:48,587 [stage3_analysis.dnn_probe] INFO: Saved predictions to C:\Users\Bert Berkers\PycharmProjects\UrbanRepML\data\study_areas\netherlands\stage3_analysis\dnn_probe\2026-07-28\2026-07-28_accres_gvae_s44_leefb
2026-07-29 00:32:48,587 [stage3_analysis.dnn_probe] INFO: Saved config to C:\Users\Bert Berkers\PycharmProjects\UrbanRepML\data\study_areas\netherlands\stage3_analysis\dnn_probe\2026-07-28\2026-07-28_accres_gvae_s44_leefb\config.json
2026-07-29 00:32:48,599 [stage3_analysis.dnn_probe] INFO: Saved run_info.json to C:\Users\Bert Berkers\PycharmProjects\UrbanRepML\data\study_areas\netherlands\stage3_analysis\dnn_probe\2026-07-28\2026-07-28_accres_gvae_s44_leefb\run_info.json
2026-07-29 00:32:48,662 [stage3_analysis.dnn_probe] INFO: Saved training curves to C:\Users\Bert Berkers\PycharmProjects\UrbanRepML\data\study_areas\netherlands\stage3_analysis\dnn_probe\2026-07-28\2026-07-28_accres_gvae_s44_leefb\training_curves (30 files)
[ledger_append WARN] run_id='stage3-dnn_probe-20260728T223248-320c645b' already in ledger — skipping duplicate append.
[00:32:55]   leefb/lbm: R2=+0.07278 CI=[+0.06272, +0.08263]
[00:33:01]   leefb/fys: R2=+0.00183 CI=[-0.01359, +0.01682]
[00:33:12]   leefb/onv: R2=+0.29623 CI=[+0.28469, +0.30770]
[00:33:19]   leefb/soc: R2=+0.44529 CI=[+0.43861, +0.45184]
[00:33:34]   leefb/vrz: R2=+0.42551 CI=[+0.41650, +0.43429]
[00:33:45]   leefb/won: R2=+0.33622 CI=[+0.32423, +0.34805]
[00:34:03]   leefb FAMILY: R2=+0.26298 CI=[+0.25686, +0.26906] p=0.00010 (unadjusted)
[00:34:03] === RES-b gvae s44 rudifun ===
2026-07-29 00:34:03,675 [stage3_analysis.probe_utils] INFO: Seeded RNGs (random, numpy, torch, cuda) with seed=44
2026-07-29 00:34:03,675 [stage3_analysis.dnn_probe] INFO: === DNN Probe Regression (MLP) ===
2026-07-29 00:34:03,675 [stage3_analysis.dnn_probe] INFO: Study area: netherlands
2026-07-29 00:34:03,675 [stage3_analysis.dnn_probe] INFO: Year: 2022
2026-07-29 00:34:03,675 [stage3_analysis.dnn_probe] INFO: Device: cpu
2026-07-29 00:34:03,675 [stage3_analysis.dnn_probe] INFO: Architecture: MLP, hidden=32, layers=0
2026-07-29 00:34:03,675 [stage3_analysis.dnn_probe] INFO: Loading embeddings from C:\Users\Bert Berkers\PycharmProjects\UrbanRepML\data\study_areas\netherlands\acc_sharpening\2026-07-28\residual\gvae_s44\residual.parquet
2026-07-29 00:34:03,908 [stage3_analysis.dnn_probe] INFO:   Embedding features: 64 (resid_0..resid_63)
2026-07-29 00:34:03,908 [stage3_analysis.dnn_probe] INFO:   Embedding rows: 482,706
2026-07-29 00:34:03,909 [stage3_analysis.dnn_probe] INFO: Loading target from C:\Users\Bert Berkers\PycharmProjects\UrbanRepML\data\study_areas\netherlands\target\rudifun\rudifun_h3res9_2022.parquet
2026-07-29 00:34:03,983 [stage3_analysis.dnn_probe] INFO:   Target rows: 238,072
2026-07-29 00:34:04,364 [stage3_analysis.dnn_probe] INFO:   Inner join: 238,072 hexagons with both embeddings and targets
2026-07-29 00:34:04,364 [stage3_analysis.probe_utils] INFO:   JOIN RATE: n_emb=482,706 n_target=238,072 n_join=238,072 rate_vs_emb=0.4932
2026-07-29 00:34:04,364 [stage3_analysis.probe_utils] WARNING: 
  ============================================================
  LOUD WARNING: probe join rate 49.3% < 95% threshold.
  Only 238,072 of 482,706 embedding hexagons matched a target row.
  This is the SILENT-SHRINK trap: stale old-grid embeddings vs
  new-grid targets inner-join to their intersection, yielding
  plausible-looking metrics over a shrunken sample. Trust these
  numbers ONLY if this is an explicitly old-grid-paired run.
  ============================================================
2026-07-29 00:34:04,442 [stage3_analysis.dnn_probe] INFO:   After dropna: 237,062 (dropped 1,010)
2026-07-29 00:34:04,443 [stage3_analysis.dnn_probe] INFO:   Loading regions from C:\Users\Bert Berkers\PycharmProjects\UrbanRepML\data\study_areas\netherlands\regions_gdf\netherlands_res9.parquet
2026-07-29 00:34:05,482 [stage3_analysis.dnn_probe] INFO:   After region join: 237,062 hexagons
2026-07-29 00:34:05,610 [stage3_analysis.dnn_probe] INFO: Creating spatial blocks: 5 folds, 10000m x 10000m
2026-07-29 00:34:06,329 [stage3_analysis.dnn_probe] INFO:   Created 461 spatial blocks across 5 folds
2026-07-29 00:34:06,770 [stage3_analysis.dnn_probe] WARNING:   2 points outside all blocks, assigning to fold 1
2026-07-29 00:34:06,882 [stage3_analysis.dnn_probe] INFO:   Fold sizes: {1: 47897, 2: 46046, 3: 45078, 4: 48963, 5: 49078}
2026-07-29 00:34:07,020 [stage3_analysis.dnn_probe] INFO: 
Feature matrix: (237062, 64)
2026-07-29 00:34:07,021 [stage3_analysis.dnn_probe] INFO: Targets: ['fsi', 'gsi', 'mxi', 'l', 'osr']
2026-07-29 00:34:07,026 [stage3_analysis.dnn_probe] INFO: 
--- Target: fsi (fsi) ---
2026-07-29 00:34:07,026 [stage3_analysis.dnn_probe] INFO:   y range: [0.0000, 46.7058], mean=0.3647
2026-07-29 00:34:07,027 [stage3_analysis.dnn_probe] INFO:   Using config defaults: hidden=32, layers=0, lr=0.0005
2026-07-29 00:34:07,027 [stage3_analysis.dnn_probe] INFO:   Evaluating with spatial CV...
2026-07-29 00:34:09,932 [stage3_analysis.dnn_probe] INFO:     Fold 1: R2=0.3519, RMSE=0.2771, MAE=0.1461 (train=189,165, test=47,897, epochs=72)
2026-07-29 00:34:13,747 [stage3_analysis.dnn_probe] INFO:     Fold 2: R2=0.3566, RMSE=0.3319, MAE=0.1555 (train=191,016, test=46,046, epochs=100)
2026-07-29 00:34:17,328 [stage3_analysis.dnn_probe] INFO:     Fold 3: R2=0.3427, RMSE=0.3255, MAE=0.1516 (train=191,984, test=45,078, epochs=97)
2026-07-29 00:34:21,351 [stage3_analysis.dnn_probe] INFO:     Fold 4: R2=0.2731, RMSE=0.4142, MAE=0.1578 (train=188,099, test=48,963, epochs=100)
2026-07-29 00:34:24,601 [stage3_analysis.dnn_probe] INFO:     Fold 5: R2=0.3735, RMSE=0.3395, MAE=0.1640 (train=187,984, test=49,078, epochs=95)
2026-07-29 00:34:24,610 [stage3_analysis.dnn_probe] INFO:   Overall OOF: R2=0.3344, RMSE=0.3411, MAE=0.1551
2026-07-29 00:34:24,612 [stage3_analysis.dnn_probe] INFO: 
--- Target: gsi (gsi) ---
2026-07-29 00:34:24,612 [stage3_analysis.dnn_probe] INFO:   y range: [0.0000, 1.0000], mean=0.2314
2026-07-29 00:34:24,612 [stage3_analysis.dnn_probe] INFO:   Using config defaults: hidden=32, layers=0, lr=0.0005
2026-07-29 00:34:24,612 [stage3_analysis.dnn_probe] INFO:   Evaluating with spatial CV...
2026-07-29 00:34:26,854 [stage3_analysis.dnn_probe] INFO:     Fold 1: R2=0.3012, RMSE=0.1106, MAE=0.0740 (train=189,165, test=47,897, epochs=54)
2026-07-29 00:34:30,470 [stage3_analysis.dnn_probe] INFO:     Fold 2: R2=0.3205, RMSE=0.1247, MAE=0.0828 (train=191,016, test=46,046, epochs=100)
2026-07-29 00:34:33,927 [stage3_analysis.dnn_probe] INFO:     Fold 3: R2=0.2862, RMSE=0.1247, MAE=0.0791 (train=191,984, test=45,078, epochs=100)
2026-07-29 00:34:37,037 [stage3_analysis.dnn_probe] INFO:     Fold 4: R2=0.3284, RMSE=0.1174, MAE=0.0777 (train=188,099, test=48,963, epochs=81)
2026-07-29 00:34:40,872 [stage3_analysis.dnn_probe] INFO:     Fold 5: R2=0.3475, RMSE=0.1196, MAE=0.0808 (train=187,984, test=49,078, epochs=100)
2026-07-29 00:34:40,881 [stage3_analysis.dnn_probe] INFO:   Overall OOF: R2=0.3182, RMSE=0.1194, MAE=0.0789
2026-07-29 00:34:40,883 [stage3_analysis.dnn_probe] INFO: 
--- Target: mxi (mxi) ---
2026-07-29 00:34:40,884 [stage3_analysis.dnn_probe] INFO:   y range: [0.0000, 1.0000], mean=0.4571
2026-07-29 00:34:40,884 [stage3_analysis.dnn_probe] INFO:   Using config defaults: hidden=32, layers=0, lr=0.0005
2026-07-29 00:34:40,884 [stage3_analysis.dnn_probe] INFO:   Evaluating with spatial CV...
2026-07-29 00:34:43,768 [stage3_analysis.dnn_probe] INFO:     Fold 1: R2=0.1349, RMSE=0.2652, MAE=0.2184 (train=189,165, test=47,897, epochs=81)
2026-07-29 00:34:46,245 [stage3_analysis.dnn_probe] INFO:     Fold 2: R2=0.1023, RMSE=0.2697, MAE=0.2214 (train=191,016, test=46,046, epochs=68)
2026-07-29 00:34:48,831 [stage3_analysis.dnn_probe] INFO:     Fold 3: R2=0.1296, RMSE=0.2603, MAE=0.2124 (train=191,984, test=45,078, epochs=73)
2026-07-29 00:34:52,016 [stage3_analysis.dnn_probe] INFO:     Fold 4: R2=0.1246, RMSE=0.2665, MAE=0.2170 (train=188,099, test=48,963, epochs=87)
2026-07-29 00:34:55,347 [stage3_analysis.dnn_probe] INFO:     Fold 5: R2=0.1380, RMSE=0.2697, MAE=0.2208 (train=187,984, test=49,078, epochs=90)
2026-07-29 00:34:55,356 [stage3_analysis.dnn_probe] INFO:   Overall OOF: R2=0.1270, RMSE=0.2664, MAE=0.2181
2026-07-29 00:34:55,361 [stage3_analysis.dnn_probe] INFO: 
--- Target: l (l) ---
2026-07-29 00:34:55,362 [stage3_analysis.dnn_probe] INFO:   y range: [0.2044, 15.1212], mean=1.4302
2026-07-29 00:34:55,362 [stage3_analysis.dnn_probe] INFO:   Using config defaults: hidden=32, layers=0, lr=0.0005
2026-07-29 00:34:55,362 [stage3_analysis.dnn_probe] INFO:   Evaluating with spatial CV...
2026-07-29 00:34:58,777 [stage3_analysis.dnn_probe] INFO:     Fold 1: R2=0.3414, RMSE=0.3823, MAE=0.2381 (train=189,165, test=47,897, epochs=95)
2026-07-29 00:35:02,628 [stage3_analysis.dnn_probe] INFO:     Fold 2: R2=0.3377, RMSE=0.4195, MAE=0.2484 (train=191,016, test=46,046, epochs=96)
2026-07-29 00:35:06,169 [stage3_analysis.dnn_probe] INFO:     Fold 3: R2=0.3454, RMSE=0.4000, MAE=0.2347 (train=191,984, test=45,078, epochs=100)
2026-07-29 00:35:09,532 [stage3_analysis.dnn_probe] INFO:     Fold 4: R2=0.3536, RMSE=0.4160, MAE=0.2444 (train=188,099, test=48,963, epochs=100)
2026-07-29 00:35:12,538 [stage3_analysis.dnn_probe] INFO:     Fold 5: R2=0.3352, RMSE=0.4633, MAE=0.2602 (train=187,984, test=49,078, epochs=78)
2026-07-29 00:35:12,546 [stage3_analysis.dnn_probe] INFO:   Overall OOF: R2=0.3435, RMSE=0.4175, MAE=0.2453
2026-07-29 00:35:12,548 [stage3_analysis.dnn_probe] INFO: 
--- Target: osr (osr) ---
2026-07-29 00:35:12,549 [stage3_analysis.dnn_probe] INFO:   y range: [0.0000, 100.0000], mean=4.2096
2026-07-29 00:35:12,549 [stage3_analysis.dnn_probe] INFO:   Using config defaults: hidden=32, layers=0, lr=0.0005
2026-07-29 00:35:12,549 [stage3_analysis.dnn_probe] INFO:   Evaluating with spatial CV...
2026-07-29 00:35:14,445 [stage3_analysis.dnn_probe] INFO:     Fold 1: R2=0.0704, RMSE=5.3975, MAE=2.0365 (train=189,165, test=47,897, epochs=45)
2026-07-29 00:35:16,434 [stage3_analysis.dnn_probe] INFO:     Fold 2: R2=0.0625, RMSE=6.9139, MAE=2.3969 (train=191,016, test=46,046, epochs=43)
2026-07-29 00:35:19,270 [stage3_analysis.dnn_probe] INFO:     Fold 3: R2=0.0582, RMSE=6.0888, MAE=2.2462 (train=191,984, test=45,078, epochs=74)
2026-07-29 00:35:21,588 [stage3_analysis.dnn_probe] INFO:     Fold 4: R2=0.0872, RMSE=4.9211, MAE=2.0396 (train=188,099, test=48,963, epochs=62)
2026-07-29 00:35:24,607 [stage3_analysis.dnn_probe] INFO:     Fold 5: R2=0.0475, RMSE=7.7373, MAE=2.4394 (train=187,984, test=49,078, epochs=81)
2026-07-29 00:35:24,615 [stage3_analysis.dnn_probe] INFO:   Overall OOF: R2=0.0630, RMSE=6.2941, MAE=2.2304
2026-07-29 00:35:24,616 [stage3_analysis.dnn_probe] INFO: 
=== Summary ===
2026-07-29 00:35:24,616 [stage3_analysis.dnn_probe] INFO:   fsi (fsi): R2=0.3344, RMSE=0.3411
2026-07-29 00:35:24,616 [stage3_analysis.dnn_probe] INFO:   gsi (gsi): R2=0.3182, RMSE=0.1194
2026-07-29 00:35:24,616 [stage3_analysis.dnn_probe] INFO:   mxi (mxi): R2=0.1270, RMSE=0.2664
2026-07-29 00:35:24,616 [stage3_analysis.dnn_probe] INFO:   l (l): R2=0.3435, RMSE=0.4175
2026-07-29 00:35:24,616 [stage3_analysis.dnn_probe] INFO:   osr (osr): R2=0.0630, RMSE=6.2941
2026-07-29 00:35:24,670 [stage3_analysis.dnn_probe] INFO: Saved metrics summary to C:\Users\Bert Berkers\PycharmProjects\UrbanRepML\data\study_areas\netherlands\stage3_analysis\dnn_probe\2026-07-28\2026-07-28_accres_gvae_s44_rudifun\metrics_summary.csv
2026-07-29 00:35:26,054 [stage3_analysis.dnn_probe] INFO: Saved predictions to C:\Users\Bert Berkers\PycharmProjects\UrbanRepML\data\study_areas\netherlands\stage3_analysis\dnn_probe\2026-07-28\2026-07-28_accres_gvae_s44_rudifun
2026-07-29 00:35:26,056 [stage3_analysis.dnn_probe] INFO: Saved config to C:\Users\Bert Berkers\PycharmProjects\UrbanRepML\data\study_areas\netherlands\stage3_analysis\dnn_probe\2026-07-28\2026-07-28_accres_gvae_s44_rudifun\config.json
2026-07-29 00:35:26,090 [stage3_analysis.dnn_probe] INFO: Saved run_info.json to C:\Users\Bert Berkers\PycharmProjects\UrbanRepML\data\study_areas\netherlands\stage3_analysis\dnn_probe\2026-07-28\2026-07-28_accres_gvae_s44_rudifun\run_info.json
2026-07-29 00:35:26,180 [stage3_analysis.dnn_probe] INFO: Saved training curves to C:\Users\Bert Berkers\PycharmProjects\UrbanRepML\data\study_areas\netherlands\stage3_analysis\dnn_probe\2026-07-28\2026-07-28_accres_gvae_s44_rudifun\training_curves (25 files)
[00:35:50]   rudifun/fsi: R2=+0.33437 CI=[+0.20506, +0.41338]
[00:36:05]   rudifun/gsi: R2=+0.31824 CI=[+0.30888, +0.32768]
[00:36:20]   rudifun/mxi: R2=+0.12701 CI=[+0.12254, +0.13143]
[00:36:36]   rudifun/l: R2=+0.34351 CI=[+0.32229, +0.36347]
[00:37:07]   rudifun/osr: R2=+0.06301 CI=[+0.01824, +0.10713]
[00:37:50]   rudifun FAMILY: R2=+0.23723 CI=[+0.20917, +0.25838] p=0.00010 (unadjusted)
[00:37:50] === RES-b pvae s42 leefb ===
2026-07-29 00:37:50,584 [stage3_analysis.probe_utils] INFO: Seeded RNGs (random, numpy, torch, cuda) with seed=42
2026-07-29 00:37:50,584 [stage3_analysis.dnn_probe] INFO: === DNN Probe Regression (MLP) ===
2026-07-29 00:37:50,584 [stage3_analysis.dnn_probe] INFO: Study area: netherlands
2026-07-29 00:37:50,584 [stage3_analysis.dnn_probe] INFO: Year: 2022
2026-07-29 00:37:50,584 [stage3_analysis.dnn_probe] INFO: Device: cpu
2026-07-29 00:37:50,584 [stage3_analysis.dnn_probe] INFO: Architecture: MLP, hidden=32, layers=0
2026-07-29 00:37:50,584 [stage3_analysis.dnn_probe] INFO: Loading embeddings from C:\Users\Bert Berkers\PycharmProjects\UrbanRepML\data\study_areas\netherlands\acc_sharpening\2026-07-28\residual\pvae_s42\residual.parquet
2026-07-29 00:37:50,808 [stage3_analysis.dnn_probe] INFO:   Embedding features: 64 (resid_0..resid_63)
2026-07-29 00:37:50,808 [stage3_analysis.dnn_probe] INFO:   Embedding rows: 482,706
2026-07-29 00:37:50,808 [stage3_analysis.dnn_probe] INFO: Loading target from C:\Users\Bert Berkers\PycharmProjects\UrbanRepML\data\study_areas\netherlands\target\leefbaarometer\leefbaarometer_h3res9_2022.parquet
2026-07-29 00:37:50,842 [stage3_analysis.dnn_probe] INFO:   Target rows: 131,194
2026-07-29 00:37:51,041 [stage3_analysis.dnn_probe] INFO:   Inner join: 131,194 hexagons with both embeddings and targets
2026-07-29 00:37:51,041 [stage3_analysis.probe_utils] INFO:   JOIN RATE: n_emb=482,706 n_target=131,194 n_join=131,194 rate_vs_emb=0.2718
2026-07-29 00:37:51,041 [stage3_analysis.probe_utils] WARNING: 
  ============================================================
  LOUD WARNING: probe join rate 27.2% < 95% threshold.
  Only 131,194 of 482,706 embedding hexagons matched a target row.
  This is the SILENT-SHRINK trap: stale old-grid embeddings vs
  new-grid targets inner-join to their intersection, yielding
  plausible-looking metrics over a shrunken sample. Trust these
  numbers ONLY if this is an explicitly old-grid-paired run.
  ============================================================
2026-07-29 00:37:51,047 [stage3_analysis.dnn_probe] INFO:   After dropna: 131,194 (dropped 0)
2026-07-29 00:37:51,047 [stage3_analysis.dnn_probe] INFO:   Loading regions from C:\Users\Bert Berkers\PycharmProjects\UrbanRepML\data\study_areas\netherlands\regions_gdf\netherlands_res9.parquet
2026-07-29 00:37:51,892 [stage3_analysis.dnn_probe] INFO:   After region join: 131,194 hexagons
2026-07-29 00:37:52,021 [stage3_analysis.dnn_probe] INFO: Creating spatial blocks: 5 folds, 10000m x 10000m
2026-07-29 00:37:52,403 [stage3_analysis.dnn_probe] INFO:   Created 445 spatial blocks across 5 folds
2026-07-29 00:37:52,480 [stage3_analysis.dnn_probe] WARNING:   2 points outside all blocks, assigning to fold 1
2026-07-29 00:37:52,494 [stage3_analysis.dnn_probe] INFO:   Fold sizes: {1: 24095, 2: 25107, 3: 28086, 4: 24630, 5: 29276}
2026-07-29 00:37:52,516 [stage3_analysis.dnn_probe] INFO: 
Feature matrix: (131194, 64)
2026-07-29 00:37:52,516 [stage3_analysis.dnn_probe] INFO: Targets: ['lbm', 'fys', 'onv', 'soc', 'vrz', 'won']
2026-07-29 00:37:52,517 [stage3_analysis.dnn_probe] INFO: 
--- Target: lbm (Overall Liveability) ---
2026-07-29 00:37:52,517 [stage3_analysis.dnn_probe] INFO:   y range: [3.4200, 5.0361], mean=4.1982
2026-07-29 00:37:52,517 [stage3_analysis.dnn_probe] INFO:   Using config defaults: hidden=32, layers=0, lr=0.0005
2026-07-29 00:37:52,517 [stage3_analysis.dnn_probe] INFO:   Evaluating with spatial CV...
2026-07-29 00:37:54,030 [stage3_analysis.dnn_probe] INFO:     Fold 1: R2=0.0238, RMSE=0.1154, MAE=0.0877 (train=107,099, test=24,095, epochs=79)
2026-07-29 00:37:55,747 [stage3_analysis.dnn_probe] INFO:     Fold 2: R2=0.0179, RMSE=0.1227, MAE=0.0929 (train=106,087, test=25,107, epochs=91)
2026-07-29 00:37:56,996 [stage3_analysis.dnn_probe] INFO:     Fold 3: R2=0.0432, RMSE=0.1266, MAE=0.0965 (train=103,108, test=28,086, epochs=59)
2026-07-29 00:37:58,727 [stage3_analysis.dnn_probe] INFO:     Fold 4: R2=0.0314, RMSE=0.1178, MAE=0.0893 (train=106,564, test=24,630, epochs=93)
2026-07-29 00:38:00,327 [stage3_analysis.dnn_probe] INFO:     Fold 5: R2=0.0323, RMSE=0.1267, MAE=0.0935 (train=101,918, test=29,276, epochs=81)
2026-07-29 00:38:00,333 [stage3_analysis.dnn_probe] INFO:   Overall OOF: R2=0.0317, RMSE=0.1223, MAE=0.0922
2026-07-29 00:38:00,335 [stage3_analysis.dnn_probe] INFO: 
--- Target: fys (Physical Environment) ---
2026-07-29 00:38:00,335 [stage3_analysis.dnn_probe] INFO:   y range: [-0.7443, 0.4637], mean=-0.0030
2026-07-29 00:38:00,335 [stage3_analysis.dnn_probe] INFO:   Using config defaults: hidden=32, layers=0, lr=0.0005
2026-07-29 00:38:00,335 [stage3_analysis.dnn_probe] INFO:   Evaluating with spatial CV...
2026-07-29 00:38:02,084 [stage3_analysis.dnn_probe] INFO:     Fold 1: R2=0.0014, RMSE=0.0667, MAE=0.0482 (train=107,099, test=24,095, epochs=83)
2026-07-29 00:38:04,072 [stage3_analysis.dnn_probe] INFO:     Fold 2: R2=0.0081, RMSE=0.0667, MAE=0.0464 (train=106,087, test=25,107, epochs=100)
2026-07-29 00:38:05,749 [stage3_analysis.dnn_probe] INFO:     Fold 3: R2=0.0033, RMSE=0.0627, MAE=0.0438 (train=103,108, test=28,086, epochs=96)
2026-07-29 00:38:07,695 [stage3_analysis.dnn_probe] INFO:     Fold 4: R2=0.0103, RMSE=0.0684, MAE=0.0471 (train=106,564, test=24,630, epochs=100)
2026-07-29 00:38:09,653 [stage3_analysis.dnn_probe] INFO:     Fold 5: R2=-0.0051, RMSE=0.0684, MAE=0.0456 (train=101,918, test=29,276, epochs=100)
2026-07-29 00:38:09,658 [stage3_analysis.dnn_probe] INFO:   Overall OOF: R2=0.0055, RMSE=0.0666, MAE=0.0461
2026-07-29 00:38:09,659 [stage3_analysis.dnn_probe] INFO: 
--- Target: onv (Safety) ---
2026-07-29 00:38:09,659 [stage3_analysis.dnn_probe] INFO:   y range: [-0.4661, 0.1638], mean=0.0779
2026-07-29 00:38:09,659 [stage3_analysis.dnn_probe] INFO:   Using config defaults: hidden=32, layers=0, lr=0.0005
2026-07-29 00:38:09,659 [stage3_analysis.dnn_probe] INFO:   Evaluating with spatial CV...
2026-07-29 00:38:11,354 [stage3_analysis.dnn_probe] INFO:     Fold 1: R2=0.0210, RMSE=0.0541, MAE=0.0408 (train=107,099, test=24,095, epochs=80)
2026-07-29 00:38:12,923 [stage3_analysis.dnn_probe] INFO:     Fold 2: R2=0.0784, RMSE=0.0617, MAE=0.0439 (train=106,087, test=25,107, epochs=70)
2026-07-29 00:38:14,108 [stage3_analysis.dnn_probe] INFO:     Fold 3: R2=0.0611, RMSE=0.0698, MAE=0.0481 (train=103,108, test=28,086, epochs=55)
2026-07-29 00:38:15,159 [stage3_analysis.dnn_probe] INFO:     Fold 4: R2=0.0283, RMSE=0.0539, MAE=0.0403 (train=106,564, test=24,630, epochs=47)
2026-07-29 00:38:17,116 [stage3_analysis.dnn_probe] INFO:     Fold 5: R2=0.0700, RMSE=0.0682, MAE=0.0463 (train=101,918, test=29,276, epochs=84)
2026-07-29 00:38:17,121 [stage3_analysis.dnn_probe] INFO:   Overall OOF: R2=0.0657, RMSE=0.0624, MAE=0.0441
2026-07-29 00:38:17,122 [stage3_analysis.dnn_probe] INFO: 
--- Target: soc (Social Cohesion) ---
2026-07-29 00:38:17,123 [stage3_analysis.dnn_probe] INFO:   y range: [-0.4217, 0.4402], mean=0.0747
2026-07-29 00:38:17,123 [stage3_analysis.dnn_probe] INFO:   Using config defaults: hidden=32, layers=0, lr=0.0005
2026-07-29 00:38:17,123 [stage3_analysis.dnn_probe] INFO:   Evaluating with spatial CV...
2026-07-29 00:38:18,380 [stage3_analysis.dnn_probe] INFO:     Fold 1: R2=0.0885, RMSE=0.0509, MAE=0.0400 (train=107,099, test=24,095, epochs=58)
2026-07-29 00:38:19,820 [stage3_analysis.dnn_probe] INFO:     Fold 2: R2=0.1166, RMSE=0.0569, MAE=0.0440 (train=106,087, test=25,107, epochs=75)
2026-07-29 00:38:21,741 [stage3_analysis.dnn_probe] INFO:     Fold 3: R2=0.0936, RMSE=0.0575, MAE=0.0445 (train=103,108, test=28,086, epochs=100)
2026-07-29 00:38:23,239 [stage3_analysis.dnn_probe] INFO:     Fold 4: R2=0.0751, RMSE=0.0518, MAE=0.0407 (train=106,564, test=24,630, epochs=80)
2026-07-29 00:38:25,016 [stage3_analysis.dnn_probe] INFO:     Fold 5: R2=0.1104, RMSE=0.0579, MAE=0.0445 (train=101,918, test=29,276, epochs=100)
2026-07-29 00:38:25,020 [stage3_analysis.dnn_probe] INFO:   Overall OOF: R2=0.1055, RMSE=0.0553, MAE=0.0429
2026-07-29 00:38:25,022 [stage3_analysis.dnn_probe] INFO: 
--- Target: vrz (Amenities) ---
2026-07-29 00:38:25,022 [stage3_analysis.dnn_probe] INFO:   y range: [-0.3298, 0.6882], mean=-0.1153
2026-07-29 00:38:25,022 [stage3_analysis.dnn_probe] INFO:   Using config defaults: hidden=32, layers=0, lr=0.0005
2026-07-29 00:38:25,022 [stage3_analysis.dnn_probe] INFO:   Evaluating with spatial CV...
2026-07-29 00:38:26,816 [stage3_analysis.dnn_probe] INFO:     Fold 1: R2=0.0194, RMSE=0.0898, MAE=0.0721 (train=107,099, test=24,095, epochs=87)
2026-07-29 00:38:28,209 [stage3_analysis.dnn_probe] INFO:     Fold 2: R2=0.0871, RMSE=0.1147, MAE=0.0798 (train=106,087, test=25,107, epochs=67)
2026-07-29 00:38:30,314 [stage3_analysis.dnn_probe] INFO:     Fold 3: R2=0.0618, RMSE=0.1008, MAE=0.0772 (train=103,108, test=28,086, epochs=100)
2026-07-29 00:38:32,273 [stage3_analysis.dnn_probe] INFO:     Fold 4: R2=0.0148, RMSE=0.0817, MAE=0.0651 (train=106,564, test=24,630, epochs=100)
2026-07-29 00:38:34,053 [stage3_analysis.dnn_probe] INFO:     Fold 5: R2=0.0927, RMSE=0.0980, MAE=0.0721 (train=101,918, test=29,276, epochs=100)
2026-07-29 00:38:34,058 [stage3_analysis.dnn_probe] INFO:   Overall OOF: R2=0.0769, RMSE=0.0978, MAE=0.0734
2026-07-29 00:38:34,059 [stage3_analysis.dnn_probe] INFO: 
--- Target: won (Housing Quality) ---
2026-07-29 00:38:34,059 [stage3_analysis.dnn_probe] INFO:   y range: [-0.5287, 0.8859], mean=0.0616
2026-07-29 00:38:34,059 [stage3_analysis.dnn_probe] INFO:   Using config defaults: hidden=32, layers=0, lr=0.0005
2026-07-29 00:38:34,060 [stage3_analysis.dnn_probe] INFO:   Evaluating with spatial CV...
2026-07-29 00:38:35,253 [stage3_analysis.dnn_probe] INFO:     Fold 1: R2=0.0537, RMSE=0.0470, MAE=0.0352 (train=107,099, test=24,095, epochs=62)
2026-07-29 00:38:36,870 [stage3_analysis.dnn_probe] INFO:     Fold 2: R2=0.0820, RMSE=0.0514, MAE=0.0369 (train=106,087, test=25,107, epochs=81)
2026-07-29 00:38:38,213 [stage3_analysis.dnn_probe] INFO:     Fold 3: R2=0.0667, RMSE=0.0537, MAE=0.0392 (train=103,108, test=28,086, epochs=63)
2026-07-29 00:38:39,560 [stage3_analysis.dnn_probe] INFO:     Fold 4: R2=0.0443, RMSE=0.0481, MAE=0.0351 (train=106,564, test=24,630, epochs=69)
2026-07-29 00:38:41,055 [stage3_analysis.dnn_probe] INFO:     Fold 5: R2=0.0722, RMSE=0.0508, MAE=0.0366 (train=101,918, test=29,276, epochs=78)
2026-07-29 00:38:41,059 [stage3_analysis.dnn_probe] INFO:   Overall OOF: R2=0.0714, RMSE=0.0504, MAE=0.0367
2026-07-29 00:38:41,060 [stage3_analysis.dnn_probe] INFO: 
=== Summary ===
2026-07-29 00:38:41,060 [stage3_analysis.dnn_probe] INFO:   lbm (Overall Liveability): R2=0.0317, RMSE=0.1223
2026-07-29 00:38:41,060 [stage3_analysis.dnn_probe] INFO:   fys (Physical Environment): R2=0.0055, RMSE=0.0666
2026-07-29 00:38:41,060 [stage3_analysis.dnn_probe] INFO:   onv (Safety): R2=0.0657, RMSE=0.0624
2026-07-29 00:38:41,060 [stage3_analysis.dnn_probe] INFO:   soc (Social Cohesion): R2=0.1055, RMSE=0.0553
2026-07-29 00:38:41,060 [stage3_analysis.dnn_probe] INFO:   vrz (Amenities): R2=0.0769, RMSE=0.0978
2026-07-29 00:38:41,060 [stage3_analysis.dnn_probe] INFO:   won (Housing Quality): R2=0.0714, RMSE=0.0504
2026-07-29 00:38:41,105 [stage3_analysis.dnn_probe] INFO: Saved metrics summary to C:\Users\Bert Berkers\PycharmProjects\UrbanRepML\data\study_areas\netherlands\stage3_analysis\dnn_probe\2026-07-28\2026-07-28_accres_pvae_s42_leefb\metrics_summary.csv
2026-07-29 00:38:42,160 [stage3_analysis.dnn_probe] INFO: Saved predictions to C:\Users\Bert Berkers\PycharmProjects\UrbanRepML\data\study_areas\netherlands\stage3_analysis\dnn_probe\2026-07-28\2026-07-28_accres_pvae_s42_leefb
2026-07-29 00:38:42,163 [stage3_analysis.dnn_probe] INFO: Saved config to C:\Users\Bert Berkers\PycharmProjects\UrbanRepML\data\study_areas\netherlands\stage3_analysis\dnn_probe\2026-07-28\2026-07-28_accres_pvae_s42_leefb\config.json
2026-07-29 00:38:42,179 [stage3_analysis.dnn_probe] INFO: Saved run_info.json to C:\Users\Bert Berkers\PycharmProjects\UrbanRepML\data\study_areas\netherlands\stage3_analysis\dnn_probe\2026-07-28\2026-07-28_accres_pvae_s42_leefb\run_info.json
2026-07-29 00:38:42,317 [stage3_analysis.dnn_probe] INFO: Saved training curves to C:\Users\Bert Berkers\PycharmProjects\UrbanRepML\data\study_areas\netherlands\stage3_analysis\dnn_probe\2026-07-28\2026-07-28_accres_pvae_s42_leefb\training_curves (30 files)
[00:38:54]   leefb/lbm: R2=+0.03173 CI=[+0.02173, +0.04171]
[00:39:01]   leefb/fys: R2=+0.00550 CI=[-0.00976, +0.02047]
[00:39:07]   leefb/onv: R2=+0.06573 CI=[+0.05155, +0.07976]
[00:39:14]   leefb/soc: R2=+0.10549 CI=[+0.09673, +0.11421]
[00:39:21]   leefb/vrz: R2=+0.07691 CI=[+0.06469, +0.08891]
[00:39:27]   leefb/won: R2=+0.07145 CI=[+0.05785, +0.08488]
[00:39:52]   leefb FAMILY: R2=+0.05947 CI=[+0.05210, +0.06681] p=0.00010 (unadjusted)
[00:39:52] === RES-b pvae s42 rudifun ===
2026-07-29 00:39:52,840 [stage3_analysis.probe_utils] INFO: Seeded RNGs (random, numpy, torch, cuda) with seed=42
2026-07-29 00:39:52,840 [stage3_analysis.dnn_probe] INFO: === DNN Probe Regression (MLP) ===
2026-07-29 00:39:52,840 [stage3_analysis.dnn_probe] INFO: Study area: netherlands
2026-07-29 00:39:52,840 [stage3_analysis.dnn_probe] INFO: Year: 2022
2026-07-29 00:39:52,840 [stage3_analysis.dnn_probe] INFO: Device: cpu
2026-07-29 00:39:52,840 [stage3_analysis.dnn_probe] INFO: Architecture: MLP, hidden=32, layers=0
2026-07-29 00:39:52,840 [stage3_analysis.dnn_probe] INFO: Loading embeddings from C:\Users\Bert Berkers\PycharmProjects\UrbanRepML\data\study_areas\netherlands\acc_sharpening\2026-07-28\residual\pvae_s42\residual.parquet
2026-07-29 00:39:53,043 [stage3_analysis.dnn_probe] INFO:   Embedding features: 64 (resid_0..resid_63)
2026-07-29 00:39:53,043 [stage3_analysis.dnn_probe] INFO:   Embedding rows: 482,706
2026-07-29 00:39:53,044 [stage3_analysis.dnn_probe] INFO: Loading target from C:\Users\Bert Berkers\PycharmProjects\UrbanRepML\data\study_areas\netherlands\target\rudifun\rudifun_h3res9_2022.parquet
2026-07-29 00:39:53,100 [stage3_analysis.dnn_probe] INFO:   Target rows: 238,072
2026-07-29 00:39:53,392 [stage3_analysis.dnn_probe] INFO:   Inner join: 238,072 hexagons with both embeddings and targets
2026-07-29 00:39:53,393 [stage3_analysis.probe_utils] INFO:   JOIN RATE: n_emb=482,706 n_target=238,072 n_join=238,072 rate_vs_emb=0.4932
2026-07-29 00:39:53,393 [stage3_analysis.probe_utils] WARNING: 
  ============================================================
  LOUD WARNING: probe join rate 49.3% < 95% threshold.
  Only 238,072 of 482,706 embedding hexagons matched a target row.
  This is the SILENT-SHRINK trap: stale old-grid embeddings vs
  new-grid targets inner-join to their intersection, yielding
  plausible-looking metrics over a shrunken sample. Trust these
  numbers ONLY if this is an explicitly old-grid-paired run.
  ============================================================
2026-07-29 00:39:53,453 [stage3_analysis.dnn_probe] INFO:   After dropna: 237,062 (dropped 1,010)
2026-07-29 00:39:53,454 [stage3_analysis.dnn_probe] INFO:   Loading regions from C:\Users\Bert Berkers\PycharmProjects\UrbanRepML\data\study_areas\netherlands\regions_gdf\netherlands_res9.parquet
2026-07-29 00:39:54,625 [stage3_analysis.dnn_probe] INFO:   After region join: 237,062 hexagons
2026-07-29 00:39:54,755 [stage3_analysis.dnn_probe] INFO: Creating spatial blocks: 5 folds, 10000m x 10000m
2026-07-29 00:39:55,731 [stage3_analysis.dnn_probe] INFO:   Created 461 spatial blocks across 5 folds
2026-07-29 00:39:55,898 [stage3_analysis.dnn_probe] WARNING:   2 points outside all blocks, assigning to fold 1
2026-07-29 00:39:55,937 [stage3_analysis.dnn_probe] INFO:   Fold sizes: {1: 48231, 2: 45624, 3: 48856, 4: 45974, 5: 48377}
2026-07-29 00:39:55,992 [stage3_analysis.dnn_probe] INFO: 
Feature matrix: (237062, 64)
2026-07-29 00:39:55,992 [stage3_analysis.dnn_probe] INFO: Targets: ['fsi', 'gsi', 'mxi', 'l', 'osr']
2026-07-29 00:39:55,994 [stage3_analysis.dnn_probe] INFO: 
--- Target: fsi (fsi) ---
2026-07-29 00:39:55,994 [stage3_analysis.dnn_probe] INFO:   y range: [0.0000, 46.7058], mean=0.3647
2026-07-29 00:39:55,994 [stage3_analysis.dnn_probe] INFO:   Using config defaults: hidden=32, layers=0, lr=0.0005
2026-07-29 00:39:55,994 [stage3_analysis.dnn_probe] INFO:   Evaluating with spatial CV...
2026-07-29 00:39:58,898 [stage3_analysis.dnn_probe] INFO:     Fold 1: R2=0.0702, RMSE=0.3839, MAE=0.2173 (train=188,831, test=48,231, epochs=77)
2026-07-29 00:40:01,718 [stage3_analysis.dnn_probe] INFO:     Fold 2: R2=0.0603, RMSE=0.3619, MAE=0.2054 (train=191,438, test=45,624, epochs=78)
2026-07-29 00:40:04,759 [stage3_analysis.dnn_probe] INFO:     Fold 3: R2=0.0800, RMSE=0.4362, MAE=0.2223 (train=188,206, test=48,856, epochs=81)
2026-07-29 00:40:07,801 [stage3_analysis.dnn_probe] INFO:     Fold 4: R2=0.0618, RMSE=0.4357, MAE=0.2135 (train=191,088, test=45,974, epochs=82)
2026-07-29 00:40:11,195 [stage3_analysis.dnn_probe] INFO:     Fold 5: R2=0.0903, RMSE=0.3879, MAE=0.2175 (train=188,685, test=48,377, epochs=100)
2026-07-29 00:40:11,203 [stage3_analysis.dnn_probe] INFO:   Overall OOF: R2=0.0737, RMSE=0.4024, MAE=0.2153
2026-07-29 00:40:11,205 [stage3_analysis.dnn_probe] INFO: 
--- Target: gsi (gsi) ---
2026-07-29 00:40:11,205 [stage3_analysis.dnn_probe] INFO:   y range: [0.0000, 1.0000], mean=0.2314
2026-07-29 00:40:11,205 [stage3_analysis.dnn_probe] INFO:   Using config defaults: hidden=32, layers=0, lr=0.0005
2026-07-29 00:40:11,205 [stage3_analysis.dnn_probe] INFO:   Evaluating with spatial CV...
2026-07-29 00:40:13,959 [stage3_analysis.dnn_probe] INFO:     Fold 1: R2=0.0622, RMSE=0.1474, MAE=0.1025 (train=188,831, test=48,231, epochs=78)
2026-07-29 00:40:16,770 [stage3_analysis.dnn_probe] INFO:     Fold 2: R2=0.0558, RMSE=0.1311, MAE=0.0918 (train=191,438, test=45,624, epochs=79)
2026-07-29 00:40:20,180 [stage3_analysis.dnn_probe] INFO:     Fold 3: R2=0.0718, RMSE=0.1422, MAE=0.0976 (train=188,206, test=48,856, epochs=86)
2026-07-29 00:40:23,790 [stage3_analysis.dnn_probe] INFO:     Fold 4: R2=0.0739, RMSE=0.1400, MAE=0.0961 (train=191,088, test=45,974, epochs=100)
2026-07-29 00:40:26,238 [stage3_analysis.dnn_probe] INFO:     Fold 5: R2=0.0859, RMSE=0.1351, MAE=0.0960 (train=188,685, test=48,377, epochs=61)
2026-07-29 00:40:26,248 [stage3_analysis.dnn_probe] INFO:   Overall OOF: R2=0.0712, RMSE=0.1394, MAE=0.0969
2026-07-29 00:40:26,253 [stage3_analysis.dnn_probe] INFO: 
--- Target: mxi (mxi) ---
2026-07-29 00:40:26,254 [stage3_analysis.dnn_probe] INFO:   y range: [0.0000, 1.0000], mean=0.4571
2026-07-29 00:40:26,254 [stage3_analysis.dnn_probe] INFO:   Using config defaults: hidden=32, layers=0, lr=0.0005
2026-07-29 00:40:26,254 [stage3_analysis.dnn_probe] INFO:   Evaluating with spatial CV...
2026-07-29 00:40:29,034 [stage3_analysis.dnn_probe] INFO:     Fold 1: R2=0.0523, RMSE=0.2865, MAE=0.2420 (train=188,831, test=48,231, epochs=74)
2026-07-29 00:40:31,387 [stage3_analysis.dnn_probe] INFO:     Fold 2: R2=0.0541, RMSE=0.2675, MAE=0.2208 (train=191,438, test=45,624, epochs=70)
2026-07-29 00:40:33,780 [stage3_analysis.dnn_probe] INFO:     Fold 3: R2=0.0504, RMSE=0.2765, MAE=0.2323 (train=188,206, test=48,856, epochs=65)
2026-07-29 00:40:37,263 [stage3_analysis.dnn_probe] INFO:     Fold 4: R2=0.0438, RMSE=0.2750, MAE=0.2291 (train=191,088, test=45,974, epochs=100)
2026-07-29 00:40:39,809 [stage3_analysis.dnn_probe] INFO:     Fold 5: R2=0.0483, RMSE=0.2818, MAE=0.2353 (train=188,685, test=48,377, epochs=69)
2026-07-29 00:40:39,817 [stage3_analysis.dnn_probe] INFO:   Overall OOF: R2=0.0515, RMSE=0.2777, MAE=0.2320
2026-07-29 00:40:39,819 [stage3_analysis.dnn_probe] INFO: 
--- Target: l (l) ---
2026-07-29 00:40:39,819 [stage3_analysis.dnn_probe] INFO:   y range: [0.2044, 15.1212], mean=1.4302
2026-07-29 00:40:39,819 [stage3_analysis.dnn_probe] INFO:   Using config defaults: hidden=32, layers=0, lr=0.0005
2026-07-29 00:40:39,819 [stage3_analysis.dnn_probe] INFO:   Evaluating with spatial CV...
2026-07-29 00:40:43,092 [stage3_analysis.dnn_probe] INFO:     Fold 1: R2=0.0586, RMSE=0.4968, MAE=0.3269 (train=188,831, test=48,231, epochs=95)
2026-07-29 00:40:45,509 [stage3_analysis.dnn_probe] INFO:     Fold 2: R2=0.0720, RMSE=0.4498, MAE=0.3001 (train=191,438, test=45,624, epochs=62)
2026-07-29 00:40:48,709 [stage3_analysis.dnn_probe] INFO:     Fold 3: R2=0.0713, RMSE=0.5112, MAE=0.3270 (train=188,206, test=48,856, epochs=82)
2026-07-29 00:40:51,679 [stage3_analysis.dnn_probe] INFO:     Fold 4: R2=0.0663, RMSE=0.4814, MAE=0.3215 (train=191,088, test=45,974, epochs=100)
2026-07-29 00:40:54,575 [stage3_analysis.dnn_probe] INFO:     Fold 5: R2=0.0690, RMSE=0.5397, MAE=0.3371 (train=188,685, test=48,377, epochs=77)
2026-07-29 00:40:54,583 [stage3_analysis.dnn_probe] INFO:   Overall OOF: R2=0.0683, RMSE=0.4974, MAE=0.3228
2026-07-29 00:40:54,585 [stage3_analysis.dnn_probe] INFO: 
--- Target: osr (osr) ---
2026-07-29 00:40:54,585 [stage3_analysis.dnn_probe] INFO:   y range: [0.0000, 100.0000], mean=4.2096
2026-07-29 00:40:54,585 [stage3_analysis.dnn_probe] INFO:   Using config defaults: hidden=32, layers=0, lr=0.0005
2026-07-29 00:40:54,585 [stage3_analysis.dnn_probe] INFO:   Evaluating with spatial CV...
2026-07-29 00:40:56,911 [stage3_analysis.dnn_probe] INFO:     Fold 1: R2=0.0316, RMSE=8.9844, MAE=3.0569 (train=188,831, test=48,231, epochs=59)
2026-07-29 00:41:00,076 [stage3_analysis.dnn_probe] INFO:     Fold 2: R2=0.0334, RMSE=5.1224, MAE=2.3063 (train=191,438, test=45,624, epochs=97)
2026-07-29 00:41:02,436 [stage3_analysis.dnn_probe] INFO:     Fold 3: R2=0.0236, RMSE=5.7933, MAE=2.3907 (train=188,206, test=48,856, epochs=63)
2026-07-29 00:41:05,172 [stage3_analysis.dnn_probe] INFO:     Fold 4: R2=0.0288, RMSE=5.3518, MAE=2.2823 (train=191,088, test=45,974, epochs=71)
2026-07-29 00:41:07,942 [stage3_analysis.dnn_probe] INFO:     Fold 5: R2=0.0451, RMSE=5.8091, MAE=2.3971 (train=188,685, test=48,377, epochs=89)
2026-07-29 00:41:07,951 [stage3_analysis.dnn_probe] INFO:   Overall OOF: R2=0.0343, RMSE=6.3899, MAE=2.4903
2026-07-29 00:41:07,952 [stage3_analysis.dnn_probe] INFO: 
=== Summary ===
2026-07-29 00:41:07,952 [stage3_analysis.dnn_probe] INFO:   fsi (fsi): R2=0.0737, RMSE=0.4024
2026-07-29 00:41:07,952 [stage3_analysis.dnn_probe] INFO:   gsi (gsi): R2=0.0712, RMSE=0.1394
2026-07-29 00:41:07,952 [stage3_analysis.dnn_probe] INFO:   mxi (mxi): R2=0.0515, RMSE=0.2777
2026-07-29 00:41:07,952 [stage3_analysis.dnn_probe] INFO:   l (l): R2=0.0683, RMSE=0.4974
2026-07-29 00:41:07,952 [stage3_analysis.dnn_probe] INFO:   osr (osr): R2=0.0343, RMSE=6.3899
2026-07-29 00:41:08,004 [stage3_analysis.dnn_probe] INFO: Saved metrics summary to C:\Users\Bert Berkers\PycharmProjects\UrbanRepML\data\study_areas\netherlands\stage3_analysis\dnn_probe\2026-07-28\2026-07-28_accres_pvae_s42_rudifun\metrics_summary.csv
2026-07-29 00:41:09,499 [stage3_analysis.dnn_probe] INFO: Saved predictions to C:\Users\Bert Berkers\PycharmProjects\UrbanRepML\data\study_areas\netherlands\stage3_analysis\dnn_probe\2026-07-28\2026-07-28_accres_pvae_s42_rudifun
2026-07-29 00:41:09,500 [stage3_analysis.dnn_probe] INFO: Saved config to C:\Users\Bert Berkers\PycharmProjects\UrbanRepML\data\study_areas\netherlands\stage3_analysis\dnn_probe\2026-07-28\2026-07-28_accres_pvae_s42_rudifun\config.json
2026-07-29 00:41:09,512 [stage3_analysis.dnn_probe] INFO: Saved run_info.json to C:\Users\Bert Berkers\PycharmProjects\UrbanRepML\data\study_areas\netherlands\stage3_analysis\dnn_probe\2026-07-28\2026-07-28_accres_pvae_s42_rudifun\run_info.json
2026-07-29 00:41:09,573 [stage3_analysis.dnn_probe] INFO: Saved training curves to C:\Users\Bert Berkers\PycharmProjects\UrbanRepML\data\study_areas\netherlands\stage3_analysis\dnn_probe\2026-07-28\2026-07-28_accres_pvae_s42_rudifun\training_curves (25 files)
[00:41:22]   rudifun/fsi: R2=+0.07371 CI=[-0.05903, +0.15578]
[00:41:34]   rudifun/gsi: R2=+0.07118 CI=[+0.06051, +0.08183]
[00:41:58]   rudifun/mxi: R2=+0.05146 CI=[+0.04710, +0.05568]
[00:42:10]   rudifun/l: R2=+0.06829 CI=[+0.04470, +0.09075]
[00:42:23]   rudifun/osr: R2=+0.03430 CI=[-0.01019, +0.07798]
[00:43:03]   rudifun FAMILY: R2=+0.05979 CI=[+0.03119, +0.08160] p=0.00010 (unadjusted)
[00:43:03] === RES-b pvae s43 leefb ===
2026-07-29 00:43:03,977 [stage3_analysis.probe_utils] INFO: Seeded RNGs (random, numpy, torch, cuda) with seed=43
2026-07-29 00:43:03,977 [stage3_analysis.dnn_probe] INFO: === DNN Probe Regression (MLP) ===
2026-07-29 00:43:03,977 [stage3_analysis.dnn_probe] INFO: Study area: netherlands
2026-07-29 00:43:03,977 [stage3_analysis.dnn_probe] INFO: Year: 2022
2026-07-29 00:43:03,977 [stage3_analysis.dnn_probe] INFO: Device: cpu
2026-07-29 00:43:03,977 [stage3_analysis.dnn_probe] INFO: Architecture: MLP, hidden=32, layers=0
2026-07-29 00:43:03,977 [stage3_analysis.dnn_probe] INFO: Loading embeddings from C:\Users\Bert Berkers\PycharmProjects\UrbanRepML\data\study_areas\netherlands\acc_sharpening\2026-07-28\residual\pvae_s43\residual.parquet
2026-07-29 00:43:04,214 [stage3_analysis.dnn_probe] INFO:   Embedding features: 64 (resid_0..resid_63)
2026-07-29 00:43:04,214 [stage3_analysis.dnn_probe] INFO:   Embedding rows: 482,706
2026-07-29 00:43:04,214 [stage3_analysis.dnn_probe] INFO: Loading target from C:\Users\Bert Berkers\PycharmProjects\UrbanRepML\data\study_areas\netherlands\target\leefbaarometer\leefbaarometer_h3res9_2022.parquet
2026-07-29 00:43:04,256 [stage3_analysis.dnn_probe] INFO:   Target rows: 131,194
2026-07-29 00:43:04,516 [stage3_analysis.dnn_probe] INFO:   Inner join: 131,194 hexagons with both embeddings and targets
2026-07-29 00:43:04,516 [stage3_analysis.probe_utils] INFO:   JOIN RATE: n_emb=482,706 n_target=131,194 n_join=131,194 rate_vs_emb=0.2718
2026-07-29 00:43:04,516 [stage3_analysis.probe_utils] WARNING: 
  ============================================================
  LOUD WARNING: probe join rate 27.2% < 95% threshold.
  Only 131,194 of 482,706 embedding hexagons matched a target row.
  This is the SILENT-SHRINK trap: stale old-grid embeddings vs
  new-grid targets inner-join to their intersection, yielding
  plausible-looking metrics over a shrunken sample. Trust these
  numbers ONLY if this is an explicitly old-grid-paired run.
  ============================================================
2026-07-29 00:43:04,523 [stage3_analysis.dnn_probe] INFO:   After dropna: 131,194 (dropped 0)
2026-07-29 00:43:04,524 [stage3_analysis.dnn_probe] INFO:   Loading regions from C:\Users\Bert Berkers\PycharmProjects\UrbanRepML\data\study_areas\netherlands\regions_gdf\netherlands_res9.parquet
2026-07-29 00:43:06,392 [stage3_analysis.dnn_probe] INFO:   After region join: 131,194 hexagons
2026-07-29 00:43:06,871 [stage3_analysis.dnn_probe] INFO: Creating spatial blocks: 5 folds, 10000m x 10000m
2026-07-29 00:43:08,254 [stage3_analysis.dnn_probe] INFO:   Created 445 spatial blocks across 5 folds
2026-07-29 00:43:08,529 [stage3_analysis.dnn_probe] WARNING:   2 points outside all blocks, assigning to fold 1
2026-07-29 00:43:08,580 [stage3_analysis.dnn_probe] INFO:   Fold sizes: {1: 27761, 2: 25997, 3: 25267, 4: 25476, 5: 26693}
2026-07-29 00:43:08,658 [stage3_analysis.dnn_probe] INFO: 
Feature matrix: (131194, 64)
2026-07-29 00:43:08,658 [stage3_analysis.dnn_probe] INFO: Targets: ['lbm', 'fys', 'onv', 'soc', 'vrz', 'won']
2026-07-29 00:43:08,661 [stage3_analysis.dnn_probe] INFO: 
--- Target: lbm (Overall Liveability) ---
2026-07-29 00:43:08,662 [stage3_analysis.dnn_probe] INFO:   y range: [3.4200, 5.0361], mean=4.1982
2026-07-29 00:43:08,662 [stage3_analysis.dnn_probe] INFO:   Using config defaults: hidden=32, layers=0, lr=0.0005
2026-07-29 00:43:08,662 [stage3_analysis.dnn_probe] INFO:   Evaluating with spatial CV...
2026-07-29 00:43:10,989 [stage3_analysis.dnn_probe] INFO:     Fold 1: R2=0.0314, RMSE=0.1140, MAE=0.0869 (train=103,433, test=27,761, epochs=100)
2026-07-29 00:43:12,805 [stage3_analysis.dnn_probe] INFO:     Fold 2: R2=0.0209, RMSE=0.1192, MAE=0.0908 (train=105,197, test=25,997, epochs=98)
2026-07-29 00:43:14,580 [stage3_analysis.dnn_probe] INFO:     Fold 3: R2=0.0201, RMSE=0.1327, MAE=0.0991 (train=105,927, test=25,267, epochs=100)
2026-07-29 00:43:16,370 [stage3_analysis.dnn_probe] INFO:     Fold 4: R2=0.0150, RMSE=0.1259, MAE=0.0959 (train=105,718, test=25,476, epochs=100)
2026-07-29 00:43:17,725 [stage3_analysis.dnn_probe] INFO:     Fold 5: R2=0.0288, RMSE=0.1215, MAE=0.0911 (train=104,501, test=26,693, epochs=65)
2026-07-29 00:43:17,730 [stage3_analysis.dnn_probe] INFO:   Overall OOF: R2=0.0253, RMSE=0.1227, MAE=0.0926
2026-07-29 00:43:17,732 [stage3_analysis.dnn_probe] INFO: 
--- Target: fys (Physical Environment) ---
2026-07-29 00:43:17,732 [stage3_analysis.dnn_probe] INFO:   y range: [-0.7443, 0.4637], mean=-0.0030
2026-07-29 00:43:17,732 [stage3_analysis.dnn_probe] INFO:   Using config defaults: hidden=32, layers=0, lr=0.0005
2026-07-29 00:43:17,732 [stage3_analysis.dnn_probe] INFO:   Evaluating with spatial CV...
2026-07-29 00:43:19,579 [stage3_analysis.dnn_probe] INFO:     Fold 1: R2=-0.0002, RMSE=0.0645, MAE=0.0450 (train=103,433, test=27,761, epochs=100)
2026-07-29 00:43:21,465 [stage3_analysis.dnn_probe] INFO:     Fold 2: R2=-0.0005, RMSE=0.0693, MAE=0.0489 (train=105,197, test=25,997, epochs=100)
2026-07-29 00:43:23,310 [stage3_analysis.dnn_probe] INFO:     Fold 3: R2=0.0095, RMSE=0.0703, MAE=0.0468 (train=105,927, test=25,267, epochs=93)
2026-07-29 00:43:25,189 [stage3_analysis.dnn_probe] INFO:     Fold 4: R2=0.0028, RMSE=0.0640, MAE=0.0454 (train=105,718, test=25,476, epochs=91)
2026-07-29 00:43:27,071 [stage3_analysis.dnn_probe] INFO:     Fold 5: R2=0.0031, RMSE=0.0651, MAE=0.0448 (train=104,501, test=26,693, epochs=100)
2026-07-29 00:43:27,076 [stage3_analysis.dnn_probe] INFO:   Overall OOF: R2=0.0041, RMSE=0.0666, MAE=0.0462
2026-07-29 00:43:27,077 [stage3_analysis.dnn_probe] INFO: 
--- Target: onv (Safety) ---
2026-07-29 00:43:27,077 [stage3_analysis.dnn_probe] INFO:   y range: [-0.4661, 0.1638], mean=0.0779
2026-07-29 00:43:27,077 [stage3_analysis.dnn_probe] INFO:   Using config defaults: hidden=32, layers=0, lr=0.0005
2026-07-29 00:43:27,077 [stage3_analysis.dnn_probe] INFO:   Evaluating with spatial CV...
2026-07-29 00:43:28,912 [stage3_analysis.dnn_probe] INFO:     Fold 1: R2=0.0560, RMSE=0.0577, MAE=0.0421 (train=103,433, test=27,761, epochs=89)
2026-07-29 00:43:30,727 [stage3_analysis.dnn_probe] INFO:     Fold 2: R2=0.0539, RMSE=0.0610, MAE=0.0438 (train=105,197, test=25,997, epochs=85)
2026-07-29 00:43:32,236 [stage3_analysis.dnn_probe] INFO:     Fold 3: R2=0.0612, RMSE=0.0665, MAE=0.0462 (train=105,927, test=25,267, epochs=89)
2026-07-29 00:43:34,194 [stage3_analysis.dnn_probe] INFO:     Fold 4: R2=0.0771, RMSE=0.0619, MAE=0.0438 (train=105,718, test=25,476, epochs=100)
2026-07-29 00:43:35,545 [stage3_analysis.dnn_probe] INFO:     Fold 5: R2=0.0636, RMSE=0.0651, MAE=0.0456 (train=104,501, test=26,693, epochs=66)
2026-07-29 00:43:35,550 [stage3_analysis.dnn_probe] INFO:   Overall OOF: R2=0.0643, RMSE=0.0624, MAE=0.0443
2026-07-29 00:43:35,551 [stage3_analysis.dnn_probe] INFO: 
--- Target: soc (Social Cohesion) ---
2026-07-29 00:43:35,551 [stage3_analysis.dnn_probe] INFO:   y range: [-0.4217, 0.4402], mean=0.0747
2026-07-29 00:43:35,551 [stage3_analysis.dnn_probe] INFO:   Using config defaults: hidden=32, layers=0, lr=0.0005
2026-07-29 00:43:35,551 [stage3_analysis.dnn_probe] INFO:   Evaluating with spatial CV...
2026-07-29 00:43:37,316 [stage3_analysis.dnn_probe] INFO:     Fold 1: R2=0.0904, RMSE=0.0531, MAE=0.0416 (train=103,433, test=27,761, epochs=98)
2026-07-29 00:43:38,910 [stage3_analysis.dnn_probe] INFO:     Fold 2: R2=0.0853, RMSE=0.0557, MAE=0.0431 (train=105,197, test=25,997, epochs=89)
2026-07-29 00:43:40,664 [stage3_analysis.dnn_probe] INFO:     Fold 3: R2=0.0969, RMSE=0.0562, MAE=0.0432 (train=105,927, test=25,267, epochs=92)
2026-07-29 00:43:42,833 [stage3_analysis.dnn_probe] INFO:     Fold 4: R2=0.1214, RMSE=0.0548, MAE=0.0429 (train=105,718, test=25,476, epochs=100)
2026-07-29 00:43:44,435 [stage3_analysis.dnn_probe] INFO:     Fold 5: R2=0.0955, RMSE=0.0573, MAE=0.0448 (train=104,501, test=26,693, epochs=79)
2026-07-29 00:43:44,440 [stage3_analysis.dnn_probe] INFO:   Overall OOF: R2=0.0997, RMSE=0.0554, MAE=0.0431
2026-07-29 00:43:44,441 [stage3_analysis.dnn_probe] INFO: 
--- Target: vrz (Amenities) ---
2026-07-29 00:43:44,441 [stage3_analysis.dnn_probe] INFO:   y range: [-0.3298, 0.6882], mean=-0.1153
2026-07-29 00:43:44,441 [stage3_analysis.dnn_probe] INFO:   Using config defaults: hidden=32, layers=0, lr=0.0005
2026-07-29 00:43:44,441 [stage3_analysis.dnn_probe] INFO:   Evaluating with spatial CV...
2026-07-29 00:43:46,265 [stage3_analysis.dnn_probe] INFO:     Fold 1: R2=0.0698, RMSE=0.0879, MAE=0.0685 (train=103,433, test=27,761, epochs=91)
2026-07-29 00:43:48,033 [stage3_analysis.dnn_probe] INFO:     Fold 2: R2=0.0583, RMSE=0.0992, MAE=0.0765 (train=105,197, test=25,997, epochs=81)
2026-07-29 00:43:49,461 [stage3_analysis.dnn_probe] INFO:     Fold 3: R2=0.0862, RMSE=0.0938, MAE=0.0708 (train=105,927, test=25,267, epochs=68)
2026-07-29 00:43:51,414 [stage3_analysis.dnn_probe] INFO:     Fold 4: R2=0.0729, RMSE=0.1093, MAE=0.0768 (train=105,718, test=25,476, epochs=100)
2026-07-29 00:43:53,254 [stage3_analysis.dnn_probe] INFO:     Fold 5: R2=0.0711, RMSE=0.0980, MAE=0.0748 (train=104,501, test=26,693, epochs=89)
2026-07-29 00:43:53,258 [stage3_analysis.dnn_probe] INFO:   Overall OOF: R2=0.0784, RMSE=0.0977, MAE=0.0734
2026-07-29 00:43:53,259 [stage3_analysis.dnn_probe] INFO: 
--- Target: won (Housing Quality) ---
2026-07-29 00:43:53,260 [stage3_analysis.dnn_probe] INFO:   y range: [-0.5287, 0.8859], mean=0.0616
2026-07-29 00:43:53,260 [stage3_analysis.dnn_probe] INFO:   Using config defaults: hidden=32, layers=0, lr=0.0005
2026-07-29 00:43:53,260 [stage3_analysis.dnn_probe] INFO:   Evaluating with spatial CV...
2026-07-29 00:43:55,224 [stage3_analysis.dnn_probe] INFO:     Fold 1: R2=0.0655, RMSE=0.0497, MAE=0.0364 (train=103,433, test=27,761, epochs=100)
2026-07-29 00:43:56,705 [stage3_analysis.dnn_probe] INFO:     Fold 2: R2=0.0678, RMSE=0.0488, MAE=0.0361 (train=105,197, test=25,997, epochs=73)
2026-07-29 00:43:58,060 [stage3_analysis.dnn_probe] INFO:     Fold 3: R2=0.0727, RMSE=0.0527, MAE=0.0381 (train=105,927, test=25,267, epochs=72)
2026-07-29 00:43:59,867 [stage3_analysis.dnn_probe] INFO:     Fold 4: R2=0.0706, RMSE=0.0506, MAE=0.0365 (train=105,718, test=25,476, epochs=91)
2026-07-29 00:44:01,729 [stage3_analysis.dnn_probe] INFO:     Fold 5: R2=0.0605, RMSE=0.0506, MAE=0.0369 (train=104,501, test=26,693, epochs=83)
2026-07-29 00:44:01,735 [stage3_analysis.dnn_probe] INFO:   Overall OOF: R2=0.0689, RMSE=0.0505, MAE=0.0368
2026-07-29 00:44:01,735 [stage3_analysis.dnn_probe] INFO: 
=== Summary ===
2026-07-29 00:44:01,735 [stage3_analysis.dnn_probe] INFO:   lbm (Overall Liveability): R2=0.0253, RMSE=0.1227
2026-07-29 00:44:01,735 [stage3_analysis.dnn_probe] INFO:   fys (Physical Environment): R2=0.0041, RMSE=0.0666
2026-07-29 00:44:01,735 [stage3_analysis.dnn_probe] INFO:   onv (Safety): R2=0.0643, RMSE=0.0624
2026-07-29 00:44:01,735 [stage3_analysis.dnn_probe] INFO:   soc (Social Cohesion): R2=0.0997, RMSE=0.0554
2026-07-29 00:44:01,735 [stage3_analysis.dnn_probe] INFO:   vrz (Amenities): R2=0.0784, RMSE=0.0977
2026-07-29 00:44:01,735 [stage3_analysis.dnn_probe] INFO:   won (Housing Quality): R2=0.0689, RMSE=0.0505
2026-07-29 00:44:01,781 [stage3_analysis.dnn_probe] INFO: Saved metrics summary to C:\Users\Bert Berkers\PycharmProjects\UrbanRepML\data\study_areas\netherlands\stage3_analysis\dnn_probe\2026-07-28\2026-07-28_accres_pvae_s43_leefb\metrics_summary.csv
2026-07-29 00:44:02,357 [stage3_analysis.dnn_probe] INFO: Saved predictions to C:\Users\Bert Berkers\PycharmProjects\UrbanRepML\data\study_areas\netherlands\stage3_analysis\dnn_probe\2026-07-28\2026-07-28_accres_pvae_s43_leefb
2026-07-29 00:44:02,358 [stage3_analysis.dnn_probe] INFO: Saved config to C:\Users\Bert Berkers\PycharmProjects\UrbanRepML\data\study_areas\netherlands\stage3_analysis\dnn_probe\2026-07-28\2026-07-28_accres_pvae_s43_leefb\config.json
2026-07-29 00:44:02,380 [stage3_analysis.dnn_probe] INFO: Saved run_info.json to C:\Users\Bert Berkers\PycharmProjects\UrbanRepML\data\study_areas\netherlands\stage3_analysis\dnn_probe\2026-07-28\2026-07-28_accres_pvae_s43_leefb\run_info.json
2026-07-29 00:44:02,496 [stage3_analysis.dnn_probe] INFO: Saved training curves to C:\Users\Bert Berkers\PycharmProjects\UrbanRepML\data\study_areas\netherlands\stage3_analysis\dnn_probe\2026-07-28\2026-07-28_accres_pvae_s43_leefb\training_curves (30 files)
[00:44:18]   leefb/lbm: R2=+0.02535 CI=[+0.01531, +0.03528]
[00:44:25]   leefb/fys: R2=+0.00413 CI=[-0.01121, +0.01929]
[00:44:32]   leefb/onv: R2=+0.06434 CI=[+0.05033, +0.07820]
[00:44:47]   leefb/soc: R2=+0.09968 CI=[+0.09088, +0.10843]
[00:45:01]   leefb/vrz: R2=+0.07843 CI=[+0.06601, +0.09057]
[00:45:09]   leefb/won: R2=+0.06886 CI=[+0.05522, +0.08243]
[00:45:30]   leefb FAMILY: R2=+0.05680 CI=[+0.04953, +0.06418] p=0.00010 (unadjusted)
[00:45:30] === RES-b pvae s43 rudifun ===
2026-07-29 00:45:30,787 [stage3_analysis.probe_utils] INFO: Seeded RNGs (random, numpy, torch, cuda) with seed=43
2026-07-29 00:45:30,787 [stage3_analysis.dnn_probe] INFO: === DNN Probe Regression (MLP) ===
2026-07-29 00:45:30,787 [stage3_analysis.dnn_probe] INFO: Study area: netherlands
2026-07-29 00:45:30,787 [stage3_analysis.dnn_probe] INFO: Year: 2022
2026-07-29 00:45:30,787 [stage3_analysis.dnn_probe] INFO: Device: cpu
2026-07-29 00:45:30,787 [stage3_analysis.dnn_probe] INFO: Architecture: MLP, hidden=32, layers=0
2026-07-29 00:45:30,787 [stage3_analysis.dnn_probe] INFO: Loading embeddings from C:\Users\Bert Berkers\PycharmProjects\UrbanRepML\data\study_areas\netherlands\acc_sharpening\2026-07-28\residual\pvae_s43\residual.parquet
2026-07-29 00:45:30,985 [stage3_analysis.dnn_probe] INFO:   Embedding features: 64 (resid_0..resid_63)
2026-07-29 00:45:30,985 [stage3_analysis.dnn_probe] INFO:   Embedding rows: 482,706
2026-07-29 00:45:30,985 [stage3_analysis.dnn_probe] INFO: Loading target from C:\Users\Bert Berkers\PycharmProjects\UrbanRepML\data\study_areas\netherlands\target\rudifun\rudifun_h3res9_2022.parquet
2026-07-29 00:45:31,042 [stage3_analysis.dnn_probe] INFO:   Target rows: 238,072
2026-07-29 00:45:31,330 [stage3_analysis.dnn_probe] INFO:   Inner join: 238,072 hexagons with both embeddings and targets
2026-07-29 00:45:31,330 [stage3_analysis.probe_utils] INFO:   JOIN RATE: n_emb=482,706 n_target=238,072 n_join=238,072 rate_vs_emb=0.4932
2026-07-29 00:45:31,330 [stage3_analysis.probe_utils] WARNING: 
  ============================================================
  LOUD WARNING: probe join rate 49.3% < 95% threshold.
  Only 238,072 of 482,706 embedding hexagons matched a target row.
  This is the SILENT-SHRINK trap: stale old-grid embeddings vs
  new-grid targets inner-join to their intersection, yielding
  plausible-looking metrics over a shrunken sample. Trust these
  numbers ONLY if this is an explicitly old-grid-paired run.
  ============================================================
2026-07-29 00:45:31,389 [stage3_analysis.dnn_probe] INFO:   After dropna: 237,062 (dropped 1,010)
2026-07-29 00:45:31,389 [stage3_analysis.dnn_probe] INFO:   Loading regions from C:\Users\Bert Berkers\PycharmProjects\UrbanRepML\data\study_areas\netherlands\regions_gdf\netherlands_res9.parquet
2026-07-29 00:45:32,559 [stage3_analysis.dnn_probe] INFO:   After region join: 237,062 hexagons
2026-07-29 00:45:32,683 [stage3_analysis.dnn_probe] INFO: Creating spatial blocks: 5 folds, 10000m x 10000m
2026-07-29 00:45:33,362 [stage3_analysis.dnn_probe] INFO:   Created 461 spatial blocks across 5 folds
2026-07-29 00:45:33,497 [stage3_analysis.dnn_probe] WARNING:   2 points outside all blocks, assigning to fold 1
2026-07-29 00:45:33,525 [stage3_analysis.dnn_probe] INFO:   Fold sizes: {1: 47818, 2: 48325, 3: 47290, 4: 44557, 5: 49072}
2026-07-29 00:45:33,562 [stage3_analysis.dnn_probe] INFO: 
Feature matrix: (237062, 64)
2026-07-29 00:45:33,563 [stage3_analysis.dnn_probe] INFO: Targets: ['fsi', 'gsi', 'mxi', 'l', 'osr']
2026-07-29 00:45:33,564 [stage3_analysis.dnn_probe] INFO: 
--- Target: fsi (fsi) ---
2026-07-29 00:45:33,564 [stage3_analysis.dnn_probe] INFO:   y range: [0.0000, 46.7058], mean=0.3647
2026-07-29 00:45:33,564 [stage3_analysis.dnn_probe] INFO:   Using config defaults: hidden=32, layers=0, lr=0.0005
2026-07-29 00:45:33,564 [stage3_analysis.dnn_probe] INFO:   Evaluating with spatial CV...
2026-07-29 00:45:36,959 [stage3_analysis.dnn_probe] INFO:     Fold 1: R2=0.0636, RMSE=0.3893, MAE=0.2111 (train=189,244, test=47,818, epochs=98)
2026-07-29 00:45:39,084 [stage3_analysis.dnn_probe] INFO:     Fold 2: R2=0.0363, RMSE=0.3039, MAE=0.1921 (train=188,737, test=48,325, epochs=47)
2026-07-29 00:45:41,963 [stage3_analysis.dnn_probe] INFO:     Fold 3: R2=0.0515, RMSE=0.4767, MAE=0.2362 (train=189,772, test=47,290, epochs=76)
2026-07-29 00:45:45,025 [stage3_analysis.dnn_probe] INFO:     Fold 4: R2=0.0528, RMSE=0.4040, MAE=0.2109 (train=192,505, test=44,557, epochs=84)
2026-07-29 00:45:48,459 [stage3_analysis.dnn_probe] INFO:     Fold 5: R2=0.0660, RMSE=0.4313, MAE=0.2290 (train=187,990, test=49,072, epochs=100)
2026-07-29 00:45:48,467 [stage3_analysis.dnn_probe] INFO:   Overall OOF: R2=0.0622, RMSE=0.4049, MAE=0.2159
2026-07-29 00:45:48,469 [stage3_analysis.dnn_probe] INFO: 
--- Target: gsi (gsi) ---
2026-07-29 00:45:48,469 [stage3_analysis.dnn_probe] INFO:   y range: [0.0000, 1.0000], mean=0.2314
2026-07-29 00:45:48,469 [stage3_analysis.dnn_probe] INFO:   Using config defaults: hidden=32, layers=0, lr=0.0005
2026-07-29 00:45:48,469 [stage3_analysis.dnn_probe] INFO:   Evaluating with spatial CV...
2026-07-29 00:45:52,106 [stage3_analysis.dnn_probe] INFO:     Fold 1: R2=0.0648, RMSE=0.1394, MAE=0.0954 (train=189,244, test=47,818, epochs=94)
2026-07-29 00:45:54,718 [stage3_analysis.dnn_probe] INFO:     Fold 2: R2=0.0440, RMSE=0.1249, MAE=0.0899 (train=188,737, test=48,325, epochs=72)
2026-07-29 00:45:57,786 [stage3_analysis.dnn_probe] INFO:     Fold 3: R2=0.0541, RMSE=0.1460, MAE=0.1005 (train=189,772, test=47,290, epochs=80)
2026-07-29 00:46:00,208 [stage3_analysis.dnn_probe] INFO:     Fold 4: R2=0.0766, RMSE=0.1409, MAE=0.0989 (train=192,505, test=44,557, epochs=59)
2026-07-29 00:46:03,254 [stage3_analysis.dnn_probe] INFO:     Fold 5: R2=0.0735, RMSE=0.1457, MAE=0.1011 (train=187,990, test=49,072, epochs=90)
2026-07-29 00:46:03,264 [stage3_analysis.dnn_probe] INFO:   Overall OOF: R2=0.0685, RMSE=0.1396, MAE=0.0971
2026-07-29 00:46:03,270 [stage3_analysis.dnn_probe] INFO: 
--- Target: mxi (mxi) ---
2026-07-29 00:46:03,270 [stage3_analysis.dnn_probe] INFO:   y range: [0.0000, 1.0000], mean=0.4571
2026-07-29 00:46:03,270 [stage3_analysis.dnn_probe] INFO:   Using config defaults: hidden=32, layers=0, lr=0.0005
2026-07-29 00:46:03,270 [stage3_analysis.dnn_probe] INFO:   Evaluating with spatial CV...
2026-07-29 00:46:05,541 [stage3_analysis.dnn_probe] INFO:     Fold 1: R2=0.0359, RMSE=0.2675, MAE=0.2222 (train=189,244, test=47,818, epochs=54)
2026-07-29 00:46:07,593 [stage3_analysis.dnn_probe] INFO:     Fold 2: R2=0.0531, RMSE=0.2688, MAE=0.2249 (train=188,737, test=48,325, epochs=46)
2026-07-29 00:46:10,565 [stage3_analysis.dnn_probe] INFO:     Fold 3: R2=0.0394, RMSE=0.2919, MAE=0.2463 (train=189,772, test=47,290, epochs=79)
2026-07-29 00:46:13,579 [stage3_analysis.dnn_probe] INFO:     Fold 4: R2=0.0569, RMSE=0.2864, MAE=0.2409 (train=192,505, test=44,557, epochs=82)
2026-07-29 00:46:15,926 [stage3_analysis.dnn_probe] INFO:     Fold 5: R2=0.0269, RMSE=0.2790, MAE=0.2327 (train=187,990, test=49,072, epochs=59)
2026-07-29 00:46:15,934 [stage3_analysis.dnn_probe] INFO:   Overall OOF: R2=0.0441, RMSE=0.2787, MAE=0.2333
2026-07-29 00:46:15,939 [stage3_analysis.dnn_probe] INFO: 
--- Target: l (l) ---
2026-07-29 00:46:15,940 [stage3_analysis.dnn_probe] INFO:   y range: [0.2044, 15.1212], mean=1.4302
2026-07-29 00:46:15,940 [stage3_analysis.dnn_probe] INFO:   Using config defaults: hidden=32, layers=0, lr=0.0005
2026-07-29 00:46:15,940 [stage3_analysis.dnn_probe] INFO:   Evaluating with spatial CV...
2026-07-29 00:46:19,242 [stage3_analysis.dnn_probe] INFO:     Fold 1: R2=0.0540, RMSE=0.4786, MAE=0.3067 (train=189,244, test=47,818, epochs=93)
2026-07-29 00:46:20,985 [stage3_analysis.dnn_probe] INFO:     Fold 2: R2=0.0282, RMSE=0.4115, MAE=0.2957 (train=188,737, test=48,325, epochs=46)
2026-07-29 00:46:23,321 [stage3_analysis.dnn_probe] INFO:     Fold 3: R2=0.0461, RMSE=0.5743, MAE=0.3551 (train=189,772, test=47,290, epochs=59)
2026-07-29 00:46:25,585 [stage3_analysis.dnn_probe] INFO:     Fold 4: R2=0.0586, RMSE=0.4811, MAE=0.3272 (train=192,505, test=44,557, epochs=56)
2026-07-29 00:46:29,015 [stage3_analysis.dnn_probe] INFO:     Fold 5: R2=0.0494, RMSE=0.5413, MAE=0.3364 (train=187,990, test=49,072, epochs=81)
2026-07-29 00:46:29,030 [stage3_analysis.dnn_probe] INFO:   Overall OOF: R2=0.0560, RMSE=0.5007, MAE=0.3241
2026-07-29 00:46:29,032 [stage3_analysis.dnn_probe] INFO: 
--- Target: osr (osr) ---
2026-07-29 00:46:29,032 [stage3_analysis.dnn_probe] INFO:   y range: [0.0000, 100.0000], mean=4.2096
2026-07-29 00:46:29,032 [stage3_analysis.dnn_probe] INFO:   Using config defaults: hidden=32, layers=0, lr=0.0005
2026-07-29 00:46:29,032 [stage3_analysis.dnn_probe] INFO:   Evaluating with spatial CV...
2026-07-29 00:46:31,541 [stage3_analysis.dnn_probe] INFO:     Fold 1: R2=0.0335, RMSE=4.9710, MAE=2.2340 (train=189,244, test=47,818, epochs=69)
2026-07-29 00:46:33,670 [stage3_analysis.dnn_probe] INFO:     Fold 2: R2=0.0373, RMSE=6.2254, MAE=2.4162 (train=188,737, test=48,325, epochs=55)
2026-07-29 00:46:35,999 [stage3_analysis.dnn_probe] INFO:     Fold 3: R2=0.0153, RMSE=6.4955, MAE=2.5549 (train=189,772, test=47,290, epochs=66)
2026-07-29 00:46:38,102 [stage3_analysis.dnn_probe] INFO:     Fold 4: R2=0.0346, RMSE=8.4978, MAE=2.8734 (train=192,505, test=44,557, epochs=50)
2026-07-29 00:46:41,245 [stage3_analysis.dnn_probe] INFO:     Fold 5: R2=0.0375, RMSE=5.3818, MAE=2.3843 (train=187,990, test=49,072, epochs=83)
2026-07-29 00:46:41,253 [stage3_analysis.dnn_probe] INFO:   Overall OOF: R2=0.0334, RMSE=6.3929, MAE=2.4865
2026-07-29 00:46:41,253 [stage3_analysis.dnn_probe] INFO: 
=== Summary ===
2026-07-29 00:46:41,253 [stage3_analysis.dnn_probe] INFO:   fsi (fsi): R2=0.0622, RMSE=0.4049
2026-07-29 00:46:41,253 [stage3_analysis.dnn_probe] INFO:   gsi (gsi): R2=0.0685, RMSE=0.1396
2026-07-29 00:46:41,253 [stage3_analysis.dnn_probe] INFO:   mxi (mxi): R2=0.0441, RMSE=0.2787
2026-07-29 00:46:41,253 [stage3_analysis.dnn_probe] INFO:   l (l): R2=0.0560, RMSE=0.5007
2026-07-29 00:46:41,253 [stage3_analysis.dnn_probe] INFO:   osr (osr): R2=0.0334, RMSE=6.3929
2026-07-29 00:46:41,301 [stage3_analysis.dnn_probe] INFO: Saved metrics summary to C:\Users\Bert Berkers\PycharmProjects\UrbanRepML\data\study_areas\netherlands\stage3_analysis\dnn_probe\2026-07-28\2026-07-28_accres_pvae_s43_rudifun\metrics_summary.csv
2026-07-29 00:46:41,936 [stage3_analysis.dnn_probe] INFO: Saved predictions to C:\Users\Bert Berkers\PycharmProjects\UrbanRepML\data\study_areas\netherlands\stage3_analysis\dnn_probe\2026-07-28\2026-07-28_accres_pvae_s43_rudifun
2026-07-29 00:46:41,937 [stage3_analysis.dnn_probe] INFO: Saved config to C:\Users\Bert Berkers\PycharmProjects\UrbanRepML\data\study_areas\netherlands\stage3_analysis\dnn_probe\2026-07-28\2026-07-28_accres_pvae_s43_rudifun\config.json
2026-07-29 00:46:41,949 [stage3_analysis.dnn_probe] INFO: Saved run_info.json to C:\Users\Bert Berkers\PycharmProjects\UrbanRepML\data\study_areas\netherlands\stage3_analysis\dnn_probe\2026-07-28\2026-07-28_accres_pvae_s43_rudifun\run_info.json
2026-07-29 00:46:42,010 [stage3_analysis.dnn_probe] INFO: Saved training curves to C:\Users\Bert Berkers\PycharmProjects\UrbanRepML\data\study_areas\netherlands\stage3_analysis\dnn_probe\2026-07-28\2026-07-28_accres_pvae_s43_rudifun\training_curves (25 files)
[ledger_append WARN] run_id='stage3-dnn_probe-20260728T224641-a2d1bd36' already in ledger — skipping duplicate append.
[00:46:54]   rudifun/fsi: R2=+0.06223 CI=[-0.06928, +0.14424]
[00:47:11]   rudifun/gsi: R2=+0.06846 CI=[+0.05782, +0.07921]
[00:47:23]   rudifun/mxi: R2=+0.04408 CI=[+0.03978, +0.04827]
[00:47:38]   rudifun/l: R2=+0.05597 CI=[+0.03205, +0.07866]
[00:47:54]   rudifun/osr: R2=+0.03337 CI=[-0.01095, +0.07705]
[00:48:26]   rudifun FAMILY: R2=+0.05282 CI=[+0.02445, +0.07482] p=0.00010 (unadjusted)
[00:48:26] === RES-b pvae s44 leefb ===
2026-07-29 00:48:26,588 [stage3_analysis.probe_utils] INFO: Seeded RNGs (random, numpy, torch, cuda) with seed=44
2026-07-29 00:48:26,588 [stage3_analysis.dnn_probe] INFO: === DNN Probe Regression (MLP) ===
2026-07-29 00:48:26,588 [stage3_analysis.dnn_probe] INFO: Study area: netherlands
2026-07-29 00:48:26,588 [stage3_analysis.dnn_probe] INFO: Year: 2022
2026-07-29 00:48:26,588 [stage3_analysis.dnn_probe] INFO: Device: cpu
2026-07-29 00:48:26,588 [stage3_analysis.dnn_probe] INFO: Architecture: MLP, hidden=32, layers=0
2026-07-29 00:48:26,588 [stage3_analysis.dnn_probe] INFO: Loading embeddings from C:\Users\Bert Berkers\PycharmProjects\UrbanRepML\data\study_areas\netherlands\acc_sharpening\2026-07-28\residual\pvae_s44\residual.parquet
2026-07-29 00:48:26,784 [stage3_analysis.dnn_probe] INFO:   Embedding features: 64 (resid_0..resid_63)
2026-07-29 00:48:26,784 [stage3_analysis.dnn_probe] INFO:   Embedding rows: 482,706
2026-07-29 00:48:26,785 [stage3_analysis.dnn_probe] INFO: Loading target from C:\Users\Bert Berkers\PycharmProjects\UrbanRepML\data\study_areas\netherlands\target\leefbaarometer\leefbaarometer_h3res9_2022.parquet
2026-07-29 00:48:26,825 [stage3_analysis.dnn_probe] INFO:   Target rows: 131,194
2026-07-29 00:48:27,084 [stage3_analysis.dnn_probe] INFO:   Inner join: 131,194 hexagons with both embeddings and targets
2026-07-29 00:48:27,084 [stage3_analysis.probe_utils] INFO:   JOIN RATE: n_emb=482,706 n_target=131,194 n_join=131,194 rate_vs_emb=0.2718
2026-07-29 00:48:27,084 [stage3_analysis.probe_utils] WARNING: 
  ============================================================
  LOUD WARNING: probe join rate 27.2% < 95% threshold.
  Only 131,194 of 482,706 embedding hexagons matched a target row.
  This is the SILENT-SHRINK trap: stale old-grid embeddings vs
  new-grid targets inner-join to their intersection, yielding
  plausible-looking metrics over a shrunken sample. Trust these
  numbers ONLY if this is an explicitly old-grid-paired run.
  ============================================================
2026-07-29 00:48:27,091 [stage3_analysis.dnn_probe] INFO:   After dropna: 131,194 (dropped 0)
2026-07-29 00:48:27,091 [stage3_analysis.dnn_probe] INFO:   Loading regions from C:\Users\Bert Berkers\PycharmProjects\UrbanRepML\data\study_areas\netherlands\regions_gdf\netherlands_res9.parquet
2026-07-29 00:48:30,003 [stage3_analysis.dnn_probe] INFO:   After region join: 131,194 hexagons
2026-07-29 00:48:30,479 [stage3_analysis.dnn_probe] INFO: Creating spatial blocks: 5 folds, 10000m x 10000m
2026-07-29 00:48:30,966 [stage3_analysis.dnn_probe] INFO:   Created 445 spatial blocks across 5 folds
2026-07-29 00:48:31,042 [stage3_analysis.dnn_probe] WARNING:   2 points outside all blocks, assigning to fold 1
2026-07-29 00:48:31,056 [stage3_analysis.dnn_probe] INFO:   Fold sizes: {1: 28050, 2: 26058, 3: 24065, 4: 25331, 5: 27690}
2026-07-29 00:48:31,078 [stage3_analysis.dnn_probe] INFO: 
Feature matrix: (131194, 64)
2026-07-29 00:48:31,079 [stage3_analysis.dnn_probe] INFO: Targets: ['lbm', 'fys', 'onv', 'soc', 'vrz', 'won']
2026-07-29 00:48:31,079 [stage3_analysis.dnn_probe] INFO: 
--- Target: lbm (Overall Liveability) ---
2026-07-29 00:48:31,080 [stage3_analysis.dnn_probe] INFO:   y range: [3.4200, 5.0361], mean=4.1982
2026-07-29 00:48:31,080 [stage3_analysis.dnn_probe] INFO:   Using config defaults: hidden=32, layers=0, lr=0.0005
2026-07-29 00:48:31,080 [stage3_analysis.dnn_probe] INFO:   Evaluating with spatial CV...
2026-07-29 00:48:32,957 [stage3_analysis.dnn_probe] INFO:     Fold 1: R2=0.0331, RMSE=0.1129, MAE=0.0865 (train=103,144, test=28,050, epochs=76)
2026-07-29 00:48:34,845 [stage3_analysis.dnn_probe] INFO:     Fold 2: R2=0.0310, RMSE=0.1245, MAE=0.0937 (train=105,136, test=26,058, epochs=96)
2026-07-29 00:48:36,372 [stage3_analysis.dnn_probe] INFO:     Fold 3: R2=0.0225, RMSE=0.1271, MAE=0.0968 (train=107,129, test=24,065, epochs=84)
2026-07-29 00:48:38,008 [stage3_analysis.dnn_probe] INFO:     Fold 4: R2=0.0259, RMSE=0.1238, MAE=0.0927 (train=105,863, test=25,331, epochs=91)
2026-07-29 00:48:39,811 [stage3_analysis.dnn_probe] INFO:     Fold 5: R2=0.0067, RMSE=0.1251, MAE=0.0937 (train=103,504, test=27,690, epochs=96)
2026-07-29 00:48:39,816 [stage3_analysis.dnn_probe] INFO:   Overall OOF: R2=0.0266, RMSE=0.1226, MAE=0.0926
2026-07-29 00:48:39,817 [stage3_analysis.dnn_probe] INFO: 
--- Target: fys (Physical Environment) ---
2026-07-29 00:48:39,817 [stage3_analysis.dnn_probe] INFO:   y range: [-0.7443, 0.4637], mean=-0.0030
2026-07-29 00:48:39,817 [stage3_analysis.dnn_probe] INFO:   Using config defaults: hidden=32, layers=0, lr=0.0005
2026-07-29 00:48:39,817 [stage3_analysis.dnn_probe] INFO:   Evaluating with spatial CV...
2026-07-29 00:48:41,763 [stage3_analysis.dnn_probe] INFO:     Fold 1: R2=0.0035, RMSE=0.0653, MAE=0.0455 (train=103,144, test=28,050, epochs=98)
2026-07-29 00:48:43,483 [stage3_analysis.dnn_probe] INFO:     Fold 2: R2=0.0044, RMSE=0.0656, MAE=0.0441 (train=105,136, test=26,058, epochs=100)
2026-07-29 00:48:45,270 [stage3_analysis.dnn_probe] INFO:     Fold 3: R2=0.0137, RMSE=0.0674, MAE=0.0469 (train=107,129, test=24,065, epochs=84)
2026-07-29 00:48:47,041 [stage3_analysis.dnn_probe] INFO:     Fold 4: R2=0.0122, RMSE=0.0658, MAE=0.0466 (train=105,863, test=25,331, epochs=92)
2026-07-29 00:48:48,887 [stage3_analysis.dnn_probe] INFO:     Fold 5: R2=0.0040, RMSE=0.0683, MAE=0.0475 (train=103,504, test=27,690, epochs=100)
2026-07-29 00:48:48,892 [stage3_analysis.dnn_probe] INFO:   Overall OOF: R2=0.0083, RMSE=0.0665, MAE=0.0461
2026-07-29 00:48:48,893 [stage3_analysis.dnn_probe] INFO: 
--- Target: onv (Safety) ---
2026-07-29 00:48:48,893 [stage3_analysis.dnn_probe] INFO:   y range: [-0.4661, 0.1638], mean=0.0779
2026-07-29 00:48:48,893 [stage3_analysis.dnn_probe] INFO:   Using config defaults: hidden=32, layers=0, lr=0.0005
2026-07-29 00:48:48,893 [stage3_analysis.dnn_probe] INFO:   Evaluating with spatial CV...
2026-07-29 00:48:50,069 [stage3_analysis.dnn_probe] INFO:     Fold 1: R2=0.0365, RMSE=0.0549, MAE=0.0411 (train=103,144, test=28,050, epochs=61)
2026-07-29 00:48:51,664 [stage3_analysis.dnn_probe] INFO:     Fold 2: R2=0.0716, RMSE=0.0650, MAE=0.0459 (train=105,136, test=26,058, epochs=75)
2026-07-29 00:48:53,468 [stage3_analysis.dnn_probe] INFO:     Fold 3: R2=0.0640, RMSE=0.0671, MAE=0.0460 (train=107,129, test=24,065, epochs=100)
2026-07-29 00:48:54,863 [stage3_analysis.dnn_probe] INFO:     Fold 4: R2=0.0714, RMSE=0.0603, MAE=0.0428 (train=105,863, test=25,331, epochs=70)
2026-07-29 00:48:56,696 [stage3_analysis.dnn_probe] INFO:     Fold 5: R2=0.0752, RMSE=0.0641, MAE=0.0451 (train=103,504, test=27,690, epochs=100)
2026-07-29 00:48:56,703 [stage3_analysis.dnn_probe] INFO:   Overall OOF: R2=0.0695, RMSE=0.0623, MAE=0.0441
2026-07-29 00:48:56,704 [stage3_analysis.dnn_probe] INFO: 
--- Target: soc (Social Cohesion) ---
2026-07-29 00:48:56,704 [stage3_analysis.dnn_probe] INFO:   y range: [-0.4217, 0.4402], mean=0.0747
2026-07-29 00:48:56,704 [stage3_analysis.dnn_probe] INFO:   Using config defaults: hidden=32, layers=0, lr=0.0005
2026-07-29 00:48:56,704 [stage3_analysis.dnn_probe] INFO:   Evaluating with spatial CV...
2026-07-29 00:48:58,262 [stage3_analysis.dnn_probe] INFO:     Fold 1: R2=0.0855, RMSE=0.0505, MAE=0.0399 (train=103,144, test=28,050, epochs=74)
2026-07-29 00:49:00,052 [stage3_analysis.dnn_probe] INFO:     Fold 2: R2=0.1152, RMSE=0.0571, MAE=0.0442 (train=105,136, test=26,058, epochs=91)
2026-07-29 00:49:02,085 [stage3_analysis.dnn_probe] INFO:     Fold 3: R2=0.1038, RMSE=0.0560, MAE=0.0431 (train=107,129, test=24,065, epochs=100)
2026-07-29 00:49:03,885 [stage3_analysis.dnn_probe] INFO:     Fold 4: R2=0.1125, RMSE=0.0542, MAE=0.0422 (train=105,863, test=25,331, epochs=100)
2026-07-29 00:49:05,615 [stage3_analysis.dnn_probe] INFO:     Fold 5: R2=0.1210, RMSE=0.0576, MAE=0.0445 (train=103,504, test=27,690, epochs=94)
2026-07-29 00:49:05,620 [stage3_analysis.dnn_probe] INFO:   Overall OOF: R2=0.1113, RMSE=0.0551, MAE=0.0428
2026-07-29 00:49:05,621 [stage3_analysis.dnn_probe] INFO: 
--- Target: vrz (Amenities) ---
2026-07-29 00:49:05,621 [stage3_analysis.dnn_probe] INFO:   y range: [-0.3298, 0.6882], mean=-0.1153
2026-07-29 00:49:05,621 [stage3_analysis.dnn_probe] INFO:   Using config defaults: hidden=32, layers=0, lr=0.0005
2026-07-29 00:49:05,621 [stage3_analysis.dnn_probe] INFO:   Evaluating with spatial CV...
2026-07-29 00:49:06,927 [stage3_analysis.dnn_probe] INFO:     Fold 1: R2=0.0043, RMSE=0.0761, MAE=0.0613 (train=103,144, test=28,050, epochs=74)
2026-07-29 00:49:08,786 [stage3_analysis.dnn_probe] INFO:     Fold 2: R2=0.0972, RMSE=0.0976, MAE=0.0768 (train=105,136, test=26,058, epochs=97)
2026-07-29 00:49:10,828 [stage3_analysis.dnn_probe] INFO:     Fold 3: R2=0.0868, RMSE=0.0993, MAE=0.0740 (train=107,129, test=24,065, epochs=100)
2026-07-29 00:49:12,342 [stage3_analysis.dnn_probe] INFO:     Fold 4: R2=0.0986, RMSE=0.0928, MAE=0.0727 (train=105,863, test=25,331, epochs=67)
2026-07-29 00:49:13,624 [stage3_analysis.dnn_probe] INFO:     Fold 5: R2=0.0867, RMSE=0.1163, MAE=0.0800 (train=103,504, test=27,690, epochs=61)
2026-07-29 00:49:13,629 [stage3_analysis.dnn_probe] INFO:   Overall OOF: R2=0.0877, RMSE=0.0973, MAE=0.0728
2026-07-29 00:49:13,630 [stage3_analysis.dnn_probe] INFO: 
--- Target: won (Housing Quality) ---
2026-07-29 00:49:13,630 [stage3_analysis.dnn_probe] INFO:   y range: [-0.5287, 0.8859], mean=0.0616
2026-07-29 00:49:13,630 [stage3_analysis.dnn_probe] INFO:   Using config defaults: hidden=32, layers=0, lr=0.0005
2026-07-29 00:49:13,630 [stage3_analysis.dnn_probe] INFO:   Evaluating with spatial CV...
2026-07-29 00:49:15,061 [stage3_analysis.dnn_probe] INFO:     Fold 1: R2=0.0698, RMSE=0.0455, MAE=0.0335 (train=103,144, test=28,050, epochs=74)
2026-07-29 00:49:16,262 [stage3_analysis.dnn_probe] INFO:     Fold 2: R2=0.0832, RMSE=0.0498, MAE=0.0369 (train=105,136, test=26,058, epochs=56)
2026-07-29 00:49:18,003 [stage3_analysis.dnn_probe] INFO:     Fold 3: R2=0.0626, RMSE=0.0527, MAE=0.0376 (train=107,129, test=24,065, epochs=100)
2026-07-29 00:49:19,894 [stage3_analysis.dnn_probe] INFO:     Fold 4: R2=0.0819, RMSE=0.0514, MAE=0.0380 (train=105,863, test=25,331, epochs=100)
2026-07-29 00:49:21,715 [stage3_analysis.dnn_probe] INFO:     Fold 5: R2=0.0778, RMSE=0.0520, MAE=0.0374 (train=103,504, test=27,690, epochs=96)
2026-07-29 00:49:21,719 [stage3_analysis.dnn_probe] INFO:   Overall OOF: R2=0.0768, RMSE=0.0502, MAE=0.0366
2026-07-29 00:49:21,720 [stage3_analysis.dnn_probe] INFO: 
=== Summary ===
2026-07-29 00:49:21,720 [stage3_analysis.dnn_probe] INFO:   lbm (Overall Liveability): R2=0.0266, RMSE=0.1226
2026-07-29 00:49:21,720 [stage3_analysis.dnn_probe] INFO:   fys (Physical Environment): R2=0.0083, RMSE=0.0665
2026-07-29 00:49:21,720 [stage3_analysis.dnn_probe] INFO:   onv (Safety): R2=0.0695, RMSE=0.0623
2026-07-29 00:49:21,720 [stage3_analysis.dnn_probe] INFO:   soc (Social Cohesion): R2=0.1113, RMSE=0.0551
2026-07-29 00:49:21,720 [stage3_analysis.dnn_probe] INFO:   vrz (Amenities): R2=0.0877, RMSE=0.0973
2026-07-29 00:49:21,720 [stage3_analysis.dnn_probe] INFO:   won (Housing Quality): R2=0.0768, RMSE=0.0502
2026-07-29 00:49:21,765 [stage3_analysis.dnn_probe] INFO: Saved metrics summary to C:\Users\Bert Berkers\PycharmProjects\UrbanRepML\data\study_areas\netherlands\stage3_analysis\dnn_probe\2026-07-28\2026-07-28_accres_pvae_s44_leefb\metrics_summary.csv
2026-07-29 00:49:22,868 [stage3_analysis.dnn_probe] INFO: Saved predictions to C:\Users\Bert Berkers\PycharmProjects\UrbanRepML\data\study_areas\netherlands\stage3_analysis\dnn_probe\2026-07-28\2026-07-28_accres_pvae_s44_leefb
2026-07-29 00:49:22,871 [stage3_analysis.dnn_probe] INFO: Saved config to C:\Users\Bert Berkers\PycharmProjects\UrbanRepML\data\study_areas\netherlands\stage3_analysis\dnn_probe\2026-07-28\2026-07-28_accres_pvae_s44_leefb\config.json
2026-07-29 00:49:22,914 [stage3_analysis.dnn_probe] INFO: Saved run_info.json to C:\Users\Bert Berkers\PycharmProjects\UrbanRepML\data\study_areas\netherlands\stage3_analysis\dnn_probe\2026-07-28\2026-07-28_accres_pvae_s44_leefb\run_info.json
2026-07-29 00:49:23,090 [stage3_analysis.dnn_probe] INFO: Saved training curves to C:\Users\Bert Berkers\PycharmProjects\UrbanRepML\data\study_areas\netherlands\stage3_analysis\dnn_probe\2026-07-28\2026-07-28_accres_pvae_s44_leefb\training_curves (30 files)
[00:49:38]   leefb/lbm: R2=+0.02659 CI=[+0.01651, +0.03645]
[00:49:49]   leefb/fys: R2=+0.00830 CI=[-0.00710, +0.02329]
[00:49:56]   leefb/onv: R2=+0.06953 CI=[+0.05553, +0.08347]
[00:50:03]   leefb/soc: R2=+0.11129 CI=[+0.10267, +0.11996]
[00:50:10]   leefb/vrz: R2=+0.08774 CI=[+0.07535, +0.09980]
[00:50:16]   leefb/won: R2=+0.07684 CI=[+0.06341, +0.09023]
[00:50:43]   leefb FAMILY: R2=+0.06338 CI=[+0.05618, +0.07070] p=0.00010 (unadjusted)
[00:50:43] === RES-b pvae s44 rudifun ===
2026-07-29 00:50:43,876 [stage3_analysis.probe_utils] INFO: Seeded RNGs (random, numpy, torch, cuda) with seed=44
2026-07-29 00:50:43,876 [stage3_analysis.dnn_probe] INFO: === DNN Probe Regression (MLP) ===
2026-07-29 00:50:43,876 [stage3_analysis.dnn_probe] INFO: Study area: netherlands
2026-07-29 00:50:43,876 [stage3_analysis.dnn_probe] INFO: Year: 2022
2026-07-29 00:50:43,876 [stage3_analysis.dnn_probe] INFO: Device: cpu
2026-07-29 00:50:43,876 [stage3_analysis.dnn_probe] INFO: Architecture: MLP, hidden=32, layers=0
2026-07-29 00:50:43,876 [stage3_analysis.dnn_probe] INFO: Loading embeddings from C:\Users\Bert Berkers\PycharmProjects\UrbanRepML\data\study_areas\netherlands\acc_sharpening\2026-07-28\residual\pvae_s44\residual.parquet
2026-07-29 00:50:44,150 [stage3_analysis.dnn_probe] INFO:   Embedding features: 64 (resid_0..resid_63)
2026-07-29 00:50:44,151 [stage3_analysis.dnn_probe] INFO:   Embedding rows: 482,706
2026-07-29 00:50:44,153 [stage3_analysis.dnn_probe] INFO: Loading target from C:\Users\Bert Berkers\PycharmProjects\UrbanRepML\data\study_areas\netherlands\target\rudifun\rudifun_h3res9_2022.parquet
2026-07-29 00:50:44,319 [stage3_analysis.dnn_probe] INFO:   Target rows: 238,072
2026-07-29 00:50:45,370 [stage3_analysis.dnn_probe] INFO:   Inner join: 238,072 hexagons with both embeddings and targets
2026-07-29 00:50:45,370 [stage3_analysis.probe_utils] INFO:   JOIN RATE: n_emb=482,706 n_target=238,072 n_join=238,072 rate_vs_emb=0.4932
2026-07-29 00:50:45,370 [stage3_analysis.probe_utils] WARNING: 
  ============================================================
  LOUD WARNING: probe join rate 49.3% < 95% threshold.
  Only 238,072 of 482,706 embedding hexagons matched a target row.
  This is the SILENT-SHRINK trap: stale old-grid embeddings vs
  new-grid targets inner-join to their intersection, yielding
  plausible-looking metrics over a shrunken sample. Trust these
  numbers ONLY if this is an explicitly old-grid-paired run.
  ============================================================
2026-07-29 00:50:45,573 [stage3_analysis.dnn_probe] INFO:   After dropna: 237,062 (dropped 1,010)
2026-07-29 00:50:45,575 [stage3_analysis.dnn_probe] INFO:   Loading regions from C:\Users\Bert Berkers\PycharmProjects\UrbanRepML\data\study_areas\netherlands\regions_gdf\netherlands_res9.parquet
2026-07-29 00:50:49,558 [stage3_analysis.dnn_probe] INFO:   After region join: 237,062 hexagons
2026-07-29 00:50:50,054 [stage3_analysis.dnn_probe] INFO: Creating spatial blocks: 5 folds, 10000m x 10000m
2026-07-29 00:50:52,458 [stage3_analysis.dnn_probe] INFO:   Created 461 spatial blocks across 5 folds
2026-07-29 00:50:52,932 [stage3_analysis.dnn_probe] WARNING:   2 points outside all blocks, assigning to fold 1
2026-07-29 00:50:53,035 [stage3_analysis.dnn_probe] INFO:   Fold sizes: {1: 47897, 2: 46046, 3: 45078, 4: 48963, 5: 49078}
2026-07-29 00:50:53,172 [stage3_analysis.dnn_probe] INFO: 
Feature matrix: (237062, 64)
2026-07-29 00:50:53,173 [stage3_analysis.dnn_probe] INFO: Targets: ['fsi', 'gsi', 'mxi', 'l', 'osr']
2026-07-29 00:50:53,178 [stage3_analysis.dnn_probe] INFO: 
--- Target: fsi (fsi) ---
2026-07-29 00:50:53,179 [stage3_analysis.dnn_probe] INFO:   y range: [0.0000, 46.7058], mean=0.3647
2026-07-29 00:50:53,179 [stage3_analysis.dnn_probe] INFO:   Using config defaults: hidden=32, layers=0, lr=0.0005
2026-07-29 00:50:53,179 [stage3_analysis.dnn_probe] INFO:   Evaluating with spatial CV...
2026-07-29 00:50:56,335 [stage3_analysis.dnn_probe] INFO:     Fold 1: R2=0.0762, RMSE=0.3308, MAE=0.2003 (train=189,165, test=47,897, epochs=74)
2026-07-29 00:50:59,777 [stage3_analysis.dnn_probe] INFO:     Fold 2: R2=0.0590, RMSE=0.4014, MAE=0.2207 (train=191,016, test=46,046, epochs=94)
2026-07-29 00:51:03,327 [stage3_analysis.dnn_probe] INFO:     Fold 3: R2=0.0714, RMSE=0.3869, MAE=0.2098 (train=191,984, test=45,078, epochs=100)
2026-07-29 00:51:06,178 [stage3_analysis.dnn_probe] INFO:     Fold 4: R2=0.0549, RMSE=0.4723, MAE=0.2180 (train=188,099, test=48,963, epochs=76)
2026-07-29 00:51:09,584 [stage3_analysis.dnn_probe] INFO:     Fold 5: R2=0.0906, RMSE=0.4090, MAE=0.2256 (train=187,984, test=49,078, epochs=96)
2026-07-29 00:51:09,593 [stage3_analysis.dnn_probe] INFO:   Overall OOF: R2=0.0699, RMSE=0.4032, MAE=0.2149
2026-07-29 00:51:09,595 [stage3_analysis.dnn_probe] INFO: 
--- Target: gsi (gsi) ---
2026-07-29 00:51:09,595 [stage3_analysis.dnn_probe] INFO:   y range: [0.0000, 1.0000], mean=0.2314
2026-07-29 00:51:09,595 [stage3_analysis.dnn_probe] INFO:   Using config defaults: hidden=32, layers=0, lr=0.0005
2026-07-29 00:51:09,595 [stage3_analysis.dnn_probe] INFO:   Evaluating with spatial CV...
2026-07-29 00:51:12,204 [stage3_analysis.dnn_probe] INFO:     Fold 1: R2=0.0668, RMSE=0.1278, MAE=0.0909 (train=189,165, test=47,897, epochs=79)
2026-07-29 00:51:15,482 [stage3_analysis.dnn_probe] INFO:     Fold 2: R2=0.0619, RMSE=0.1466, MAE=0.1031 (train=191,016, test=46,046, epochs=100)
2026-07-29 00:51:18,417 [stage3_analysis.dnn_probe] INFO:     Fold 3: R2=0.0584, RMSE=0.1432, MAE=0.0960 (train=191,984, test=45,078, epochs=82)
2026-07-29 00:51:20,988 [stage3_analysis.dnn_probe] INFO:     Fold 4: R2=0.0660, RMSE=0.1384, MAE=0.0962 (train=188,099, test=48,963, epochs=62)
2026-07-29 00:51:23,771 [stage3_analysis.dnn_probe] INFO:     Fold 5: R2=0.0903, RMSE=0.1412, MAE=0.0988 (train=187,984, test=49,078, epochs=77)
2026-07-29 00:51:23,781 [stage3_analysis.dnn_probe] INFO:   Overall OOF: R2=0.0695, RMSE=0.1395, MAE=0.0970
2026-07-29 00:51:23,788 [stage3_analysis.dnn_probe] INFO: 
--- Target: mxi (mxi) ---
2026-07-29 00:51:23,788 [stage3_analysis.dnn_probe] INFO:   y range: [0.0000, 1.0000], mean=0.4571
2026-07-29 00:51:23,788 [stage3_analysis.dnn_probe] INFO:   Using config defaults: hidden=32, layers=0, lr=0.0005
2026-07-29 00:51:23,788 [stage3_analysis.dnn_probe] INFO:   Evaluating with spatial CV...
2026-07-29 00:51:27,125 [stage3_analysis.dnn_probe] INFO:     Fold 1: R2=0.0427, RMSE=0.2790, MAE=0.2335 (train=189,165, test=47,897, epochs=97)
2026-07-29 00:51:30,289 [stage3_analysis.dnn_probe] INFO:     Fold 2: R2=0.0474, RMSE=0.2779, MAE=0.2341 (train=191,016, test=46,046, epochs=88)
2026-07-29 00:51:32,313 [stage3_analysis.dnn_probe] INFO:     Fold 3: R2=0.0368, RMSE=0.2738, MAE=0.2294 (train=191,984, test=45,078, epochs=52)
2026-07-29 00:51:35,419 [stage3_analysis.dnn_probe] INFO:     Fold 4: R2=0.0467, RMSE=0.2781, MAE=0.2307 (train=188,099, test=48,963, epochs=99)
2026-07-29 00:51:38,632 [stage3_analysis.dnn_probe] INFO:     Fold 5: R2=0.0576, RMSE=0.2820, MAE=0.2369 (train=187,984, test=49,078, epochs=99)
2026-07-29 00:51:38,640 [stage3_analysis.dnn_probe] INFO:   Overall OOF: R2=0.0475, RMSE=0.2782, MAE=0.2330
2026-07-29 00:51:38,642 [stage3_analysis.dnn_probe] INFO: 
--- Target: l (l) ---
2026-07-29 00:51:38,642 [stage3_analysis.dnn_probe] INFO:   y range: [0.2044, 15.1212], mean=1.4302
2026-07-29 00:51:38,642 [stage3_analysis.dnn_probe] INFO:   Using config defaults: hidden=32, layers=0, lr=0.0005
2026-07-29 00:51:38,642 [stage3_analysis.dnn_probe] INFO:   Evaluating with spatial CV...
2026-07-29 00:51:41,606 [stage3_analysis.dnn_probe] INFO:     Fold 1: R2=0.0764, RMSE=0.4527, MAE=0.3097 (train=189,165, test=47,897, epochs=81)
2026-07-29 00:51:44,746 [stage3_analysis.dnn_probe] INFO:     Fold 2: R2=0.0519, RMSE=0.5019, MAE=0.3251 (train=191,016, test=46,046, epochs=86)
2026-07-29 00:51:47,733 [stage3_analysis.dnn_probe] INFO:     Fold 3: R2=0.0640, RMSE=0.4783, MAE=0.3154 (train=191,984, test=45,078, epochs=88)
2026-07-29 00:51:51,661 [stage3_analysis.dnn_probe] INFO:     Fold 4: R2=0.0698, RMSE=0.4990, MAE=0.3202 (train=188,099, test=48,963, epochs=100)
2026-07-29 00:51:55,006 [stage3_analysis.dnn_probe] INFO:     Fold 5: R2=0.0756, RMSE=0.5463, MAE=0.3393 (train=187,984, test=49,078, epochs=100)
2026-07-29 00:51:55,014 [stage3_analysis.dnn_probe] INFO:   Overall OOF: R2=0.0695, RMSE=0.4971, MAE=0.3221
2026-07-29 00:51:55,016 [stage3_analysis.dnn_probe] INFO: 
--- Target: osr (osr) ---
2026-07-29 00:51:55,016 [stage3_analysis.dnn_probe] INFO:   y range: [0.0000, 100.0000], mean=4.2096
2026-07-29 00:51:55,016 [stage3_analysis.dnn_probe] INFO:   Using config defaults: hidden=32, layers=0, lr=0.0005
2026-07-29 00:51:55,016 [stage3_analysis.dnn_probe] INFO:   Evaluating with spatial CV...
2026-07-29 00:51:57,432 [stage3_analysis.dnn_probe] INFO:     Fold 1: R2=0.0157, RMSE=5.5541, MAE=2.3007 (train=189,165, test=47,897, epochs=66)
2026-07-29 00:51:59,728 [stage3_analysis.dnn_probe] INFO:     Fold 2: R2=0.0460, RMSE=6.9742, MAE=2.7067 (train=191,016, test=46,046, epochs=54)
2026-07-29 00:52:02,000 [stage3_analysis.dnn_probe] INFO:     Fold 3: R2=0.0180, RMSE=6.2174, MAE=2.4124 (train=191,984, test=45,078, epochs=62)
2026-07-29 00:52:04,376 [stage3_analysis.dnn_probe] INFO:     Fold 4: R2=0.0302, RMSE=5.0726, MAE=2.3593 (train=188,099, test=48,963, epochs=65)
2026-07-29 00:52:06,673 [stage3_analysis.dnn_probe] INFO:     Fold 5: R2=0.0463, RMSE=7.7421, MAE=2.7283 (train=187,984, test=49,078, epochs=62)
2026-07-29 00:52:06,681 [stage3_analysis.dnn_probe] INFO:   Overall OOF: R2=0.0361, RMSE=6.3839, MAE=2.5014
2026-07-29 00:52:06,682 [stage3_analysis.dnn_probe] INFO: 
=== Summary ===
2026-07-29 00:52:06,682 [stage3_analysis.dnn_probe] INFO:   fsi (fsi): R2=0.0699, RMSE=0.4032
2026-07-29 00:52:06,682 [stage3_analysis.dnn_probe] INFO:   gsi (gsi): R2=0.0695, RMSE=0.1395
2026-07-29 00:52:06,682 [stage3_analysis.dnn_probe] INFO:   mxi (mxi): R2=0.0475, RMSE=0.2782
2026-07-29 00:52:06,682 [stage3_analysis.dnn_probe] INFO:   l (l): R2=0.0695, RMSE=0.4971
2026-07-29 00:52:06,682 [stage3_analysis.dnn_probe] INFO:   osr (osr): R2=0.0361, RMSE=6.3839
2026-07-29 00:52:06,735 [stage3_analysis.dnn_probe] INFO: Saved metrics summary to C:\Users\Bert Berkers\PycharmProjects\UrbanRepML\data\study_areas\netherlands\stage3_analysis\dnn_probe\2026-07-28\2026-07-28_accres_pvae_s44_rudifun\metrics_summary.csv
2026-07-29 00:52:07,867 [stage3_analysis.dnn_probe] INFO: Saved predictions to C:\Users\Bert Berkers\PycharmProjects\UrbanRepML\data\study_areas\netherlands\stage3_analysis\dnn_probe\2026-07-28\2026-07-28_accres_pvae_s44_rudifun
2026-07-29 00:52:07,868 [stage3_analysis.dnn_probe] INFO: Saved config to C:\Users\Bert Berkers\PycharmProjects\UrbanRepML\data\study_areas\netherlands\stage3_analysis\dnn_probe\2026-07-28\2026-07-28_accres_pvae_s44_rudifun\config.json
2026-07-29 00:52:07,882 [stage3_analysis.dnn_probe] INFO: Saved run_info.json to C:\Users\Bert Berkers\PycharmProjects\UrbanRepML\data\study_areas\netherlands\stage3_analysis\dnn_probe\2026-07-28\2026-07-28_accres_pvae_s44_rudifun\run_info.json
2026-07-29 00:52:07,953 [stage3_analysis.dnn_probe] INFO: Saved training curves to C:\Users\Bert Berkers\PycharmProjects\UrbanRepML\data\study_areas\netherlands\stage3_analysis\dnn_probe\2026-07-28\2026-07-28_accres_pvae_s44_rudifun\training_curves (25 files)
[00:52:26]   rudifun/fsi: R2=+0.06993 CI=[-0.06330, +0.15247]
[00:52:47]   rudifun/gsi: R2=+0.06948 CI=[+0.05885, +0.08023]
[00:52:59]   rudifun/mxi: R2=+0.04753 CI=[+0.04335, +0.05163]
[00:53:18]   rudifun/l: R2=+0.06950 CI=[+0.04632, +0.09191]
[00:53:37]   rudifun/osr: R2=+0.03610 CI=[-0.00799, +0.07961]
[00:54:28]   rudifun FAMILY: R2=+0.05851 CI=[+0.02971, +0.08057] p=0.00010 (unadjusted)
[00:54:28] === RES-b nag_s0 s42 leefb ===
2026-07-29 00:54:29,492 [stage3_analysis.probe_utils] INFO: Seeded RNGs (random, numpy, torch, cuda) with seed=42
2026-07-29 00:54:29,493 [stage3_analysis.dnn_probe] INFO: === DNN Probe Regression (MLP) ===
2026-07-29 00:54:29,493 [stage3_analysis.dnn_probe] INFO: Study area: netherlands
2026-07-29 00:54:29,493 [stage3_analysis.dnn_probe] INFO: Year: 2022
2026-07-29 00:54:29,493 [stage3_analysis.dnn_probe] INFO: Device: cpu
2026-07-29 00:54:29,493 [stage3_analysis.dnn_probe] INFO: Architecture: MLP, hidden=32, layers=0
2026-07-29 00:54:29,493 [stage3_analysis.dnn_probe] INFO: Loading embeddings from C:\Users\Bert Berkers\PycharmProjects\UrbanRepML\data\study_areas\netherlands\acc_sharpening\2026-07-28\residual\nag_s0_s42\residual.parquet
2026-07-29 00:54:29,979 [stage3_analysis.dnn_probe] INFO:   Embedding features: 64 (resid_0..resid_63)
2026-07-29 00:54:29,979 [stage3_analysis.dnn_probe] INFO:   Embedding rows: 482,706
2026-07-29 00:54:29,979 [stage3_analysis.dnn_probe] INFO: Loading target from C:\Users\Bert Berkers\PycharmProjects\UrbanRepML\data\study_areas\netherlands\target\leefbaarometer\leefbaarometer_h3res9_2022.parquet
2026-07-29 00:54:30,014 [stage3_analysis.dnn_probe] INFO:   Target rows: 131,194
2026-07-29 00:54:30,214 [stage3_analysis.dnn_probe] INFO:   Inner join: 131,194 hexagons with both embeddings and targets
2026-07-29 00:54:30,214 [stage3_analysis.probe_utils] INFO:   JOIN RATE: n_emb=482,706 n_target=131,194 n_join=131,194 rate_vs_emb=0.2718
2026-07-29 00:54:30,214 [stage3_analysis.probe_utils] WARNING: 
  ============================================================
  LOUD WARNING: probe join rate 27.2% < 95% threshold.
  Only 131,194 of 482,706 embedding hexagons matched a target row.
  This is the SILENT-SHRINK trap: stale old-grid embeddings vs
  new-grid targets inner-join to their intersection, yielding
  plausible-looking metrics over a shrunken sample. Trust these
  numbers ONLY if this is an explicitly old-grid-paired run.
  ============================================================
2026-07-29 00:54:30,220 [stage3_analysis.dnn_probe] INFO:   After dropna: 131,194 (dropped 0)
2026-07-29 00:54:30,221 [stage3_analysis.dnn_probe] INFO:   Loading regions from C:\Users\Bert Berkers\PycharmProjects\UrbanRepML\data\study_areas\netherlands\regions_gdf\netherlands_res9.parquet
2026-07-29 00:54:31,079 [stage3_analysis.dnn_probe] INFO:   After region join: 131,194 hexagons
2026-07-29 00:54:31,203 [stage3_analysis.dnn_probe] INFO: Creating spatial blocks: 5 folds, 10000m x 10000m
2026-07-29 00:54:31,587 [stage3_analysis.dnn_probe] INFO:   Created 445 spatial blocks across 5 folds
2026-07-29 00:54:31,663 [stage3_analysis.dnn_probe] WARNING:   2 points outside all blocks, assigning to fold 1
2026-07-29 00:54:31,677 [stage3_analysis.dnn_probe] INFO:   Fold sizes: {1: 24095, 2: 25107, 3: 28086, 4: 24630, 5: 29276}
2026-07-29 00:54:31,700 [stage3_analysis.dnn_probe] INFO: 
Feature matrix: (131194, 64)
2026-07-29 00:54:31,700 [stage3_analysis.dnn_probe] INFO: Targets: ['lbm', 'fys', 'onv', 'soc', 'vrz', 'won']
2026-07-29 00:54:31,701 [stage3_analysis.dnn_probe] INFO: 
--- Target: lbm (Overall Liveability) ---
2026-07-29 00:54:31,701 [stage3_analysis.dnn_probe] INFO:   y range: [3.4200, 5.0361], mean=4.1982
2026-07-29 00:54:31,701 [stage3_analysis.dnn_probe] INFO:   Using config defaults: hidden=32, layers=0, lr=0.0005
2026-07-29 00:54:31,701 [stage3_analysis.dnn_probe] INFO:   Evaluating with spatial CV...
2026-07-29 00:54:33,511 [stage3_analysis.dnn_probe] INFO:     Fold 1: R2=0.0428, RMSE=0.1142, MAE=0.0866 (train=107,099, test=24,095, epochs=100)
2026-07-29 00:54:35,278 [stage3_analysis.dnn_probe] INFO:     Fold 2: R2=0.0329, RMSE=0.1218, MAE=0.0922 (train=106,087, test=25,107, epochs=100)
2026-07-29 00:54:37,165 [stage3_analysis.dnn_probe] INFO:     Fold 3: R2=0.0648, RMSE=0.1252, MAE=0.0948 (train=103,108, test=28,086, epochs=100)
2026-07-29 00:54:39,071 [stage3_analysis.dnn_probe] INFO:     Fold 4: R2=0.0596, RMSE=0.1160, MAE=0.0880 (train=106,564, test=24,630, epochs=100)
2026-07-29 00:54:40,832 [stage3_analysis.dnn_probe] INFO:     Fold 5: R2=0.0431, RMSE=0.1260, MAE=0.0932 (train=101,918, test=29,276, epochs=85)
2026-07-29 00:54:40,838 [stage3_analysis.dnn_probe] INFO:   Overall OOF: R2=0.0502, RMSE=0.1211, MAE=0.0912
2026-07-29 00:54:40,839 [stage3_analysis.dnn_probe] INFO: 
--- Target: fys (Physical Environment) ---
2026-07-29 00:54:40,840 [stage3_analysis.dnn_probe] INFO:   y range: [-0.7443, 0.4637], mean=-0.0030
2026-07-29 00:54:40,840 [stage3_analysis.dnn_probe] INFO:   Using config defaults: hidden=32, layers=0, lr=0.0005
2026-07-29 00:54:40,840 [stage3_analysis.dnn_probe] INFO:   Evaluating with spatial CV...
2026-07-29 00:54:42,753 [stage3_analysis.dnn_probe] INFO:     Fold 1: R2=0.0848, RMSE=0.0638, MAE=0.0459 (train=107,099, test=24,095, epochs=100)
2026-07-29 00:54:44,727 [stage3_analysis.dnn_probe] INFO:     Fold 2: R2=0.0598, RMSE=0.0649, MAE=0.0451 (train=106,087, test=25,107, epochs=100)
2026-07-29 00:54:46,664 [stage3_analysis.dnn_probe] INFO:     Fold 3: R2=0.0812, RMSE=0.0602, MAE=0.0419 (train=103,108, test=28,086, epochs=100)
2026-07-29 00:54:48,444 [stage3_analysis.dnn_probe] INFO:     Fold 4: R2=0.0642, RMSE=0.0665, MAE=0.0457 (train=106,564, test=24,630, epochs=100)
2026-07-29 00:54:50,342 [stage3_analysis.dnn_probe] INFO:     Fold 5: R2=0.0553, RMSE=0.0664, MAE=0.0437 (train=101,918, test=29,276, epochs=100)
2026-07-29 00:54:50,347 [stage3_analysis.dnn_probe] INFO:   Overall OOF: R2=0.0703, RMSE=0.0644, MAE=0.0444
2026-07-29 00:54:50,349 [stage3_analysis.dnn_probe] INFO: 
--- Target: onv (Safety) ---
2026-07-29 00:54:50,349 [stage3_analysis.dnn_probe] INFO:   y range: [-0.4661, 0.1638], mean=0.0779
2026-07-29 00:54:50,349 [stage3_analysis.dnn_probe] INFO:   Using config defaults: hidden=32, layers=0, lr=0.0005
2026-07-29 00:54:50,349 [stage3_analysis.dnn_probe] INFO:   Evaluating with spatial CV...
2026-07-29 00:54:52,172 [stage3_analysis.dnn_probe] INFO:     Fold 1: R2=0.0704, RMSE=0.0527, MAE=0.0400 (train=107,099, test=24,095, epochs=93)
2026-07-29 00:54:53,900 [stage3_analysis.dnn_probe] INFO:     Fold 2: R2=0.1379, RMSE=0.0597, MAE=0.0431 (train=106,087, test=25,107, epochs=100)
2026-07-29 00:54:55,323 [stage3_analysis.dnn_probe] INFO:     Fold 3: R2=0.1447, RMSE=0.0666, MAE=0.0467 (train=103,108, test=28,086, epochs=64)
2026-07-29 00:54:56,518 [stage3_analysis.dnn_probe] INFO:     Fold 4: R2=0.0493, RMSE=0.0533, MAE=0.0402 (train=106,564, test=24,630, epochs=47)
2026-07-29 00:54:58,299 [stage3_analysis.dnn_probe] INFO:     Fold 5: R2=0.1532, RMSE=0.0651, MAE=0.0449 (train=101,918, test=29,276, epochs=92)
2026-07-29 00:54:58,304 [stage3_analysis.dnn_probe] INFO:   Overall OOF: R2=0.1309, RMSE=0.0602, MAE=0.0432
2026-07-29 00:54:58,305 [stage3_analysis.dnn_probe] INFO: 
--- Target: soc (Social Cohesion) ---
2026-07-29 00:54:58,305 [stage3_analysis.dnn_probe] INFO:   y range: [-0.4217, 0.4402], mean=0.0747
2026-07-29 00:54:58,305 [stage3_analysis.dnn_probe] INFO:   Using config defaults: hidden=32, layers=0, lr=0.0005
2026-07-29 00:54:58,305 [stage3_analysis.dnn_probe] INFO:   Evaluating with spatial CV...
2026-07-29 00:55:00,110 [stage3_analysis.dnn_probe] INFO:     Fold 1: R2=0.1286, RMSE=0.0498, MAE=0.0395 (train=107,099, test=24,095, epochs=89)
2026-07-29 00:55:01,708 [stage3_analysis.dnn_probe] INFO:     Fold 2: R2=0.1415, RMSE=0.0561, MAE=0.0437 (train=106,087, test=25,107, epochs=88)
2026-07-29 00:55:03,542 [stage3_analysis.dnn_probe] INFO:     Fold 3: R2=0.1628, RMSE=0.0553, MAE=0.0431 (train=103,108, test=28,086, epochs=100)
2026-07-29 00:55:04,991 [stage3_analysis.dnn_probe] INFO:     Fold 4: R2=0.1034, RMSE=0.0510, MAE=0.0404 (train=106,564, test=24,630, epochs=69)
2026-07-29 00:55:06,871 [stage3_analysis.dnn_probe] INFO:     Fold 5: R2=0.1710, RMSE=0.0558, MAE=0.0432 (train=101,918, test=29,276, epochs=100)
2026-07-29 00:55:06,877 [stage3_analysis.dnn_probe] INFO:   Overall OOF: R2=0.1520, RMSE=0.0538, MAE=0.0421
2026-07-29 00:55:06,879 [stage3_analysis.dnn_probe] INFO: 
--- Target: vrz (Amenities) ---
2026-07-29 00:55:06,879 [stage3_analysis.dnn_probe] INFO:   y range: [-0.3298, 0.6882], mean=-0.1153
2026-07-29 00:55:06,879 [stage3_analysis.dnn_probe] INFO:   Using config defaults: hidden=32, layers=0, lr=0.0005
2026-07-29 00:55:06,879 [stage3_analysis.dnn_probe] INFO:   Evaluating with spatial CV...
2026-07-29 00:55:08,850 [stage3_analysis.dnn_probe] INFO:     Fold 1: R2=0.1282, RMSE=0.0847, MAE=0.0690 (train=107,099, test=24,095, epochs=100)
2026-07-29 00:55:10,708 [stage3_analysis.dnn_probe] INFO:     Fold 2: R2=0.2012, RMSE=0.1073, MAE=0.0768 (train=106,087, test=25,107, epochs=100)
2026-07-29 00:55:12,651 [stage3_analysis.dnn_probe] INFO:     Fold 3: R2=0.2166, RMSE=0.0921, MAE=0.0722 (train=103,108, test=28,086, epochs=100)
2026-07-29 00:55:13,296 [stage3_analysis.dnn_probe] INFO:     Fold 4: R2=0.0423, RMSE=0.0805, MAE=0.0652 (train=106,564, test=24,630, epochs=21)
2026-07-29 00:55:15,297 [stage3_analysis.dnn_probe] INFO:     Fold 5: R2=0.1990, RMSE=0.0921, MAE=0.0701 (train=101,918, test=29,276, epochs=100)
2026-07-29 00:55:15,302 [stage3_analysis.dnn_probe] INFO:   Overall OOF: R2=0.1853, RMSE=0.0919, MAE=0.0707
2026-07-29 00:55:15,303 [stage3_analysis.dnn_probe] INFO: 
--- Target: won (Housing Quality) ---
2026-07-29 00:55:15,303 [stage3_analysis.dnn_probe] INFO:   y range: [-0.5287, 0.8859], mean=0.0616
2026-07-29 00:55:15,303 [stage3_analysis.dnn_probe] INFO:   Using config defaults: hidden=32, layers=0, lr=0.0005
2026-07-29 00:55:15,303 [stage3_analysis.dnn_probe] INFO:   Evaluating with spatial CV...
2026-07-29 00:55:17,086 [stage3_analysis.dnn_probe] INFO:     Fold 1: R2=0.0706, RMSE=0.0466, MAE=0.0350 (train=107,099, test=24,095, epochs=91)
2026-07-29 00:55:18,525 [stage3_analysis.dnn_probe] INFO:     Fold 2: R2=0.0960, RMSE=0.0510, MAE=0.0366 (train=106,087, test=25,107, epochs=80)
2026-07-29 00:55:19,853 [stage3_analysis.dnn_probe] INFO:     Fold 3: R2=0.0968, RMSE=0.0528, MAE=0.0386 (train=103,108, test=28,086, epochs=62)
2026-07-29 00:55:21,297 [stage3_analysis.dnn_probe] INFO:     Fold 4: R2=0.0487, RMSE=0.0480, MAE=0.0351 (train=106,564, test=24,630, epochs=70)
2026-07-29 00:55:22,893 [stage3_analysis.dnn_probe] INFO:     Fold 5: R2=0.1004, RMSE=0.0500, MAE=0.0363 (train=101,918, test=29,276, epochs=81)
2026-07-29 00:55:22,898 [stage3_analysis.dnn_probe] INFO:   Overall OOF: R2=0.0913, RMSE=0.0499, MAE=0.0364
2026-07-29 00:55:22,898 [stage3_analysis.dnn_probe] INFO: 
=== Summary ===
2026-07-29 00:55:22,898 [stage3_analysis.dnn_probe] INFO:   lbm (Overall Liveability): R2=0.0502, RMSE=0.1211
2026-07-29 00:55:22,898 [stage3_analysis.dnn_probe] INFO:   fys (Physical Environment): R2=0.0703, RMSE=0.0644
2026-07-29 00:55:22,898 [stage3_analysis.dnn_probe] INFO:   onv (Safety): R2=0.1309, RMSE=0.0602
2026-07-29 00:55:22,898 [stage3_analysis.dnn_probe] INFO:   soc (Social Cohesion): R2=0.1520, RMSE=0.0538
2026-07-29 00:55:22,898 [stage3_analysis.dnn_probe] INFO:   vrz (Amenities): R2=0.1853, RMSE=0.0919
2026-07-29 00:55:22,898 [stage3_analysis.dnn_probe] INFO:   won (Housing Quality): R2=0.0913, RMSE=0.0499
2026-07-29 00:55:22,945 [stage3_analysis.dnn_probe] INFO: Saved metrics summary to C:\Users\Bert Berkers\PycharmProjects\UrbanRepML\data\study_areas\netherlands\stage3_analysis\dnn_probe\2026-07-28\2026-07-28_accres_nag_s0_s42_leefb\metrics_summary.csv
2026-07-29 00:55:23,620 [stage3_analysis.dnn_probe] INFO: Saved predictions to C:\Users\Bert Berkers\PycharmProjects\UrbanRepML\data\study_areas\netherlands\stage3_analysis\dnn_probe\2026-07-28\2026-07-28_accres_nag_s0_s42_leefb
2026-07-29 00:55:23,620 [stage3_analysis.dnn_probe] INFO: Saved config to C:\Users\Bert Berkers\PycharmProjects\UrbanRepML\data\study_areas\netherlands\stage3_analysis\dnn_probe\2026-07-28\2026-07-28_accres_nag_s0_s42_leefb\config.json
2026-07-29 00:55:23,638 [stage3_analysis.dnn_probe] INFO: Saved run_info.json to C:\Users\Bert Berkers\PycharmProjects\UrbanRepML\data\study_areas\netherlands\stage3_analysis\dnn_probe\2026-07-28\2026-07-28_accres_nag_s0_s42_leefb\run_info.json
2026-07-29 00:55:23,741 [stage3_analysis.dnn_probe] INFO: Saved training curves to C:\Users\Bert Berkers\PycharmProjects\UrbanRepML\data\study_areas\netherlands\stage3_analysis\dnn_probe\2026-07-28\2026-07-28_accres_nag_s0_s42_leefb\training_curves (30 files)
[00:55:39]   leefb/lbm: R2=+0.05019 CI=[+0.04010, +0.06019]
[00:55:48]   leefb/fys: R2=+0.07033 CI=[+0.05597, +0.08477]
[00:55:58]   leefb/onv: R2=+0.13093 CI=[+0.11805, +0.14389]
[00:56:14]   leefb/soc: R2=+0.15198 CI=[+0.14355, +0.16043]
[00:56:30]   leefb/vrz: R2=+0.18532 CI=[+0.17517, +0.19527]
[00:56:49]   leefb/won: R2=+0.09132 CI=[+0.07793, +0.10470]
[00:57:19]   leefb FAMILY: R2=+0.11335 CI=[+0.10664, +0.12025] p=0.00010 (unadjusted)
[00:57:19] === RES-b nag_s0 s42 rudifun ===
2026-07-29 00:57:19,992 [stage3_analysis.probe_utils] INFO: Seeded RNGs (random, numpy, torch, cuda) with seed=42
2026-07-29 00:57:19,992 [stage3_analysis.dnn_probe] INFO: === DNN Probe Regression (MLP) ===
2026-07-29 00:57:19,992 [stage3_analysis.dnn_probe] INFO: Study area: netherlands
2026-07-29 00:57:19,992 [stage3_analysis.dnn_probe] INFO: Year: 2022
2026-07-29 00:57:19,992 [stage3_analysis.dnn_probe] INFO: Device: cpu
2026-07-29 00:57:19,992 [stage3_analysis.dnn_probe] INFO: Architecture: MLP, hidden=32, layers=0
2026-07-29 00:57:19,992 [stage3_analysis.dnn_probe] INFO: Loading embeddings from C:\Users\Bert Berkers\PycharmProjects\UrbanRepML\data\study_areas\netherlands\acc_sharpening\2026-07-28\residual\nag_s0_s42\residual.parquet
2026-07-29 00:57:20,432 [stage3_analysis.dnn_probe] INFO:   Embedding features: 64 (resid_0..resid_63)
2026-07-29 00:57:20,432 [stage3_analysis.dnn_probe] INFO:   Embedding rows: 482,706
2026-07-29 00:57:20,432 [stage3_analysis.dnn_probe] INFO: Loading target from C:\Users\Bert Berkers\PycharmProjects\UrbanRepML\data\study_areas\netherlands\target\rudifun\rudifun_h3res9_2022.parquet
2026-07-29 00:57:20,490 [stage3_analysis.dnn_probe] INFO:   Target rows: 238,072
2026-07-29 00:57:20,777 [stage3_analysis.dnn_probe] INFO:   Inner join: 238,072 hexagons with both embeddings and targets
2026-07-29 00:57:20,777 [stage3_analysis.probe_utils] INFO:   JOIN RATE: n_emb=482,706 n_target=238,072 n_join=238,072 rate_vs_emb=0.4932
2026-07-29 00:57:20,778 [stage3_analysis.probe_utils] WARNING: 
  ============================================================
  LOUD WARNING: probe join rate 49.3% < 95% threshold.
  Only 238,072 of 482,706 embedding hexagons matched a target row.
  This is the SILENT-SHRINK trap: stale old-grid embeddings vs
  new-grid targets inner-join to their intersection, yielding
  plausible-looking metrics over a shrunken sample. Trust these
  numbers ONLY if this is an explicitly old-grid-paired run.
  ============================================================
2026-07-29 00:57:20,837 [stage3_analysis.dnn_probe] INFO:   After dropna: 237,062 (dropped 1,010)
2026-07-29 00:57:20,838 [stage3_analysis.dnn_probe] INFO:   Loading regions from C:\Users\Bert Berkers\PycharmProjects\UrbanRepML\data\study_areas\netherlands\regions_gdf\netherlands_res9.parquet
2026-07-29 00:57:21,881 [stage3_analysis.dnn_probe] INFO:   After region join: 237,062 hexagons
2026-07-29 00:57:22,006 [stage3_analysis.dnn_probe] INFO: Creating spatial blocks: 5 folds, 10000m x 10000m
2026-07-29 00:57:22,691 [stage3_analysis.dnn_probe] INFO:   Created 461 spatial blocks across 5 folds
2026-07-29 00:57:22,827 [stage3_analysis.dnn_probe] WARNING:   2 points outside all blocks, assigning to fold 1
2026-07-29 00:57:22,855 [stage3_analysis.dnn_probe] INFO:   Fold sizes: {1: 48231, 2: 45624, 3: 48856, 4: 45974, 5: 48377}
2026-07-29 00:57:22,893 [stage3_analysis.dnn_probe] INFO: 
Feature matrix: (237062, 64)
2026-07-29 00:57:22,893 [stage3_analysis.dnn_probe] INFO: Targets: ['fsi', 'gsi', 'mxi', 'l', 'osr']
2026-07-29 00:57:22,894 [stage3_analysis.dnn_probe] INFO: 
--- Target: fsi (fsi) ---
2026-07-29 00:57:22,895 [stage3_analysis.dnn_probe] INFO:   y range: [0.0000, 46.7058], mean=0.3647
2026-07-29 00:57:22,895 [stage3_analysis.dnn_probe] INFO:   Using config defaults: hidden=32, layers=0, lr=0.0005
2026-07-29 00:57:22,895 [stage3_analysis.dnn_probe] INFO:   Evaluating with spatial CV...
2026-07-29 00:57:25,787 [stage3_analysis.dnn_probe] INFO:     Fold 1: R2=0.0746, RMSE=0.3830, MAE=0.2257 (train=188,831, test=48,231, epochs=77)
2026-07-29 00:57:28,811 [stage3_analysis.dnn_probe] INFO:     Fold 2: R2=0.0778, RMSE=0.3585, MAE=0.2137 (train=191,438, test=45,624, epochs=78)
2026-07-29 00:57:31,533 [stage3_analysis.dnn_probe] INFO:     Fold 3: R2=0.0970, RMSE=0.4321, MAE=0.2285 (train=188,206, test=48,856, epochs=75)
2026-07-29 00:57:34,174 [stage3_analysis.dnn_probe] INFO:     Fold 4: R2=0.0594, RMSE=0.4362, MAE=0.2261 (train=191,088, test=45,974, epochs=79)
2026-07-29 00:57:37,594 [stage3_analysis.dnn_probe] INFO:     Fold 5: R2=0.1092, RMSE=0.3839, MAE=0.2263 (train=188,685, test=48,377, epochs=94)
2026-07-29 00:57:37,603 [stage3_analysis.dnn_probe] INFO:   Overall OOF: R2=0.0845, RMSE=0.4000, MAE=0.2242
2026-07-29 00:57:37,605 [stage3_analysis.dnn_probe] INFO: 
--- Target: gsi (gsi) ---
2026-07-29 00:57:37,605 [stage3_analysis.dnn_probe] INFO:   y range: [0.0000, 1.0000], mean=0.2314
2026-07-29 00:57:37,605 [stage3_analysis.dnn_probe] INFO:   Using config defaults: hidden=32, layers=0, lr=0.0005
2026-07-29 00:57:37,605 [stage3_analysis.dnn_probe] INFO:   Evaluating with spatial CV...
2026-07-29 00:57:40,729 [stage3_analysis.dnn_probe] INFO:     Fold 1: R2=0.0277, RMSE=0.1501, MAE=0.1054 (train=188,831, test=48,231, epochs=82)
2026-07-29 00:57:42,836 [stage3_analysis.dnn_probe] INFO:     Fold 2: R2=0.0411, RMSE=0.1321, MAE=0.0943 (train=191,438, test=45,624, epochs=52)
2026-07-29 00:57:45,879 [stage3_analysis.dnn_probe] INFO:     Fold 3: R2=0.0619, RMSE=0.1430, MAE=0.0995 (train=188,206, test=48,856, epochs=81)
2026-07-29 00:57:47,944 [stage3_analysis.dnn_probe] INFO:     Fold 4: R2=0.0284, RMSE=0.1434, MAE=0.0992 (train=191,088, test=45,974, epochs=54)
2026-07-29 00:57:51,200 [stage3_analysis.dnn_probe] INFO:     Fold 5: R2=0.0604, RMSE=0.1369, MAE=0.0986 (train=188,685, test=48,377, epochs=96)
2026-07-29 00:57:51,208 [stage3_analysis.dnn_probe] INFO:   Overall OOF: R2=0.0450, RMSE=0.1413, MAE=0.0995
2026-07-29 00:57:51,210 [stage3_analysis.dnn_probe] INFO: 
--- Target: mxi (mxi) ---
2026-07-29 00:57:51,210 [stage3_analysis.dnn_probe] INFO:   y range: [0.0000, 1.0000], mean=0.4571
2026-07-29 00:57:51,210 [stage3_analysis.dnn_probe] INFO:   Using config defaults: hidden=32, layers=0, lr=0.0005
2026-07-29 00:57:51,210 [stage3_analysis.dnn_probe] INFO:   Evaluating with spatial CV...
2026-07-29 00:57:55,049 [stage3_analysis.dnn_probe] INFO:     Fold 1: R2=0.1617, RMSE=0.2695, MAE=0.2261 (train=188,831, test=48,231, epochs=100)
2026-07-29 00:57:58,653 [stage3_analysis.dnn_probe] INFO:     Fold 2: R2=0.1521, RMSE=0.2532, MAE=0.2088 (train=191,438, test=45,624, epochs=100)
2026-07-29 00:58:01,886 [stage3_analysis.dnn_probe] INFO:     Fold 3: R2=0.1488, RMSE=0.2618, MAE=0.2183 (train=188,206, test=48,856, epochs=97)
2026-07-29 00:58:05,428 [stage3_analysis.dnn_probe] INFO:     Fold 4: R2=0.1419, RMSE=0.2605, MAE=0.2161 (train=191,088, test=45,974, epochs=100)
2026-07-29 00:58:08,419 [stage3_analysis.dnn_probe] INFO:     Fold 5: R2=0.1739, RMSE=0.2625, MAE=0.2186 (train=188,685, test=48,377, epochs=97)
2026-07-29 00:58:08,427 [stage3_analysis.dnn_probe] INFO:   Overall OOF: R2=0.1576, RMSE=0.2617, MAE=0.2177
2026-07-29 00:58:08,429 [stage3_analysis.dnn_probe] INFO: 
--- Target: l (l) ---
2026-07-29 00:58:08,430 [stage3_analysis.dnn_probe] INFO:   y range: [0.2044, 15.1212], mean=1.4302
2026-07-29 00:58:08,430 [stage3_analysis.dnn_probe] INFO:   Using config defaults: hidden=32, layers=0, lr=0.0005
2026-07-29 00:58:08,430 [stage3_analysis.dnn_probe] INFO:   Evaluating with spatial CV...
2026-07-29 00:58:11,777 [stage3_analysis.dnn_probe] INFO:     Fold 1: R2=0.1145, RMSE=0.4818, MAE=0.3153 (train=188,831, test=48,231, epochs=100)
2026-07-29 00:58:15,195 [stage3_analysis.dnn_probe] INFO:     Fold 2: R2=0.0879, RMSE=0.4460, MAE=0.3043 (train=191,438, test=45,624, epochs=85)
2026-07-29 00:58:18,096 [stage3_analysis.dnn_probe] INFO:     Fold 3: R2=0.1020, RMSE=0.5027, MAE=0.3246 (train=188,206, test=48,856, epochs=82)
2026-07-29 00:58:21,333 [stage3_analysis.dnn_probe] INFO:     Fold 4: R2=0.0839, RMSE=0.4768, MAE=0.3209 (train=191,088, test=45,974, epochs=93)
2026-07-29 00:58:24,590 [stage3_analysis.dnn_probe] INFO:     Fold 5: R2=0.0986, RMSE=0.5311, MAE=0.3363 (train=188,685, test=48,377, epochs=100)
2026-07-29 00:58:24,598 [stage3_analysis.dnn_probe] INFO:   Overall OOF: R2=0.0990, RMSE=0.4891, MAE=0.3205
2026-07-29 00:58:24,600 [stage3_analysis.dnn_probe] INFO: 
--- Target: osr (osr) ---
2026-07-29 00:58:24,601 [stage3_analysis.dnn_probe] INFO:   y range: [0.0000, 100.0000], mean=4.2096
2026-07-29 00:58:24,601 [stage3_analysis.dnn_probe] INFO:   Using config defaults: hidden=32, layers=0, lr=0.0005
2026-07-29 00:58:24,601 [stage3_analysis.dnn_probe] INFO:   Evaluating with spatial CV...
2026-07-29 00:58:27,320 [stage3_analysis.dnn_probe] INFO:     Fold 1: R2=0.0017, RMSE=9.1223, MAE=3.1130 (train=188,831, test=48,231, epochs=75)
2026-07-29 00:58:29,292 [stage3_analysis.dnn_probe] INFO:     Fold 2: R2=0.0116, RMSE=5.1798, MAE=2.3244 (train=191,438, test=45,624, epochs=48)
2026-07-29 00:58:31,973 [stage3_analysis.dnn_probe] INFO:     Fold 3: R2=0.0082, RMSE=5.8387, MAE=2.4262 (train=188,206, test=48,856, epochs=79)
2026-07-29 00:58:34,013 [stage3_analysis.dnn_probe] INFO:     Fold 4: R2=0.0024, RMSE=5.4240, MAE=2.3784 (train=191,088, test=45,974, epochs=46)
2026-07-29 00:58:36,211 [stage3_analysis.dnn_probe] INFO:     Fold 5: R2=0.0086, RMSE=5.9190, MAE=2.4749 (train=188,685, test=48,377, epochs=59)
2026-07-29 00:58:36,222 [stage3_analysis.dnn_probe] INFO:   Overall OOF: R2=0.0072, RMSE=6.4788, MAE=2.5470
2026-07-29 00:58:36,225 [stage3_analysis.dnn_probe] INFO: 
=== Summary ===
2026-07-29 00:58:36,225 [stage3_analysis.dnn_probe] INFO:   fsi (fsi): R2=0.0845, RMSE=0.4000
2026-07-29 00:58:36,225 [stage3_analysis.dnn_probe] INFO:   gsi (gsi): R2=0.0450, RMSE=0.1413
2026-07-29 00:58:36,225 [stage3_analysis.dnn_probe] INFO:   mxi (mxi): R2=0.1576, RMSE=0.2617
2026-07-29 00:58:36,225 [stage3_analysis.dnn_probe] INFO:   l (l): R2=0.0990, RMSE=0.4891
2026-07-29 00:58:36,225 [stage3_analysis.dnn_probe] INFO:   osr (osr): R2=0.0072, RMSE=6.4788
2026-07-29 00:58:36,285 [stage3_analysis.dnn_probe] INFO: Saved metrics summary to C:\Users\Bert Berkers\PycharmProjects\UrbanRepML\data\study_areas\netherlands\stage3_analysis\dnn_probe\2026-07-28\2026-07-28_accres_nag_s0_s42_rudifun\metrics_summary.csv
2026-07-29 00:58:37,314 [stage3_analysis.dnn_probe] INFO: Saved predictions to C:\Users\Bert Berkers\PycharmProjects\UrbanRepML\data\study_areas\netherlands\stage3_analysis\dnn_probe\2026-07-28\2026-07-28_accres_nag_s0_s42_rudifun
2026-07-29 00:58:37,315 [stage3_analysis.dnn_probe] INFO: Saved config to C:\Users\Bert Berkers\PycharmProjects\UrbanRepML\data\study_areas\netherlands\stage3_analysis\dnn_probe\2026-07-28\2026-07-28_accres_nag_s0_s42_rudifun\config.json
2026-07-29 00:58:37,344 [stage3_analysis.dnn_probe] INFO: Saved run_info.json to C:\Users\Bert Berkers\PycharmProjects\UrbanRepML\data\study_areas\netherlands\stage3_analysis\dnn_probe\2026-07-28\2026-07-28_accres_nag_s0_s42_rudifun\run_info.json
2026-07-29 00:58:37,456 [stage3_analysis.dnn_probe] INFO: Saved training curves to C:\Users\Bert Berkers\PycharmProjects\UrbanRepML\data\study_areas\netherlands\stage3_analysis\dnn_probe\2026-07-28\2026-07-28_accres_nag_s0_s42_rudifun\training_curves (25 files)
[00:58:49]   rudifun/fsi: R2=+0.08446 CI=[-0.04869, +0.16631]
[00:59:06]   rudifun/gsi: R2=+0.04497 CI=[+0.03433, +0.05564]
[00:59:18]   rudifun/mxi: R2=+0.15764 CI=[+0.15356, +0.16187]
[00:59:31]   rudifun/l: R2=+0.09903 CI=[+0.07564, +0.12140]
[00:59:45]   rudifun/osr: R2=+0.00723 CI=[-0.03845, +0.05206]
[01:00:33]   rudifun FAMILY: R2=+0.07867 CI=[+0.04995, +0.10084] p=0.00010 (unadjusted)
[01:00:33] === RES-b nag_s0 s43 leefb ===
2026-07-29 01:00:33,935 [stage3_analysis.probe_utils] INFO: Seeded RNGs (random, numpy, torch, cuda) with seed=43
2026-07-29 01:00:33,935 [stage3_analysis.dnn_probe] INFO: === DNN Probe Regression (MLP) ===
2026-07-29 01:00:33,935 [stage3_analysis.dnn_probe] INFO: Study area: netherlands
2026-07-29 01:00:33,935 [stage3_analysis.dnn_probe] INFO: Year: 2022
2026-07-29 01:00:33,935 [stage3_analysis.dnn_probe] INFO: Device: cpu
2026-07-29 01:00:33,935 [stage3_analysis.dnn_probe] INFO: Architecture: MLP, hidden=32, layers=0
2026-07-29 01:00:33,935 [stage3_analysis.dnn_probe] INFO: Loading embeddings from C:\Users\Bert Berkers\PycharmProjects\UrbanRepML\data\study_areas\netherlands\acc_sharpening\2026-07-28\residual\nag_s0_s43\residual.parquet
2026-07-29 01:00:34,166 [stage3_analysis.dnn_probe] INFO:   Embedding features: 64 (resid_0..resid_63)
2026-07-29 01:00:34,166 [stage3_analysis.dnn_probe] INFO:   Embedding rows: 482,706
2026-07-29 01:00:34,167 [stage3_analysis.dnn_probe] INFO: Loading target from C:\Users\Bert Berkers\PycharmProjects\UrbanRepML\data\study_areas\netherlands\target\leefbaarometer\leefbaarometer_h3res9_2022.parquet
2026-07-29 01:00:34,213 [stage3_analysis.dnn_probe] INFO:   Target rows: 131,194
2026-07-29 01:00:34,470 [stage3_analysis.dnn_probe] INFO:   Inner join: 131,194 hexagons with both embeddings and targets
2026-07-29 01:00:34,470 [stage3_analysis.probe_utils] INFO:   JOIN RATE: n_emb=482,706 n_target=131,194 n_join=131,194 rate_vs_emb=0.2718
2026-07-29 01:00:34,470 [stage3_analysis.probe_utils] WARNING: 
  ============================================================
  LOUD WARNING: probe join rate 27.2% < 95% threshold.
  Only 131,194 of 482,706 embedding hexagons matched a target row.
  This is the SILENT-SHRINK trap: stale old-grid embeddings vs
  new-grid targets inner-join to their intersection, yielding
  plausible-looking metrics over a shrunken sample. Trust these
  numbers ONLY if this is an explicitly old-grid-paired run.
  ============================================================
2026-07-29 01:00:34,477 [stage3_analysis.dnn_probe] INFO:   After dropna: 131,194 (dropped 0)
2026-07-29 01:00:34,478 [stage3_analysis.dnn_probe] INFO:   Loading regions from C:\Users\Bert Berkers\PycharmProjects\UrbanRepML\data\study_areas\netherlands\regions_gdf\netherlands_res9.parquet
2026-07-29 01:00:35,826 [stage3_analysis.dnn_probe] INFO:   After region join: 131,194 hexagons
2026-07-29 01:00:36,020 [stage3_analysis.dnn_probe] INFO: Creating spatial blocks: 5 folds, 10000m x 10000m
2026-07-29 01:00:36,589 [stage3_analysis.dnn_probe] INFO:   Created 445 spatial blocks across 5 folds
2026-07-29 01:00:36,685 [stage3_analysis.dnn_probe] WARNING:   2 points outside all blocks, assigning to fold 1
2026-07-29 01:00:36,705 [stage3_analysis.dnn_probe] INFO:   Fold sizes: {1: 27761, 2: 25997, 3: 25267, 4: 25476, 5: 26693}
2026-07-29 01:00:36,737 [stage3_analysis.dnn_probe] INFO: 
Feature matrix: (131194, 64)
2026-07-29 01:00:36,737 [stage3_analysis.dnn_probe] INFO: Targets: ['lbm', 'fys', 'onv', 'soc', 'vrz', 'won']
2026-07-29 01:00:36,738 [stage3_analysis.dnn_probe] INFO: 
--- Target: lbm (Overall Liveability) ---
2026-07-29 01:00:36,738 [stage3_analysis.dnn_probe] INFO:   y range: [3.4200, 5.0361], mean=4.1982
2026-07-29 01:00:36,739 [stage3_analysis.dnn_probe] INFO:   Using config defaults: hidden=32, layers=0, lr=0.0005
2026-07-29 01:00:36,739 [stage3_analysis.dnn_probe] INFO:   Evaluating with spatial CV...
2026-07-29 01:00:37,961 [stage3_analysis.dnn_probe] INFO:     Fold 1: R2=0.0156, RMSE=0.1149, MAE=0.0876 (train=103,433, test=27,761, epochs=56)
2026-07-29 01:00:39,868 [stage3_analysis.dnn_probe] INFO:     Fold 2: R2=0.0266, RMSE=0.1189, MAE=0.0905 (train=105,197, test=25,997, epochs=100)
2026-07-29 01:00:41,593 [stage3_analysis.dnn_probe] INFO:     Fold 3: R2=0.0341, RMSE=0.1318, MAE=0.0981 (train=105,927, test=25,267, epochs=100)
2026-07-29 01:00:43,649 [stage3_analysis.dnn_probe] INFO:     Fold 4: R2=0.0202, RMSE=0.1256, MAE=0.0959 (train=105,718, test=25,476, epochs=100)
2026-07-29 01:00:45,495 [stage3_analysis.dnn_probe] INFO:     Fold 5: R2=0.0368, RMSE=0.1210, MAE=0.0910 (train=104,501, test=26,693, epochs=99)
2026-07-29 01:00:45,501 [stage3_analysis.dnn_probe] INFO:   Overall OOF: R2=0.0293, RMSE=0.1224, MAE=0.0925
2026-07-29 01:00:45,503 [stage3_analysis.dnn_probe] INFO: 
--- Target: fys (Physical Environment) ---
2026-07-29 01:00:45,503 [stage3_analysis.dnn_probe] INFO:   y range: [-0.7443, 0.4637], mean=-0.0030
2026-07-29 01:00:45,503 [stage3_analysis.dnn_probe] INFO:   Using config defaults: hidden=32, layers=0, lr=0.0005
2026-07-29 01:00:45,503 [stage3_analysis.dnn_probe] INFO:   Evaluating with spatial CV...
2026-07-29 01:00:47,474 [stage3_analysis.dnn_probe] INFO:     Fold 1: R2=0.0402, RMSE=0.0632, MAE=0.0440 (train=103,433, test=27,761, epochs=100)
2026-07-29 01:00:49,557 [stage3_analysis.dnn_probe] INFO:     Fold 2: R2=0.0365, RMSE=0.0680, MAE=0.0481 (train=105,197, test=25,997, epochs=100)
2026-07-29 01:00:51,577 [stage3_analysis.dnn_probe] INFO:     Fold 3: R2=0.0427, RMSE=0.0691, MAE=0.0458 (train=105,927, test=25,267, epochs=100)
2026-07-29 01:00:53,245 [stage3_analysis.dnn_probe] INFO:     Fold 4: R2=0.0520, RMSE=0.0624, MAE=0.0438 (train=105,718, test=25,476, epochs=91)
2026-07-29 01:00:55,244 [stage3_analysis.dnn_probe] INFO:     Fold 5: R2=0.0358, RMSE=0.0640, MAE=0.0440 (train=104,501, test=26,693, epochs=100)
2026-07-29 01:00:55,249 [stage3_analysis.dnn_probe] INFO:   Overall OOF: R2=0.0423, RMSE=0.0653, MAE=0.0451
2026-07-29 01:00:55,250 [stage3_analysis.dnn_probe] INFO: 
--- Target: onv (Safety) ---
2026-07-29 01:00:55,250 [stage3_analysis.dnn_probe] INFO:   y range: [-0.4661, 0.1638], mean=0.0779
2026-07-29 01:00:55,250 [stage3_analysis.dnn_probe] INFO:   Using config defaults: hidden=32, layers=0, lr=0.0005
2026-07-29 01:00:55,250 [stage3_analysis.dnn_probe] INFO:   Evaluating with spatial CV...
2026-07-29 01:00:57,044 [stage3_analysis.dnn_probe] INFO:     Fold 1: R2=0.0420, RMSE=0.0581, MAE=0.0431 (train=103,433, test=27,761, epochs=100)
2026-07-29 01:00:58,889 [stage3_analysis.dnn_probe] INFO:     Fold 2: R2=0.0603, RMSE=0.0608, MAE=0.0441 (train=105,197, test=25,997, epochs=100)
2026-07-29 01:01:00,818 [stage3_analysis.dnn_probe] INFO:     Fold 3: R2=0.0446, RMSE=0.0671, MAE=0.0472 (train=105,927, test=25,267, epochs=100)
2026-07-29 01:01:02,611 [stage3_analysis.dnn_probe] INFO:     Fold 4: R2=0.0541, RMSE=0.0627, MAE=0.0448 (train=105,718, test=25,476, epochs=100)
2026-07-29 01:01:04,567 [stage3_analysis.dnn_probe] INFO:     Fold 5: R2=0.0734, RMSE=0.0647, MAE=0.0461 (train=104,501, test=26,693, epochs=100)
2026-07-29 01:01:04,572 [stage3_analysis.dnn_probe] INFO:   Overall OOF: R2=0.0572, RMSE=0.0627, MAE=0.0450
2026-07-29 01:01:04,573 [stage3_analysis.dnn_probe] INFO: 
--- Target: soc (Social Cohesion) ---
2026-07-29 01:01:04,573 [stage3_analysis.dnn_probe] INFO:   y range: [-0.4217, 0.4402], mean=0.0747
2026-07-29 01:01:04,573 [stage3_analysis.dnn_probe] INFO:   Using config defaults: hidden=32, layers=0, lr=0.0005
2026-07-29 01:01:04,573 [stage3_analysis.dnn_probe] INFO:   Evaluating with spatial CV...
2026-07-29 01:01:06,374 [stage3_analysis.dnn_probe] INFO:     Fold 1: R2=0.0744, RMSE=0.0536, MAE=0.0428 (train=103,433, test=27,761, epochs=100)
2026-07-29 01:01:08,424 [stage3_analysis.dnn_probe] INFO:     Fold 2: R2=0.0836, RMSE=0.0558, MAE=0.0439 (train=105,197, test=25,997, epochs=100)
2026-07-29 01:01:10,233 [stage3_analysis.dnn_probe] INFO:     Fold 3: R2=0.0713, RMSE=0.0570, MAE=0.0444 (train=105,927, test=25,267, epochs=100)
2026-07-29 01:01:12,219 [stage3_analysis.dnn_probe] INFO:     Fold 4: R2=0.0799, RMSE=0.0561, MAE=0.0444 (train=105,718, test=25,476, epochs=100)
2026-07-29 01:01:14,023 [stage3_analysis.dnn_probe] INFO:     Fold 5: R2=0.0710, RMSE=0.0581, MAE=0.0461 (train=104,501, test=26,693, epochs=100)
2026-07-29 01:01:14,028 [stage3_analysis.dnn_probe] INFO:   Overall OOF: R2=0.0778, RMSE=0.0561, MAE=0.0443
2026-07-29 01:01:14,029 [stage3_analysis.dnn_probe] INFO: 
--- Target: vrz (Amenities) ---
2026-07-29 01:01:14,030 [stage3_analysis.dnn_probe] INFO:   y range: [-0.3298, 0.6882], mean=-0.1153
2026-07-29 01:01:14,030 [stage3_analysis.dnn_probe] INFO:   Using config defaults: hidden=32, layers=0, lr=0.0005
2026-07-29 01:01:14,030 [stage3_analysis.dnn_probe] INFO:   Evaluating with spatial CV...
2026-07-29 01:01:16,117 [stage3_analysis.dnn_probe] INFO:     Fold 1: R2=0.0478, RMSE=0.0889, MAE=0.0711 (train=103,433, test=27,761, epochs=100)
2026-07-29 01:01:18,173 [stage3_analysis.dnn_probe] INFO:     Fold 2: R2=0.0660, RMSE=0.0988, MAE=0.0779 (train=105,197, test=25,997, epochs=100)
2026-07-29 01:01:20,043 [stage3_analysis.dnn_probe] INFO:     Fold 3: R2=0.0630, RMSE=0.0950, MAE=0.0734 (train=105,927, test=25,267, epochs=100)
2026-07-29 01:01:21,984 [stage3_analysis.dnn_probe] INFO:     Fold 4: R2=0.0465, RMSE=0.1108, MAE=0.0781 (train=105,718, test=25,476, epochs=100)
2026-07-29 01:01:23,832 [stage3_analysis.dnn_probe] INFO:     Fold 5: R2=0.0822, RMSE=0.0974, MAE=0.0756 (train=104,501, test=26,693, epochs=100)
2026-07-29 01:01:23,837 [stage3_analysis.dnn_probe] INFO:   Overall OOF: R2=0.0680, RMSE=0.0983, MAE=0.0752
2026-07-29 01:01:23,839 [stage3_analysis.dnn_probe] INFO: 
--- Target: won (Housing Quality) ---
2026-07-29 01:01:23,839 [stage3_analysis.dnn_probe] INFO:   y range: [-0.5287, 0.8859], mean=0.0616
2026-07-29 01:01:23,839 [stage3_analysis.dnn_probe] INFO:   Using config defaults: hidden=32, layers=0, lr=0.0005
2026-07-29 01:01:23,839 [stage3_analysis.dnn_probe] INFO:   Evaluating with spatial CV...
2026-07-29 01:01:25,678 [stage3_analysis.dnn_probe] INFO:     Fold 1: R2=0.0369, RMSE=0.0505, MAE=0.0377 (train=103,433, test=27,761, epochs=100)
2026-07-29 01:01:27,656 [stage3_analysis.dnn_probe] INFO:     Fold 2: R2=0.0447, RMSE=0.0494, MAE=0.0369 (train=105,197, test=25,997, epochs=100)
2026-07-29 01:01:29,818 [stage3_analysis.dnn_probe] INFO:     Fold 3: R2=0.0389, RMSE=0.0536, MAE=0.0395 (train=105,927, test=25,267, epochs=100)
2026-07-29 01:01:31,643 [stage3_analysis.dnn_probe] INFO:     Fold 4: R2=0.0566, RMSE=0.0510, MAE=0.0372 (train=105,718, test=25,476, epochs=100)
2026-07-29 01:01:33,486 [stage3_analysis.dnn_probe] INFO:     Fold 5: R2=0.0402, RMSE=0.0511, MAE=0.0378 (train=104,501, test=26,693, epochs=100)
2026-07-29 01:01:33,491 [stage3_analysis.dnn_probe] INFO:   Overall OOF: R2=0.0448, RMSE=0.0511, MAE=0.0378
2026-07-29 01:01:33,491 [stage3_analysis.dnn_probe] INFO: 
=== Summary ===
2026-07-29 01:01:33,491 [stage3_analysis.dnn_probe] INFO:   lbm (Overall Liveability): R2=0.0293, RMSE=0.1224
2026-07-29 01:01:33,491 [stage3_analysis.dnn_probe] INFO:   fys (Physical Environment): R2=0.0423, RMSE=0.0653
2026-07-29 01:01:33,491 [stage3_analysis.dnn_probe] INFO:   onv (Safety): R2=0.0572, RMSE=0.0627
2026-07-29 01:01:33,491 [stage3_analysis.dnn_probe] INFO:   soc (Social Cohesion): R2=0.0778, RMSE=0.0561
2026-07-29 01:01:33,491 [stage3_analysis.dnn_probe] INFO:   vrz (Amenities): R2=0.0680, RMSE=0.0983
2026-07-29 01:01:33,491 [stage3_analysis.dnn_probe] INFO:   won (Housing Quality): R2=0.0448, RMSE=0.0511
2026-07-29 01:01:33,538 [stage3_analysis.dnn_probe] INFO: Saved metrics summary to C:\Users\Bert Berkers\PycharmProjects\UrbanRepML\data\study_areas\netherlands\stage3_analysis\dnn_probe\2026-07-28\2026-07-28_accres_nag_s0_s43_leefb\metrics_summary.csv
2026-07-29 01:01:34,021 [stage3_analysis.dnn_probe] INFO: Saved predictions to C:\Users\Bert Berkers\PycharmProjects\UrbanRepML\data\study_areas\netherlands\stage3_analysis\dnn_probe\2026-07-28\2026-07-28_accres_nag_s0_s43_leefb
2026-07-29 01:01:34,022 [stage3_analysis.dnn_probe] INFO: Saved config to C:\Users\Bert Berkers\PycharmProjects\UrbanRepML\data\study_areas\netherlands\stage3_analysis\dnn_probe\2026-07-28\2026-07-28_accres_nag_s0_s43_leefb\config.json
2026-07-29 01:01:34,050 [stage3_analysis.dnn_probe] INFO: Saved run_info.json to C:\Users\Bert Berkers\PycharmProjects\UrbanRepML\data\study_areas\netherlands\stage3_analysis\dnn_probe\2026-07-28\2026-07-28_accres_nag_s0_s43_leefb\run_info.json
2026-07-29 01:01:34,120 [stage3_analysis.dnn_probe] INFO: Saved training curves to C:\Users\Bert Berkers\PycharmProjects\UrbanRepML\data\study_areas\netherlands\stage3_analysis\dnn_probe\2026-07-28\2026-07-28_accres_nag_s0_s43_leefb\training_curves (30 files)
[01:01:40]   leefb/lbm: R2=+0.02928 CI=[+0.01912, +0.03919]
[01:01:54]   leefb/fys: R2=+0.04228 CI=[+0.02716, +0.05704]
[01:02:02]   leefb/onv: R2=+0.05715 CI=[+0.04346, +0.07083]
[01:02:10]   leefb/soc: R2=+0.07783 CI=[+0.06921, +0.08656]
[01:02:16]   leefb/vrz: R2=+0.06796 CI=[+0.05553, +0.08009]
[01:02:23]   leefb/won: R2=+0.04476 CI=[+0.03134, +0.05818]
[01:02:41]   leefb FAMILY: R2=+0.05321 CI=[+0.04613, +0.06059] p=0.00010 (unadjusted)
[01:02:41] === RES-b nag_s0 s43 rudifun ===
2026-07-29 01:02:42,090 [stage3_analysis.probe_utils] INFO: Seeded RNGs (random, numpy, torch, cuda) with seed=43
2026-07-29 01:02:42,090 [stage3_analysis.dnn_probe] INFO: === DNN Probe Regression (MLP) ===
2026-07-29 01:02:42,090 [stage3_analysis.dnn_probe] INFO: Study area: netherlands
2026-07-29 01:02:42,090 [stage3_analysis.dnn_probe] INFO: Year: 2022
2026-07-29 01:02:42,090 [stage3_analysis.dnn_probe] INFO: Device: cpu
2026-07-29 01:02:42,090 [stage3_analysis.dnn_probe] INFO: Architecture: MLP, hidden=32, layers=0
2026-07-29 01:02:42,090 [stage3_analysis.dnn_probe] INFO: Loading embeddings from C:\Users\Bert Berkers\PycharmProjects\UrbanRepML\data\study_areas\netherlands\acc_sharpening\2026-07-28\residual\nag_s0_s43\residual.parquet
2026-07-29 01:02:42,294 [stage3_analysis.dnn_probe] INFO:   Embedding features: 64 (resid_0..resid_63)
2026-07-29 01:02:42,294 [stage3_analysis.dnn_probe] INFO:   Embedding rows: 482,706
2026-07-29 01:02:42,296 [stage3_analysis.dnn_probe] INFO: Loading target from C:\Users\Bert Berkers\PycharmProjects\UrbanRepML\data\study_areas\netherlands\target\rudifun\rudifun_h3res9_2022.parquet
2026-07-29 01:02:42,455 [stage3_analysis.dnn_probe] INFO:   Target rows: 238,072
2026-07-29 01:02:43,497 [stage3_analysis.dnn_probe] INFO:   Inner join: 238,072 hexagons with both embeddings and targets
2026-07-29 01:02:43,498 [stage3_analysis.probe_utils] INFO:   JOIN RATE: n_emb=482,706 n_target=238,072 n_join=238,072 rate_vs_emb=0.4932
2026-07-29 01:02:43,498 [stage3_analysis.probe_utils] WARNING: 
  ============================================================
  LOUD WARNING: probe join rate 49.3% < 95% threshold.
  Only 238,072 of 482,706 embedding hexagons matched a target row.
  This is the SILENT-SHRINK trap: stale old-grid embeddings vs
  new-grid targets inner-join to their intersection, yielding
  plausible-looking metrics over a shrunken sample. Trust these
  numbers ONLY if this is an explicitly old-grid-paired run.
  ============================================================
2026-07-29 01:02:43,707 [stage3_analysis.dnn_probe] INFO:   After dropna: 237,062 (dropped 1,010)
2026-07-29 01:02:43,709 [stage3_analysis.dnn_probe] INFO:   Loading regions from C:\Users\Bert Berkers\PycharmProjects\UrbanRepML\data\study_areas\netherlands\regions_gdf\netherlands_res9.parquet
2026-07-29 01:02:47,170 [stage3_analysis.dnn_probe] INFO:   After region join: 237,062 hexagons
2026-07-29 01:02:47,646 [stage3_analysis.dnn_probe] INFO: Creating spatial blocks: 5 folds, 10000m x 10000m
2026-07-29 01:02:50,061 [stage3_analysis.dnn_probe] INFO:   Created 461 spatial blocks across 5 folds
2026-07-29 01:02:50,546 [stage3_analysis.dnn_probe] WARNING:   2 points outside all blocks, assigning to fold 1
2026-07-29 01:02:50,658 [stage3_analysis.dnn_probe] INFO:   Fold sizes: {1: 47818, 2: 48325, 3: 47290, 4: 44557, 5: 49072}
2026-07-29 01:02:50,809 [stage3_analysis.dnn_probe] INFO: 
Feature matrix: (237062, 64)
2026-07-29 01:02:50,809 [stage3_analysis.dnn_probe] INFO: Targets: ['fsi', 'gsi', 'mxi', 'l', 'osr']
2026-07-29 01:02:50,814 [stage3_analysis.dnn_probe] INFO: 
--- Target: fsi (fsi) ---
2026-07-29 01:02:50,815 [stage3_analysis.dnn_probe] INFO:   y range: [0.0000, 46.7058], mean=0.3647
2026-07-29 01:02:50,815 [stage3_analysis.dnn_probe] INFO:   Using config defaults: hidden=32, layers=0, lr=0.0005
2026-07-29 01:02:50,815 [stage3_analysis.dnn_probe] INFO:   Evaluating with spatial CV...
2026-07-29 01:02:54,095 [stage3_analysis.dnn_probe] INFO:     Fold 1: R2=0.0608, RMSE=0.3899, MAE=0.2260 (train=189,244, test=47,818, epochs=100)
2026-07-29 01:02:56,075 [stage3_analysis.dnn_probe] INFO:     Fold 2: R2=-0.0344, RMSE=0.3149, MAE=0.2077 (train=188,737, test=48,325, epochs=46)
2026-07-29 01:02:59,527 [stage3_analysis.dnn_probe] INFO:     Fold 3: R2=0.0571, RMSE=0.4753, MAE=0.2494 (train=189,772, test=47,290, epochs=100)
2026-07-29 01:03:02,794 [stage3_analysis.dnn_probe] INFO:     Fold 4: R2=0.0252, RMSE=0.4099, MAE=0.2272 (train=192,505, test=44,557, epochs=89)
2026-07-29 01:03:06,055 [stage3_analysis.dnn_probe] INFO:     Fold 5: R2=0.0681, RMSE=0.4308, MAE=0.2419 (train=187,990, test=49,072, epochs=95)
2026-07-29 01:03:06,064 [stage3_analysis.dnn_probe] INFO:   Overall OOF: R2=0.0507, RMSE=0.4073, MAE=0.2305
2026-07-29 01:03:06,069 [stage3_analysis.dnn_probe] INFO: 
--- Target: gsi (gsi) ---
2026-07-29 01:03:06,070 [stage3_analysis.dnn_probe] INFO:   y range: [0.0000, 1.0000], mean=0.2314
2026-07-29 01:03:06,070 [stage3_analysis.dnn_probe] INFO:   Using config defaults: hidden=32, layers=0, lr=0.0005
2026-07-29 01:03:06,070 [stage3_analysis.dnn_probe] INFO:   Evaluating with spatial CV...
2026-07-29 01:03:09,397 [stage3_analysis.dnn_probe] INFO:     Fold 1: R2=0.0220, RMSE=0.1426, MAE=0.1006 (train=189,244, test=47,818, epochs=96)
2026-07-29 01:03:11,490 [stage3_analysis.dnn_probe] INFO:     Fold 2: R2=-0.0146, RMSE=0.1287, MAE=0.0953 (train=188,737, test=48,325, epochs=55)
2026-07-29 01:03:14,352 [stage3_analysis.dnn_probe] INFO:     Fold 3: R2=0.0166, RMSE=0.1488, MAE=0.1056 (train=189,772, test=47,290, epochs=81)
2026-07-29 01:03:16,792 [stage3_analysis.dnn_probe] INFO:     Fold 4: R2=0.0282, RMSE=0.1446, MAE=0.1037 (train=192,505, test=44,557, epochs=65)
2026-07-29 01:03:19,981 [stage3_analysis.dnn_probe] INFO:     Fold 5: R2=0.0359, RMSE=0.1486, MAE=0.1057 (train=187,990, test=49,072, epochs=88)
2026-07-29 01:03:19,989 [stage3_analysis.dnn_probe] INFO:   Overall OOF: R2=0.0246, RMSE=0.1428, MAE=0.1021
2026-07-29 01:03:19,992 [stage3_analysis.dnn_probe] INFO: 
--- Target: mxi (mxi) ---
2026-07-29 01:03:19,992 [stage3_analysis.dnn_probe] INFO:   y range: [0.0000, 1.0000], mean=0.4571
2026-07-29 01:03:19,992 [stage3_analysis.dnn_probe] INFO:   Using config defaults: hidden=32, layers=0, lr=0.0005
2026-07-29 01:03:19,992 [stage3_analysis.dnn_probe] INFO:   Evaluating with spatial CV...
2026-07-29 01:03:23,647 [stage3_analysis.dnn_probe] INFO:     Fold 1: R2=0.1123, RMSE=0.2567, MAE=0.2140 (train=189,244, test=47,818, epochs=100)
2026-07-29 01:03:27,082 [stage3_analysis.dnn_probe] INFO:     Fold 2: R2=0.0990, RMSE=0.2622, MAE=0.2197 (train=188,737, test=48,325, epochs=100)
2026-07-29 01:03:30,429 [stage3_analysis.dnn_probe] INFO:     Fold 3: R2=0.1451, RMSE=0.2754, MAE=0.2321 (train=189,772, test=47,290, epochs=96)
2026-07-29 01:03:33,960 [stage3_analysis.dnn_probe] INFO:     Fold 4: R2=0.1366, RMSE=0.2740, MAE=0.2302 (train=192,505, test=44,557, epochs=100)
2026-07-29 01:03:37,365 [stage3_analysis.dnn_probe] INFO:     Fold 5: R2=0.1401, RMSE=0.2623, MAE=0.2194 (train=187,990, test=49,072, epochs=95)
2026-07-29 01:03:37,373 [stage3_analysis.dnn_probe] INFO:   Overall OOF: R2=0.1291, RMSE=0.2661, MAE=0.2229
2026-07-29 01:03:37,377 [stage3_analysis.dnn_probe] INFO: 
--- Target: l (l) ---
2026-07-29 01:03:37,377 [stage3_analysis.dnn_probe] INFO:   y range: [0.2044, 15.1212], mean=1.4302
2026-07-29 01:03:37,377 [stage3_analysis.dnn_probe] INFO:   Using config defaults: hidden=32, layers=0, lr=0.0005
2026-07-29 01:03:37,377 [stage3_analysis.dnn_probe] INFO:   Evaluating with spatial CV...
2026-07-29 01:03:40,936 [stage3_analysis.dnn_probe] INFO:     Fold 1: R2=0.0563, RMSE=0.4780, MAE=0.3113 (train=189,244, test=47,818, epochs=100)
2026-07-29 01:03:43,072 [stage3_analysis.dnn_probe] INFO:     Fold 2: R2=-0.0010, RMSE=0.4176, MAE=0.3043 (train=188,737, test=48,325, epochs=54)
2026-07-29 01:03:46,543 [stage3_analysis.dnn_probe] INFO:     Fold 3: R2=0.0511, RMSE=0.5728, MAE=0.3560 (train=189,772, test=47,290, epochs=96)
2026-07-29 01:03:50,248 [stage3_analysis.dnn_probe] INFO:     Fold 4: R2=0.0466, RMSE=0.4842, MAE=0.3345 (train=192,505, test=44,557, epochs=100)
2026-07-29 01:03:53,498 [stage3_analysis.dnn_probe] INFO:     Fold 5: R2=0.0721, RMSE=0.5347, MAE=0.3347 (train=187,990, test=49,072, epochs=95)
2026-07-29 01:03:53,507 [stage3_analysis.dnn_probe] INFO:   Overall OOF: R2=0.0571, RMSE=0.5004, MAE=0.3280
2026-07-29 01:03:53,511 [stage3_analysis.dnn_probe] INFO: 
--- Target: osr (osr) ---
2026-07-29 01:03:53,512 [stage3_analysis.dnn_probe] INFO:   y range: [0.0000, 100.0000], mean=4.2096
2026-07-29 01:03:53,512 [stage3_analysis.dnn_probe] INFO:   Using config defaults: hidden=32, layers=0, lr=0.0005
2026-07-29 01:03:53,512 [stage3_analysis.dnn_probe] INFO:   Evaluating with spatial CV...
2026-07-29 01:03:55,613 [stage3_analysis.dnn_probe] INFO:     Fold 1: R2=0.0042, RMSE=5.0459, MAE=2.3358 (train=189,244, test=47,818, epochs=59)
2026-07-29 01:03:58,870 [stage3_analysis.dnn_probe] INFO:     Fold 2: R2=0.0090, RMSE=6.3161, MAE=2.5074 (train=188,737, test=48,325, epochs=94)
2026-07-29 01:04:01,855 [stage3_analysis.dnn_probe] INFO:     Fold 3: R2=-0.0024, RMSE=6.5537, MAE=2.6268 (train=189,772, test=47,290, epochs=76)
2026-07-29 01:04:04,158 [stage3_analysis.dnn_probe] INFO:     Fold 4: R2=0.0122, RMSE=8.5958, MAE=2.9495 (train=192,505, test=44,557, epochs=52)
2026-07-29 01:04:05,456 [stage3_analysis.dnn_probe] INFO:     Fold 5: R2=-0.0017, RMSE=5.4901, MAE=2.5099 (train=187,990, test=49,072, epochs=29)
2026-07-29 01:04:05,464 [stage3_analysis.dnn_probe] INFO:   Overall OOF: R2=0.0075, RMSE=6.4779, MAE=2.5802
2026-07-29 01:04:05,465 [stage3_analysis.dnn_probe] INFO: 
=== Summary ===
2026-07-29 01:04:05,465 [stage3_analysis.dnn_probe] INFO:   fsi (fsi): R2=0.0507, RMSE=0.4073
2026-07-29 01:04:05,465 [stage3_analysis.dnn_probe] INFO:   gsi (gsi): R2=0.0246, RMSE=0.1428
2026-07-29 01:04:05,465 [stage3_analysis.dnn_probe] INFO:   mxi (mxi): R2=0.1291, RMSE=0.2661
2026-07-29 01:04:05,465 [stage3_analysis.dnn_probe] INFO:   l (l): R2=0.0571, RMSE=0.5004
2026-07-29 01:04:05,465 [stage3_analysis.dnn_probe] INFO:   osr (osr): R2=0.0075, RMSE=6.4779
2026-07-29 01:04:05,517 [stage3_analysis.dnn_probe] INFO: Saved metrics summary to C:\Users\Bert Berkers\PycharmProjects\UrbanRepML\data\study_areas\netherlands\stage3_analysis\dnn_probe\2026-07-28\2026-07-28_accres_nag_s0_s43_rudifun\metrics_summary.csv
2026-07-29 01:04:07,098 [stage3_analysis.dnn_probe] INFO: Saved predictions to C:\Users\Bert Berkers\PycharmProjects\UrbanRepML\data\study_areas\netherlands\stage3_analysis\dnn_probe\2026-07-28\2026-07-28_accres_nag_s0_s43_rudifun
2026-07-29 01:04:07,101 [stage3_analysis.dnn_probe] INFO: Saved config to C:\Users\Bert Berkers\PycharmProjects\UrbanRepML\data\study_areas\netherlands\stage3_analysis\dnn_probe\2026-07-28\2026-07-28_accres_nag_s0_s43_rudifun\config.json
2026-07-29 01:04:07,121 [stage3_analysis.dnn_probe] INFO: Saved run_info.json to C:\Users\Bert Berkers\PycharmProjects\UrbanRepML\data\study_areas\netherlands\stage3_analysis\dnn_probe\2026-07-28\2026-07-28_accres_nag_s0_s43_rudifun\run_info.json
2026-07-29 01:04:07,270 [stage3_analysis.dnn_probe] INFO: Saved training curves to C:\Users\Bert Berkers\PycharmProjects\UrbanRepML\data\study_areas\netherlands\stage3_analysis\dnn_probe\2026-07-28\2026-07-28_accres_nag_s0_s43_rudifun\training_curves (25 files)
[01:04:33]   rudifun/fsi: R2=+0.05071 CI=[-0.08124, +0.13206]
[01:04:46]   rudifun/gsi: R2=+0.02459 CI=[+0.01417, +0.03517]
[01:05:10]   rudifun/mxi: R2=+0.12906 CI=[+0.12502, +0.13303]
[01:05:25]   rudifun/l: R2=+0.05714 CI=[+0.03349, +0.07999]
[01:05:48]   rudifun/osr: R2=+0.00751 CI=[-0.03793, +0.05211]
[01:06:31]   rudifun FAMILY: R2=+0.05380 CI=[+0.02540, +0.07593] p=0.00010 (unadjusted)
[01:06:31] === RES-b nag_s0 s44 leefb ===
2026-07-29 01:06:31,592 [stage3_analysis.probe_utils] INFO: Seeded RNGs (random, numpy, torch, cuda) with seed=44
2026-07-29 01:06:31,592 [stage3_analysis.dnn_probe] INFO: === DNN Probe Regression (MLP) ===
2026-07-29 01:06:31,592 [stage3_analysis.dnn_probe] INFO: Study area: netherlands
2026-07-29 01:06:31,592 [stage3_analysis.dnn_probe] INFO: Year: 2022
2026-07-29 01:06:31,592 [stage3_analysis.dnn_probe] INFO: Device: cpu
2026-07-29 01:06:31,592 [stage3_analysis.dnn_probe] INFO: Architecture: MLP, hidden=32, layers=0
2026-07-29 01:06:31,592 [stage3_analysis.dnn_probe] INFO: Loading embeddings from C:\Users\Bert Berkers\PycharmProjects\UrbanRepML\data\study_areas\netherlands\acc_sharpening\2026-07-28\residual\nag_s0_s44\residual.parquet
2026-07-29 01:06:31,888 [stage3_analysis.dnn_probe] INFO:   Embedding features: 64 (resid_0..resid_63)
2026-07-29 01:06:31,888 [stage3_analysis.dnn_probe] INFO:   Embedding rows: 482,706
2026-07-29 01:06:31,889 [stage3_analysis.dnn_probe] INFO: Loading target from C:\Users\Bert Berkers\PycharmProjects\UrbanRepML\data\study_areas\netherlands\target\leefbaarometer\leefbaarometer_h3res9_2022.parquet
2026-07-29 01:06:31,924 [stage3_analysis.dnn_probe] INFO:   Target rows: 131,194
2026-07-29 01:06:32,123 [stage3_analysis.dnn_probe] INFO:   Inner join: 131,194 hexagons with both embeddings and targets
2026-07-29 01:06:32,123 [stage3_analysis.probe_utils] INFO:   JOIN RATE: n_emb=482,706 n_target=131,194 n_join=131,194 rate_vs_emb=0.2718
2026-07-29 01:06:32,123 [stage3_analysis.probe_utils] WARNING: 
  ============================================================
  LOUD WARNING: probe join rate 27.2% < 95% threshold.
  Only 131,194 of 482,706 embedding hexagons matched a target row.
  This is the SILENT-SHRINK trap: stale old-grid embeddings vs
  new-grid targets inner-join to their intersection, yielding
  plausible-looking metrics over a shrunken sample. Trust these
  numbers ONLY if this is an explicitly old-grid-paired run.
  ============================================================
2026-07-29 01:06:32,128 [stage3_analysis.dnn_probe] INFO:   After dropna: 131,194 (dropped 0)
2026-07-29 01:06:32,129 [stage3_analysis.dnn_probe] INFO:   Loading regions from C:\Users\Bert Berkers\PycharmProjects\UrbanRepML\data\study_areas\netherlands\regions_gdf\netherlands_res9.parquet
2026-07-29 01:06:33,125 [stage3_analysis.dnn_probe] INFO:   After region join: 131,194 hexagons
2026-07-29 01:06:33,248 [stage3_analysis.dnn_probe] INFO: Creating spatial blocks: 5 folds, 10000m x 10000m
2026-07-29 01:06:33,633 [stage3_analysis.dnn_probe] INFO:   Created 445 spatial blocks across 5 folds
2026-07-29 01:06:33,708 [stage3_analysis.dnn_probe] WARNING:   2 points outside all blocks, assigning to fold 1
2026-07-29 01:06:33,722 [stage3_analysis.dnn_probe] INFO:   Fold sizes: {1: 28050, 2: 26058, 3: 24065, 4: 25331, 5: 27690}
2026-07-29 01:06:33,744 [stage3_analysis.dnn_probe] INFO: 
Feature matrix: (131194, 64)
2026-07-29 01:06:33,744 [stage3_analysis.dnn_probe] INFO: Targets: ['lbm', 'fys', 'onv', 'soc', 'vrz', 'won']
2026-07-29 01:06:33,745 [stage3_analysis.dnn_probe] INFO: 
--- Target: lbm (Overall Liveability) ---
2026-07-29 01:06:33,745 [stage3_analysis.dnn_probe] INFO:   y range: [3.4200, 5.0361], mean=4.1982
2026-07-29 01:06:33,745 [stage3_analysis.dnn_probe] INFO:   Using config defaults: hidden=32, layers=0, lr=0.0005
2026-07-29 01:06:33,745 [stage3_analysis.dnn_probe] INFO:   Evaluating with spatial CV...
2026-07-29 01:06:35,097 [stage3_analysis.dnn_probe] INFO:     Fold 1: R2=0.0015, RMSE=0.1147, MAE=0.0880 (train=103,144, test=28,050, epochs=64)
2026-07-29 01:06:36,321 [stage3_analysis.dnn_probe] INFO:     Fold 2: R2=0.0004, RMSE=0.1265, MAE=0.0954 (train=105,136, test=26,058, epochs=52)
2026-07-29 01:06:38,197 [stage3_analysis.dnn_probe] INFO:     Fold 3: R2=-0.0115, RMSE=0.1293, MAE=0.0987 (train=107,129, test=24,065, epochs=99)
2026-07-29 01:06:39,237 [stage3_analysis.dnn_probe] INFO:     Fold 4: R2=-0.0002, RMSE=0.1254, MAE=0.0940 (train=105,863, test=25,331, epochs=44)
2026-07-29 01:06:40,524 [stage3_analysis.dnn_probe] INFO:     Fold 5: R2=-0.0133, RMSE=0.1264, MAE=0.0949 (train=103,504, test=27,690, epochs=67)
2026-07-29 01:06:40,529 [stage3_analysis.dnn_probe] INFO:   Overall OOF: R2=-0.0016, RMSE=0.1243, MAE=0.0940
2026-07-29 01:06:40,530 [stage3_analysis.dnn_probe] INFO: 
--- Target: fys (Physical Environment) ---
2026-07-29 01:06:40,530 [stage3_analysis.dnn_probe] INFO:   y range: [-0.7443, 0.4637], mean=-0.0030
2026-07-29 01:06:40,530 [stage3_analysis.dnn_probe] INFO:   Using config defaults: hidden=32, layers=0, lr=0.0005
2026-07-29 01:06:40,530 [stage3_analysis.dnn_probe] INFO:   Evaluating with spatial CV...
2026-07-29 01:06:41,802 [stage3_analysis.dnn_probe] INFO:     Fold 1: R2=0.0076, RMSE=0.0652, MAE=0.0453 (train=103,144, test=28,050, epochs=64)
2026-07-29 01:06:43,762 [stage3_analysis.dnn_probe] INFO:     Fold 2: R2=0.0087, RMSE=0.0655, MAE=0.0439 (train=105,136, test=26,058, epochs=100)
2026-07-29 01:06:45,341 [stage3_analysis.dnn_probe] INFO:     Fold 3: R2=0.0113, RMSE=0.0675, MAE=0.0469 (train=107,129, test=24,065, epochs=80)
2026-07-29 01:06:46,682 [stage3_analysis.dnn_probe] INFO:     Fold 4: R2=0.0083, RMSE=0.0660, MAE=0.0466 (train=105,863, test=25,331, epochs=66)
2026-07-29 01:06:48,188 [stage3_analysis.dnn_probe] INFO:     Fold 5: R2=0.0018, RMSE=0.0683, MAE=0.0475 (train=103,504, test=27,690, epochs=74)
2026-07-29 01:06:48,204 [stage3_analysis.dnn_probe] INFO:   Overall OOF: R2=0.0083, RMSE=0.0665, MAE=0.0460
2026-07-29 01:06:48,220 [stage3_analysis.dnn_probe] INFO: 
--- Target: onv (Safety) ---
2026-07-29 01:06:48,220 [stage3_analysis.dnn_probe] INFO:   y range: [-0.4661, 0.1638], mean=0.0779
2026-07-29 01:06:48,220 [stage3_analysis.dnn_probe] INFO:   Using config defaults: hidden=32, layers=0, lr=0.0005
2026-07-29 01:06:48,221 [stage3_analysis.dnn_probe] INFO:   Evaluating with spatial CV...
2026-07-29 01:06:49,356 [stage3_analysis.dnn_probe] INFO:     Fold 1: R2=-0.0287, RMSE=0.0567, MAE=0.0431 (train=103,144, test=28,050, epochs=62)
2026-07-29 01:06:51,310 [stage3_analysis.dnn_probe] INFO:     Fold 2: R2=0.0003, RMSE=0.0674, MAE=0.0482 (train=105,136, test=26,058, epochs=99)
2026-07-29 01:06:53,072 [stage3_analysis.dnn_probe] INFO:     Fold 3: R2=0.0003, RMSE=0.0694, MAE=0.0477 (train=107,129, test=24,065, epochs=90)
2026-07-29 01:06:54,638 [stage3_analysis.dnn_probe] INFO:     Fold 4: R2=0.0101, RMSE=0.0623, MAE=0.0446 (train=105,863, test=25,331, epochs=70)
2026-07-29 01:06:56,355 [stage3_analysis.dnn_probe] INFO:     Fold 5: R2=0.0050, RMSE=0.0665, MAE=0.0473 (train=103,504, test=27,690, epochs=85)
2026-07-29 01:06:56,361 [stage3_analysis.dnn_probe] INFO:   Overall OOF: R2=0.0032, RMSE=0.0645, MAE=0.0461
2026-07-29 01:06:56,363 [stage3_analysis.dnn_probe] INFO: 
--- Target: soc (Social Cohesion) ---
2026-07-29 01:06:56,363 [stage3_analysis.dnn_probe] INFO:   y range: [-0.4217, 0.4402], mean=0.0747
2026-07-29 01:06:56,363 [stage3_analysis.dnn_probe] INFO:   Using config defaults: hidden=32, layers=0, lr=0.0005
2026-07-29 01:06:56,363 [stage3_analysis.dnn_probe] INFO:   Evaluating with spatial CV...
2026-07-29 01:06:57,598 [stage3_analysis.dnn_probe] INFO:     Fold 1: R2=-0.0157, RMSE=0.0532, MAE=0.0434 (train=103,144, test=28,050, epochs=63)
2026-07-29 01:06:59,527 [stage3_analysis.dnn_probe] INFO:     Fold 2: R2=0.0068, RMSE=0.0605, MAE=0.0478 (train=105,136, test=26,058, epochs=100)
2026-07-29 01:07:06,486 [stage3_analysis.dnn_probe] INFO:     Fold 3: R2=0.0044, RMSE=0.0590, MAE=0.0461 (train=107,129, test=24,065, epochs=92)
2026-07-29 01:07:07,951 [stage3_analysis.dnn_probe] INFO:     Fold 4: R2=0.0035, RMSE=0.0574, MAE=0.0454 (train=105,863, test=25,331, epochs=68)
2026-07-29 01:07:10,398 [stage3_analysis.dnn_probe] INFO:     Fold 5: R2=-0.0001, RMSE=0.0614, MAE=0.0482 (train=103,504, test=27,690, epochs=100)
2026-07-29 01:07:10,403 [stage3_analysis.dnn_probe] INFO:   Overall OOF: R2=0.0031, RMSE=0.0583, MAE=0.0462
2026-07-29 01:07:10,404 [stage3_analysis.dnn_probe] INFO: 
--- Target: vrz (Amenities) ---
2026-07-29 01:07:10,405 [stage3_analysis.dnn_probe] INFO:   y range: [-0.3298, 0.6882], mean=-0.1153
2026-07-29 01:07:10,405 [stage3_analysis.dnn_probe] INFO:   Using config defaults: hidden=32, layers=0, lr=0.0005
2026-07-29 01:07:10,405 [stage3_analysis.dnn_probe] INFO:   Evaluating with spatial CV...
2026-07-29 01:07:11,541 [stage3_analysis.dnn_probe] INFO:     Fold 1: R2=-0.0678, RMSE=0.0789, MAE=0.0649 (train=103,144, test=28,050, epochs=51)
2026-07-29 01:07:13,339 [stage3_analysis.dnn_probe] INFO:     Fold 2: R2=0.0131, RMSE=0.1021, MAE=0.0816 (train=105,136, test=26,058, epochs=100)
2026-07-29 01:07:15,106 [stage3_analysis.dnn_probe] INFO:     Fold 3: R2=0.0098, RMSE=0.1034, MAE=0.0777 (train=107,129, test=24,065, epochs=97)
2026-07-29 01:07:17,071 [stage3_analysis.dnn_probe] INFO:     Fold 4: R2=-0.0007, RMSE=0.0977, MAE=0.0775 (train=105,863, test=25,331, epochs=100)
2026-07-29 01:07:18,765 [stage3_analysis.dnn_probe] INFO:     Fold 5: R2=0.0026, RMSE=0.1215, MAE=0.0843 (train=103,504, test=27,690, epochs=89)
2026-07-29 01:07:18,770 [stage3_analysis.dnn_probe] INFO:   Overall OOF: R2=0.0044, RMSE=0.1016, MAE=0.0771
2026-07-29 01:07:18,771 [stage3_analysis.dnn_probe] INFO: 
--- Target: won (Housing Quality) ---
2026-07-29 01:07:18,771 [stage3_analysis.dnn_probe] INFO:   y range: [-0.5287, 0.8859], mean=0.0616
2026-07-29 01:07:18,771 [stage3_analysis.dnn_probe] INFO:   Using config defaults: hidden=32, layers=0, lr=0.0005
2026-07-29 01:07:18,771 [stage3_analysis.dnn_probe] INFO:   Evaluating with spatial CV...
2026-07-29 01:07:20,729 [stage3_analysis.dnn_probe] INFO:     Fold 1: R2=-0.0160, RMSE=0.0476, MAE=0.0360 (train=103,144, test=28,050, epochs=100)
2026-07-29 01:07:22,791 [stage3_analysis.dnn_probe] INFO:     Fold 2: R2=0.0040, RMSE=0.0519, MAE=0.0393 (train=105,136, test=26,058, epochs=98)
2026-07-29 01:07:24,319 [stage3_analysis.dnn_probe] INFO:     Fold 3: R2=-0.0008, RMSE=0.0545, MAE=0.0398 (train=107,129, test=24,065, epochs=83)
2026-07-29 01:07:25,680 [stage3_analysis.dnn_probe] INFO:     Fold 4: R2=0.0068, RMSE=0.0535, MAE=0.0401 (train=105,863, test=25,331, epochs=67)
2026-07-29 01:07:27,242 [stage3_analysis.dnn_probe] INFO:     Fold 5: R2=0.0091, RMSE=0.0539, MAE=0.0394 (train=103,504, test=27,690, epochs=82)
2026-07-29 01:07:27,247 [stage3_analysis.dnn_probe] INFO:   Overall OOF: R2=0.0030, RMSE=0.0522, MAE=0.0388
2026-07-29 01:07:27,248 [stage3_analysis.dnn_probe] INFO: 
=== Summary ===
2026-07-29 01:07:27,248 [stage3_analysis.dnn_probe] INFO:   lbm (Overall Liveability): R2=-0.0016, RMSE=0.1243
2026-07-29 01:07:27,248 [stage3_analysis.dnn_probe] INFO:   fys (Physical Environment): R2=0.0083, RMSE=0.0665
2026-07-29 01:07:27,248 [stage3_analysis.dnn_probe] INFO:   onv (Safety): R2=0.0032, RMSE=0.0645
2026-07-29 01:07:27,248 [stage3_analysis.dnn_probe] INFO:   soc (Social Cohesion): R2=0.0031, RMSE=0.0583
2026-07-29 01:07:27,248 [stage3_analysis.dnn_probe] INFO:   vrz (Amenities): R2=0.0044, RMSE=0.1016
2026-07-29 01:07:27,248 [stage3_analysis.dnn_probe] INFO:   won (Housing Quality): R2=0.0030, RMSE=0.0522
2026-07-29 01:07:27,299 [stage3_analysis.dnn_probe] INFO: Saved metrics summary to C:\Users\Bert Berkers\PycharmProjects\UrbanRepML\data\study_areas\netherlands\stage3_analysis\dnn_probe\2026-07-28\2026-07-28_accres_nag_s0_s44_leefb\metrics_summary.csv
2026-07-29 01:07:28,145 [stage3_analysis.dnn_probe] INFO: Saved predictions to C:\Users\Bert Berkers\PycharmProjects\UrbanRepML\data\study_areas\netherlands\stage3_analysis\dnn_probe\2026-07-28\2026-07-28_accres_nag_s0_s44_leefb
2026-07-29 01:07:28,146 [stage3_analysis.dnn_probe] INFO: Saved config to C:\Users\Bert Berkers\PycharmProjects\UrbanRepML\data\study_areas\netherlands\stage3_analysis\dnn_probe\2026-07-28\2026-07-28_accres_nag_s0_s44_leefb\config.json
2026-07-29 01:07:28,158 [stage3_analysis.dnn_probe] INFO: Saved run_info.json to C:\Users\Bert Berkers\PycharmProjects\UrbanRepML\data\study_areas\netherlands\stage3_analysis\dnn_probe\2026-07-28\2026-07-28_accres_nag_s0_s44_leefb\run_info.json
2026-07-29 01:07:28,222 [stage3_analysis.dnn_probe] INFO: Saved training curves to C:\Users\Bert Berkers\PycharmProjects\UrbanRepML\data\study_areas\netherlands\stage3_analysis\dnn_probe\2026-07-28\2026-07-28_accres_nag_s0_s44_leefb\training_curves (30 files)
[01:07:34]   leefb/lbm: R2=-0.00158 CI=[-0.01180, +0.00859]
[01:07:48]   leefb/fys: R2=+0.00830 CI=[-0.00717, +0.02352]
[01:08:05]   leefb/onv: R2=+0.00323 CI=[-0.01152, +0.01799]
[01:08:21]   leefb/soc: R2=+0.00309 CI=[-0.00615, +0.01231]
[01:08:28]   leefb/vrz: R2=+0.00437 CI=[-0.00918, +0.01774]
[01:08:35]   leefb/won: R2=+0.00296 CI=[-0.01060, +0.01651]
[01:09:04]   leefb FAMILY: R2=+0.00339 CI=[-0.00425, +0.01112] p=0.39386 (unadjusted)
[01:09:04] === RES-b nag_s0 s44 rudifun ===
2026-07-29 01:09:04,552 [stage3_analysis.probe_utils] INFO: Seeded RNGs (random, numpy, torch, cuda) with seed=44
2026-07-29 01:09:04,552 [stage3_analysis.dnn_probe] INFO: === DNN Probe Regression (MLP) ===
2026-07-29 01:09:04,552 [stage3_analysis.dnn_probe] INFO: Study area: netherlands
2026-07-29 01:09:04,552 [stage3_analysis.dnn_probe] INFO: Year: 2022
2026-07-29 01:09:04,552 [stage3_analysis.dnn_probe] INFO: Device: cpu
2026-07-29 01:09:04,552 [stage3_analysis.dnn_probe] INFO: Architecture: MLP, hidden=32, layers=0
2026-07-29 01:09:04,552 [stage3_analysis.dnn_probe] INFO: Loading embeddings from C:\Users\Bert Berkers\PycharmProjects\UrbanRepML\data\study_areas\netherlands\acc_sharpening\2026-07-28\residual\nag_s0_s44\residual.parquet
2026-07-29 01:09:04,945 [stage3_analysis.dnn_probe] INFO:   Embedding features: 64 (resid_0..resid_63)
2026-07-29 01:09:04,945 [stage3_analysis.dnn_probe] INFO:   Embedding rows: 482,706
2026-07-29 01:09:04,946 [stage3_analysis.dnn_probe] INFO: Loading target from C:\Users\Bert Berkers\PycharmProjects\UrbanRepML\data\study_areas\netherlands\target\rudifun\rudifun_h3res9_2022.parquet
2026-07-29 01:09:05,090 [stage3_analysis.dnn_probe] INFO:   Target rows: 238,072
2026-07-29 01:09:06,222 [stage3_analysis.dnn_probe] INFO:   Inner join: 238,072 hexagons with both embeddings and targets
2026-07-29 01:09:06,223 [stage3_analysis.probe_utils] INFO:   JOIN RATE: n_emb=482,706 n_target=238,072 n_join=238,072 rate_vs_emb=0.4932
2026-07-29 01:09:06,223 [stage3_analysis.probe_utils] WARNING: 
  ============================================================
  LOUD WARNING: probe join rate 49.3% < 95% threshold.
  Only 238,072 of 482,706 embedding hexagons matched a target row.
  This is the SILENT-SHRINK trap: stale old-grid embeddings vs
  new-grid targets inner-join to their intersection, yielding
  plausible-looking metrics over a shrunken sample. Trust these
  numbers ONLY if this is an explicitly old-grid-paired run.
  ============================================================
2026-07-29 01:09:06,429 [stage3_analysis.dnn_probe] INFO:   After dropna: 237,062 (dropped 1,010)
2026-07-29 01:09:06,431 [stage3_analysis.dnn_probe] INFO:   Loading regions from C:\Users\Bert Berkers\PycharmProjects\UrbanRepML\data\study_areas\netherlands\regions_gdf\netherlands_res9.parquet
2026-07-29 01:09:09,630 [stage3_analysis.dnn_probe] INFO:   After region join: 237,062 hexagons
2026-07-29 01:09:09,752 [stage3_analysis.dnn_probe] INFO: Creating spatial blocks: 5 folds, 10000m x 10000m
2026-07-29 01:09:10,429 [stage3_analysis.dnn_probe] INFO:   Created 461 spatial blocks across 5 folds
2026-07-29 01:09:10,566 [stage3_analysis.dnn_probe] WARNING:   2 points outside all blocks, assigning to fold 1
2026-07-29 01:09:10,598 [stage3_analysis.dnn_probe] INFO:   Fold sizes: {1: 47897, 2: 46046, 3: 45078, 4: 48963, 5: 49078}
2026-07-29 01:09:10,636 [stage3_analysis.dnn_probe] INFO: 
Feature matrix: (237062, 64)
2026-07-29 01:09:10,636 [stage3_analysis.dnn_probe] INFO: Targets: ['fsi', 'gsi', 'mxi', 'l', 'osr']
2026-07-29 01:09:10,638 [stage3_analysis.dnn_probe] INFO: 
--- Target: fsi (fsi) ---
2026-07-29 01:09:10,638 [stage3_analysis.dnn_probe] INFO:   y range: [0.0000, 46.7058], mean=0.3647
2026-07-29 01:09:10,638 [stage3_analysis.dnn_probe] INFO:   Using config defaults: hidden=32, layers=0, lr=0.0005
2026-07-29 01:09:10,638 [stage3_analysis.dnn_probe] INFO:   Evaluating with spatial CV...
2026-07-29 01:09:13,199 [stage3_analysis.dnn_probe] INFO:     Fold 1: R2=-0.0027, RMSE=0.3447, MAE=0.2153 (train=189,165, test=47,897, epochs=64)
2026-07-29 01:09:14,965 [stage3_analysis.dnn_probe] INFO:     Fold 2: R2=0.0060, RMSE=0.4125, MAE=0.2344 (train=191,016, test=46,046, epochs=44)
2026-07-29 01:09:17,439 [stage3_analysis.dnn_probe] INFO:     Fold 3: R2=0.0061, RMSE=0.4002, MAE=0.2248 (train=191,984, test=45,078, epochs=63)
2026-07-29 01:09:19,720 [stage3_analysis.dnn_probe] INFO:     Fold 4: R2=0.0022, RMSE=0.4853, MAE=0.2315 (train=188,099, test=48,963, epochs=62)
2026-07-29 01:09:22,897 [stage3_analysis.dnn_probe] INFO:     Fold 5: R2=0.0078, RMSE=0.4272, MAE=0.2433 (train=187,984, test=49,078, epochs=81)
2026-07-29 01:09:22,906 [stage3_analysis.dnn_probe] INFO:   Overall OOF: R2=0.0049, RMSE=0.4171, MAE=0.2300
2026-07-29 01:09:22,908 [stage3_analysis.dnn_probe] INFO: 
--- Target: gsi (gsi) ---
2026-07-29 01:09:22,908 [stage3_analysis.dnn_probe] INFO:   y range: [0.0000, 1.0000], mean=0.2314
2026-07-29 01:09:22,909 [stage3_analysis.dnn_probe] INFO:   Using config defaults: hidden=32, layers=0, lr=0.0005
2026-07-29 01:09:22,909 [stage3_analysis.dnn_probe] INFO:   Evaluating with spatial CV...
2026-07-29 01:09:25,397 [stage3_analysis.dnn_probe] INFO:     Fold 1: R2=-0.0002, RMSE=0.1323, MAE=0.0963 (train=189,165, test=47,897, epochs=66)
2026-07-29 01:09:27,396 [stage3_analysis.dnn_probe] INFO:     Fold 2: R2=0.0161, RMSE=0.1501, MAE=0.1083 (train=191,016, test=46,046, epochs=46)
2026-07-29 01:09:29,675 [stage3_analysis.dnn_probe] INFO:     Fold 3: R2=0.0151, RMSE=0.1465, MAE=0.1010 (train=191,984, test=45,078, epochs=54)
2026-07-29 01:09:30,977 [stage3_analysis.dnn_probe] INFO:     Fold 4: R2=0.0012, RMSE=0.1431, MAE=0.1014 (train=188,099, test=48,963, epochs=24)
2026-07-29 01:09:34,123 [stage3_analysis.dnn_probe] INFO:     Fold 5: R2=0.0134, RMSE=0.1471, MAE=0.1051 (train=187,984, test=49,078, epochs=86)
2026-07-29 01:09:34,131 [stage3_analysis.dnn_probe] INFO:   Overall OOF: R2=0.0100, RMSE=0.1439, MAE=0.1024
2026-07-29 01:09:34,134 [stage3_analysis.dnn_probe] INFO: 
--- Target: mxi (mxi) ---
2026-07-29 01:09:34,134 [stage3_analysis.dnn_probe] INFO:   y range: [0.0000, 1.0000], mean=0.4571
2026-07-29 01:09:34,134 [stage3_analysis.dnn_probe] INFO:   Using config defaults: hidden=32, layers=0, lr=0.0005
2026-07-29 01:09:34,134 [stage3_analysis.dnn_probe] INFO:   Evaluating with spatial CV...
2026-07-29 01:09:37,228 [stage3_analysis.dnn_probe] INFO:     Fold 1: R2=0.0198, RMSE=0.2823, MAE=0.2382 (train=189,165, test=47,897, epochs=86)
2026-07-29 01:09:40,673 [stage3_analysis.dnn_probe] INFO:     Fold 2: R2=0.0186, RMSE=0.2820, MAE=0.2397 (train=191,016, test=46,046, epochs=98)
2026-07-29 01:09:43,821 [stage3_analysis.dnn_probe] INFO:     Fold 3: R2=0.0098, RMSE=0.2776, MAE=0.2348 (train=191,984, test=45,078, epochs=100)
2026-07-29 01:09:46,673 [stage3_analysis.dnn_probe] INFO:     Fold 4: R2=0.0165, RMSE=0.2825, MAE=0.2360 (train=188,099, test=48,963, epochs=85)
2026-07-29 01:09:49,744 [stage3_analysis.dnn_probe] INFO:     Fold 5: R2=0.0216, RMSE=0.2873, MAE=0.2433 (train=187,984, test=49,078, epochs=90)
2026-07-29 01:09:49,755 [stage3_analysis.dnn_probe] INFO:   Overall OOF: R2=0.0184, RMSE=0.2824, MAE=0.2385
2026-07-29 01:09:49,762 [stage3_analysis.dnn_probe] INFO: 
--- Target: l (l) ---
2026-07-29 01:09:49,762 [stage3_analysis.dnn_probe] INFO:   y range: [0.2044, 15.1212], mean=1.4302
2026-07-29 01:09:49,762 [stage3_analysis.dnn_probe] INFO:   Using config defaults: hidden=32, layers=0, lr=0.0005
2026-07-29 01:09:49,762 [stage3_analysis.dnn_probe] INFO:   Evaluating with spatial CV...
2026-07-29 01:09:51,690 [stage3_analysis.dnn_probe] INFO:     Fold 1: R2=0.0054, RMSE=0.4698, MAE=0.3267 (train=189,165, test=47,897, epochs=46)
2026-07-29 01:09:53,748 [stage3_analysis.dnn_probe] INFO:     Fold 2: R2=-0.0009, RMSE=0.5156, MAE=0.3406 (train=191,016, test=46,046, epochs=44)
2026-07-29 01:09:57,274 [stage3_analysis.dnn_probe] INFO:     Fold 3: R2=0.0007, RMSE=0.4942, MAE=0.3325 (train=191,984, test=45,078, epochs=99)
2026-07-29 01:10:00,798 [stage3_analysis.dnn_probe] INFO:     Fold 4: R2=0.0024, RMSE=0.5168, MAE=0.3358 (train=188,099, test=48,963, epochs=100)
2026-07-29 01:10:03,798 [stage3_analysis.dnn_probe] INFO:     Fold 5: R2=0.0037, RMSE=0.5672, MAE=0.3588 (train=187,984, test=49,078, epochs=81)
2026-07-29 01:10:03,808 [stage3_analysis.dnn_probe] INFO:   Overall OOF: R2=0.0041, RMSE=0.5142, MAE=0.3391
2026-07-29 01:10:03,813 [stage3_analysis.dnn_probe] INFO: 
--- Target: osr (osr) ---
2026-07-29 01:10:03,814 [stage3_analysis.dnn_probe] INFO:   y range: [0.0000, 100.0000], mean=4.2096
2026-07-29 01:10:03,814 [stage3_analysis.dnn_probe] INFO:   Using config defaults: hidden=32, layers=0, lr=0.0005
2026-07-29 01:10:03,814 [stage3_analysis.dnn_probe] INFO:   Evaluating with spatial CV...
2026-07-29 01:10:06,059 [stage3_analysis.dnn_probe] INFO:     Fold 1: R2=-0.0062, RMSE=5.6154, MAE=2.3672 (train=189,165, test=47,897, epochs=59)
2026-07-29 01:10:09,172 [stage3_analysis.dnn_probe] INFO:     Fold 2: R2=-0.0040, RMSE=7.1547, MAE=2.7719 (train=191,016, test=46,046, epochs=94)
2026-07-29 01:10:11,011 [stage3_analysis.dnn_probe] INFO:     Fold 3: R2=-0.0004, RMSE=6.2753, MAE=2.4760 (train=191,984, test=45,078, epochs=46)
2026-07-29 01:10:13,625 [stage3_analysis.dnn_probe] INFO:     Fold 4: R2=-0.0084, RMSE=5.1726, MAE=2.4342 (train=188,099, test=48,963, epochs=69)
2026-07-29 01:10:16,045 [stage3_analysis.dnn_probe] INFO:     Fold 5: R2=-0.0019, RMSE=7.9354, MAE=2.8468 (train=187,984, test=49,078, epochs=62)
2026-07-29 01:10:16,054 [stage3_analysis.dnn_probe] INFO:   Overall OOF: R2=-0.0020, RMSE=6.5088, MAE=2.5796
2026-07-29 01:10:16,057 [stage3_analysis.dnn_probe] INFO: 
=== Summary ===
2026-07-29 01:10:16,058 [stage3_analysis.dnn_probe] INFO:   fsi (fsi): R2=0.0049, RMSE=0.4171
2026-07-29 01:10:16,058 [stage3_analysis.dnn_probe] INFO:   gsi (gsi): R2=0.0100, RMSE=0.1439
2026-07-29 01:10:16,058 [stage3_analysis.dnn_probe] INFO:   mxi (mxi): R2=0.0184, RMSE=0.2824
2026-07-29 01:10:16,058 [stage3_analysis.dnn_probe] INFO:   l (l): R2=0.0041, RMSE=0.5142
2026-07-29 01:10:16,058 [stage3_analysis.dnn_probe] INFO:   osr (osr): R2=-0.0020, RMSE=6.5088
2026-07-29 01:10:16,108 [stage3_analysis.dnn_probe] INFO: Saved metrics summary to C:\Users\Bert Berkers\PycharmProjects\UrbanRepML\data\study_areas\netherlands\stage3_analysis\dnn_probe\2026-07-28\2026-07-28_accres_nag_s0_s44_rudifun\metrics_summary.csv
2026-07-29 01:10:16,973 [stage3_analysis.dnn_probe] INFO: Saved predictions to C:\Users\Bert Berkers\PycharmProjects\UrbanRepML\data\study_areas\netherlands\stage3_analysis\dnn_probe\2026-07-28\2026-07-28_accres_nag_s0_s44_rudifun
2026-07-29 01:10:16,973 [stage3_analysis.dnn_probe] INFO: Saved config to C:\Users\Bert Berkers\PycharmProjects\UrbanRepML\data\study_areas\netherlands\stage3_analysis\dnn_probe\2026-07-28\2026-07-28_accres_nag_s0_s44_rudifun\config.json
2026-07-29 01:10:16,985 [stage3_analysis.dnn_probe] INFO: Saved run_info.json to C:\Users\Bert Berkers\PycharmProjects\UrbanRepML\data\study_areas\netherlands\stage3_analysis\dnn_probe\2026-07-28\2026-07-28_accres_nag_s0_s44_rudifun\run_info.json
2026-07-29 01:10:17,046 [stage3_analysis.dnn_probe] INFO: Saved training curves to C:\Users\Bert Berkers\PycharmProjects\UrbanRepML\data\study_areas\netherlands\stage3_analysis\dnn_probe\2026-07-28\2026-07-28_accres_nag_s0_s44_rudifun\training_curves (25 files)
[ledger_append WARN] run_id='stage3-dnn_probe-20260728T231016-9a9bbd9e' already in ledger — skipping duplicate append.
[01:10:29]   rudifun/fsi: R2=+0.00488 CI=[-0.12962, +0.08834]
[01:10:50]   rudifun/gsi: R2=+0.01000 CI=[-0.00045, +0.02064]
[01:11:15]   rudifun/mxi: R2=+0.01844 CI=[+0.01437, +0.02240]
[01:11:36]   rudifun/l: R2=+0.00406 CI=[-0.02019, +0.02727]
[01:11:48]   rudifun/osr: R2=-0.00199 CI=[-0.04781, +0.04297]
[01:12:33]   rudifun FAMILY: R2=+0.00708 CI=[-0.02189, +0.02966] p=0.67063 (unadjusted)
[01:12:33] === RES-b nag_s1 s42 leefb ===
2026-07-29 01:12:33,341 [stage3_analysis.probe_utils] INFO: Seeded RNGs (random, numpy, torch, cuda) with seed=42
2026-07-29 01:12:33,341 [stage3_analysis.dnn_probe] INFO: === DNN Probe Regression (MLP) ===
2026-07-29 01:12:33,341 [stage3_analysis.dnn_probe] INFO: Study area: netherlands
2026-07-29 01:12:33,341 [stage3_analysis.dnn_probe] INFO: Year: 2022
2026-07-29 01:12:33,341 [stage3_analysis.dnn_probe] INFO: Device: cpu
2026-07-29 01:12:33,341 [stage3_analysis.dnn_probe] INFO: Architecture: MLP, hidden=32, layers=0
2026-07-29 01:12:33,341 [stage3_analysis.dnn_probe] INFO: Loading embeddings from C:\Users\Bert Berkers\PycharmProjects\UrbanRepML\data\study_areas\netherlands\acc_sharpening\2026-07-28\residual\nag_s1_s42\residual.parquet
2026-07-29 01:12:33,569 [stage3_analysis.dnn_probe] INFO:   Embedding features: 64 (resid_0..resid_63)
2026-07-29 01:12:33,569 [stage3_analysis.dnn_probe] INFO:   Embedding rows: 482,706
2026-07-29 01:12:33,570 [stage3_analysis.dnn_probe] INFO: Loading target from C:\Users\Bert Berkers\PycharmProjects\UrbanRepML\data\study_areas\netherlands\target\leefbaarometer\leefbaarometer_h3res9_2022.parquet
2026-07-29 01:12:33,615 [stage3_analysis.dnn_probe] INFO:   Target rows: 131,194
2026-07-29 01:12:33,888 [stage3_analysis.dnn_probe] INFO:   Inner join: 131,194 hexagons with both embeddings and targets
2026-07-29 01:12:33,888 [stage3_analysis.probe_utils] INFO:   JOIN RATE: n_emb=482,706 n_target=131,194 n_join=131,194 rate_vs_emb=0.2718
2026-07-29 01:12:33,888 [stage3_analysis.probe_utils] WARNING: 
  ============================================================
  LOUD WARNING: probe join rate 27.2% < 95% threshold.
  Only 131,194 of 482,706 embedding hexagons matched a target row.
  This is the SILENT-SHRINK trap: stale old-grid embeddings vs
  new-grid targets inner-join to their intersection, yielding
  plausible-looking metrics over a shrunken sample. Trust these
  numbers ONLY if this is an explicitly old-grid-paired run.
  ============================================================
2026-07-29 01:12:33,895 [stage3_analysis.dnn_probe] INFO:   After dropna: 131,194 (dropped 0)
2026-07-29 01:12:33,896 [stage3_analysis.dnn_probe] INFO:   Loading regions from C:\Users\Bert Berkers\PycharmProjects\UrbanRepML\data\study_areas\netherlands\regions_gdf\netherlands_res9.parquet
2026-07-29 01:12:35,307 [stage3_analysis.dnn_probe] INFO:   After region join: 131,194 hexagons
2026-07-29 01:12:35,495 [stage3_analysis.dnn_probe] INFO: Creating spatial blocks: 5 folds, 10000m x 10000m
2026-07-29 01:12:36,063 [stage3_analysis.dnn_probe] INFO:   Created 445 spatial blocks across 5 folds
2026-07-29 01:12:36,159 [stage3_analysis.dnn_probe] WARNING:   2 points outside all blocks, assigning to fold 1
2026-07-29 01:12:36,179 [stage3_analysis.dnn_probe] INFO:   Fold sizes: {1: 24095, 2: 25107, 3: 28086, 4: 24630, 5: 29276}
2026-07-29 01:12:36,211 [stage3_analysis.dnn_probe] INFO: 
Feature matrix: (131194, 64)
2026-07-29 01:12:36,211 [stage3_analysis.dnn_probe] INFO: Targets: ['lbm', 'fys', 'onv', 'soc', 'vrz', 'won']
2026-07-29 01:12:36,212 [stage3_analysis.dnn_probe] INFO: 
--- Target: lbm (Overall Liveability) ---
2026-07-29 01:12:36,212 [stage3_analysis.dnn_probe] INFO:   y range: [3.4200, 5.0361], mean=4.1982
2026-07-29 01:12:36,212 [stage3_analysis.dnn_probe] INFO:   Using config defaults: hidden=32, layers=0, lr=0.0005
2026-07-29 01:12:36,212 [stage3_analysis.dnn_probe] INFO:   Evaluating with spatial CV...
2026-07-29 01:12:38,187 [stage3_analysis.dnn_probe] INFO:     Fold 1: R2=0.0174, RMSE=0.1157, MAE=0.0882 (train=107,099, test=24,095, epochs=100)
2026-07-29 01:12:39,815 [stage3_analysis.dnn_probe] INFO:     Fold 2: R2=0.0219, RMSE=0.1225, MAE=0.0929 (train=106,087, test=25,107, epochs=91)
2026-07-29 01:12:41,660 [stage3_analysis.dnn_probe] INFO:     Fold 3: R2=0.0299, RMSE=0.1275, MAE=0.0973 (train=103,108, test=28,086, epochs=100)
2026-07-29 01:12:43,165 [stage3_analysis.dnn_probe] INFO:     Fold 4: R2=0.0220, RMSE=0.1183, MAE=0.0901 (train=106,564, test=24,630, epochs=69)
2026-07-29 01:12:45,365 [stage3_analysis.dnn_probe] INFO:     Fold 5: R2=0.0199, RMSE=0.1275, MAE=0.0946 (train=101,918, test=29,276, epochs=100)
2026-07-29 01:12:45,369 [stage3_analysis.dnn_probe] INFO:   Overall OOF: R2=0.0238, RMSE=0.1228, MAE=0.0928
2026-07-29 01:12:45,370 [stage3_analysis.dnn_probe] INFO: 
--- Target: fys (Physical Environment) ---
2026-07-29 01:12:45,371 [stage3_analysis.dnn_probe] INFO:   y range: [-0.7443, 0.4637], mean=-0.0030
2026-07-29 01:12:45,371 [stage3_analysis.dnn_probe] INFO:   Using config defaults: hidden=32, layers=0, lr=0.0005
2026-07-29 01:12:45,371 [stage3_analysis.dnn_probe] INFO:   Evaluating with spatial CV...
2026-07-29 01:12:47,217 [stage3_analysis.dnn_probe] INFO:     Fold 1: R2=0.0682, RMSE=0.0644, MAE=0.0468 (train=107,099, test=24,095, epochs=100)
2026-07-29 01:12:49,087 [stage3_analysis.dnn_probe] INFO:     Fold 2: R2=0.0626, RMSE=0.0648, MAE=0.0453 (train=106,087, test=25,107, epochs=100)
2026-07-29 01:12:50,850 [stage3_analysis.dnn_probe] INFO:     Fold 3: R2=0.0708, RMSE=0.0605, MAE=0.0426 (train=103,108, test=28,086, epochs=100)
2026-07-29 01:12:52,625 [stage3_analysis.dnn_probe] INFO:     Fold 4: R2=0.0719, RMSE=0.0663, MAE=0.0457 (train=106,564, test=24,630, epochs=92)
2026-07-29 01:12:54,314 [stage3_analysis.dnn_probe] INFO:     Fold 5: R2=0.0500, RMSE=0.0665, MAE=0.0444 (train=101,918, test=29,276, epochs=81)
2026-07-29 01:12:54,319 [stage3_analysis.dnn_probe] INFO:   Overall OOF: R2=0.0661, RMSE=0.0645, MAE=0.0448
2026-07-29 01:12:54,321 [stage3_analysis.dnn_probe] INFO: 
--- Target: onv (Safety) ---
2026-07-29 01:12:54,321 [stage3_analysis.dnn_probe] INFO:   y range: [-0.4661, 0.1638], mean=0.0779
2026-07-29 01:12:54,321 [stage3_analysis.dnn_probe] INFO:   Using config defaults: hidden=32, layers=0, lr=0.0005
2026-07-29 01:12:54,321 [stage3_analysis.dnn_probe] INFO:   Evaluating with spatial CV...
2026-07-29 01:12:56,311 [stage3_analysis.dnn_probe] INFO:     Fold 1: R2=-0.0208, RMSE=0.0552, MAE=0.0421 (train=107,099, test=24,095, epochs=97)
2026-07-29 01:12:57,735 [stage3_analysis.dnn_probe] INFO:     Fold 2: R2=0.0240, RMSE=0.0635, MAE=0.0455 (train=106,087, test=25,107, epochs=76)
2026-07-29 01:12:59,279 [stage3_analysis.dnn_probe] INFO:     Fold 3: R2=0.0479, RMSE=0.0703, MAE=0.0491 (train=103,108, test=28,086, epochs=84)
2026-07-29 01:13:00,398 [stage3_analysis.dnn_probe] INFO:     Fold 4: R2=0.0192, RMSE=0.0542, MAE=0.0411 (train=106,564, test=24,630, epochs=49)
2026-07-29 01:13:02,011 [stage3_analysis.dnn_probe] INFO:     Fold 5: R2=0.0658, RMSE=0.0684, MAE=0.0471 (train=101,918, test=29,276, epochs=100)
2026-07-29 01:13:02,017 [stage3_analysis.dnn_probe] INFO:   Overall OOF: R2=0.0440, RMSE=0.0631, MAE=0.0452
2026-07-29 01:13:02,019 [stage3_analysis.dnn_probe] INFO: 
--- Target: soc (Social Cohesion) ---
2026-07-29 01:13:02,019 [stage3_analysis.dnn_probe] INFO:   y range: [-0.4217, 0.4402], mean=0.0747
2026-07-29 01:13:02,019 [stage3_analysis.dnn_probe] INFO:   Using config defaults: hidden=32, layers=0, lr=0.0005
2026-07-29 01:13:02,019 [stage3_analysis.dnn_probe] INFO:   Evaluating with spatial CV...
2026-07-29 01:13:03,520 [stage3_analysis.dnn_probe] INFO:     Fold 1: R2=0.0195, RMSE=0.0528, MAE=0.0419 (train=107,099, test=24,095, epochs=75)
2026-07-29 01:13:04,302 [stage3_analysis.dnn_probe] INFO:     Fold 2: R2=0.0178, RMSE=0.0600, MAE=0.0468 (train=106,087, test=25,107, epochs=33)
2026-07-29 01:13:05,512 [stage3_analysis.dnn_probe] INFO:     Fold 3: R2=0.0331, RMSE=0.0594, MAE=0.0466 (train=103,108, test=28,086, epochs=63)
2026-07-29 01:13:07,006 [stage3_analysis.dnn_probe] INFO:     Fold 4: R2=0.0330, RMSE=0.0530, MAE=0.0420 (train=106,564, test=24,630, epochs=76)
2026-07-29 01:13:08,775 [stage3_analysis.dnn_probe] INFO:     Fold 5: R2=0.0776, RMSE=0.0589, MAE=0.0460 (train=101,918, test=29,276, epochs=100)
2026-07-29 01:13:08,779 [stage3_analysis.dnn_probe] INFO:   Overall OOF: R2=0.0460, RMSE=0.0571, MAE=0.0448
2026-07-29 01:13:08,781 [stage3_analysis.dnn_probe] INFO: 
--- Target: vrz (Amenities) ---
2026-07-29 01:13:08,781 [stage3_analysis.dnn_probe] INFO:   y range: [-0.3298, 0.6882], mean=-0.1153
2026-07-29 01:13:08,781 [stage3_analysis.dnn_probe] INFO:   Using config defaults: hidden=32, layers=0, lr=0.0005
2026-07-29 01:13:08,781 [stage3_analysis.dnn_probe] INFO:   Evaluating with spatial CV...
2026-07-29 01:13:10,111 [stage3_analysis.dnn_probe] INFO:     Fold 1: R2=-0.0155, RMSE=0.0914, MAE=0.0732 (train=107,099, test=24,095, epochs=70)
2026-07-29 01:13:11,363 [stage3_analysis.dnn_probe] INFO:     Fold 2: R2=0.0376, RMSE=0.1177, MAE=0.0825 (train=106,087, test=25,107, epochs=68)
2026-07-29 01:13:12,642 [stage3_analysis.dnn_probe] INFO:     Fold 3: R2=0.0791, RMSE=0.0999, MAE=0.0768 (train=103,108, test=28,086, epochs=62)
2026-07-29 01:13:14,087 [stage3_analysis.dnn_probe] INFO:     Fold 4: R2=0.0066, RMSE=0.0820, MAE=0.0659 (train=106,564, test=24,630, epochs=71)
2026-07-29 01:13:15,944 [stage3_analysis.dnn_probe] INFO:     Fold 5: R2=0.0987, RMSE=0.0977, MAE=0.0725 (train=101,918, test=29,276, epochs=92)
2026-07-29 01:13:15,949 [stage3_analysis.dnn_probe] INFO:   Overall OOF: R2=0.0629, RMSE=0.0986, MAE=0.0742
2026-07-29 01:13:15,951 [stage3_analysis.dnn_probe] INFO: 
--- Target: won (Housing Quality) ---
2026-07-29 01:13:15,951 [stage3_analysis.dnn_probe] INFO:   y range: [-0.5287, 0.8859], mean=0.0616
2026-07-29 01:13:15,951 [stage3_analysis.dnn_probe] INFO:   Using config defaults: hidden=32, layers=0, lr=0.0005
2026-07-29 01:13:15,951 [stage3_analysis.dnn_probe] INFO:   Evaluating with spatial CV...
2026-07-29 01:13:17,512 [stage3_analysis.dnn_probe] INFO:     Fold 1: R2=0.0072, RMSE=0.0481, MAE=0.0365 (train=107,099, test=24,095, epochs=86)
2026-07-29 01:13:19,094 [stage3_analysis.dnn_probe] INFO:     Fold 2: R2=0.0117, RMSE=0.0533, MAE=0.0388 (train=106,087, test=25,107, epochs=68)
2026-07-29 01:13:20,411 [stage3_analysis.dnn_probe] INFO:     Fold 3: R2=0.0163, RMSE=0.0551, MAE=0.0411 (train=103,108, test=28,086, epochs=56)
2026-07-29 01:13:22,121 [stage3_analysis.dnn_probe] INFO:     Fold 4: R2=0.0101, RMSE=0.0490, MAE=0.0361 (train=106,564, test=24,630, epochs=93)
2026-07-29 01:13:23,720 [stage3_analysis.dnn_probe] INFO:     Fold 5: R2=0.0445, RMSE=0.0516, MAE=0.0376 (train=101,918, test=29,276, epochs=87)
2026-07-29 01:13:23,724 [stage3_analysis.dnn_probe] INFO:   Overall OOF: R2=0.0258, RMSE=0.0516, MAE=0.0381
2026-07-29 01:13:23,725 [stage3_analysis.dnn_probe] INFO: 
=== Summary ===
2026-07-29 01:13:23,725 [stage3_analysis.dnn_probe] INFO:   lbm (Overall Liveability): R2=0.0238, RMSE=0.1228
2026-07-29 01:13:23,725 [stage3_analysis.dnn_probe] INFO:   fys (Physical Environment): R2=0.0661, RMSE=0.0645
2026-07-29 01:13:23,725 [stage3_analysis.dnn_probe] INFO:   onv (Safety): R2=0.0440, RMSE=0.0631
2026-07-29 01:13:23,725 [stage3_analysis.dnn_probe] INFO:   soc (Social Cohesion): R2=0.0460, RMSE=0.0571
2026-07-29 01:13:23,725 [stage3_analysis.dnn_probe] INFO:   vrz (Amenities): R2=0.0629, RMSE=0.0986
2026-07-29 01:13:23,725 [stage3_analysis.dnn_probe] INFO:   won (Housing Quality): R2=0.0258, RMSE=0.0516
2026-07-29 01:13:23,783 [stage3_analysis.dnn_probe] INFO: Saved metrics summary to C:\Users\Bert Berkers\PycharmProjects\UrbanRepML\data\study_areas\netherlands\stage3_analysis\dnn_probe\2026-07-28\2026-07-28_accres_nag_s1_s42_leefb\metrics_summary.csv
2026-07-29 01:13:24,383 [stage3_analysis.dnn_probe] INFO: Saved predictions to C:\Users\Bert Berkers\PycharmProjects\UrbanRepML\data\study_areas\netherlands\stage3_analysis\dnn_probe\2026-07-28\2026-07-28_accres_nag_s1_s42_leefb
2026-07-29 01:13:24,384 [stage3_analysis.dnn_probe] INFO: Saved config to C:\Users\Bert Berkers\PycharmProjects\UrbanRepML\data\study_areas\netherlands\stage3_analysis\dnn_probe\2026-07-28\2026-07-28_accres_nag_s1_s42_leefb\config.json
2026-07-29 01:13:24,416 [stage3_analysis.dnn_probe] INFO: Saved run_info.json to C:\Users\Bert Berkers\PycharmProjects\UrbanRepML\data\study_areas\netherlands\stage3_analysis\dnn_probe\2026-07-28\2026-07-28_accres_nag_s1_s42_leefb\run_info.json
2026-07-29 01:13:24,486 [stage3_analysis.dnn_probe] INFO: Saved training curves to C:\Users\Bert Berkers\PycharmProjects\UrbanRepML\data\study_areas\netherlands\stage3_analysis\dnn_probe\2026-07-28\2026-07-28_accres_nag_s1_s42_leefb\training_curves (30 files)
[01:13:42]   leefb/lbm: R2=+0.02379 CI=[+0.01389, +0.03368]
[01:13:49]   leefb/fys: R2=+0.06614 CI=[+0.05144, +0.08078]
[01:13:56]   leefb/onv: R2=+0.04403 CI=[+0.03015, +0.05800]
[01:14:02]   leefb/soc: R2=+0.04600 CI=[+0.03703, +0.05522]
[01:14:09]   leefb/vrz: R2=+0.06289 CI=[+0.05037, +0.07538]
[01:14:15]   leefb/won: R2=+0.02585 CI=[+0.01242, +0.03921]
[01:14:33]   leefb FAMILY: R2=+0.04478 CI=[+0.03755, +0.05224] p=0.00010 (unadjusted)
[01:14:33] === RES-b nag_s1 s42 rudifun ===
2026-07-29 01:14:33,899 [stage3_analysis.probe_utils] INFO: Seeded RNGs (random, numpy, torch, cuda) with seed=42
2026-07-29 01:14:33,899 [stage3_analysis.dnn_probe] INFO: === DNN Probe Regression (MLP) ===
2026-07-29 01:14:33,899 [stage3_analysis.dnn_probe] INFO: Study area: netherlands
2026-07-29 01:14:33,899 [stage3_analysis.dnn_probe] INFO: Year: 2022
2026-07-29 01:14:33,899 [stage3_analysis.dnn_probe] INFO: Device: cpu
2026-07-29 01:14:33,899 [stage3_analysis.dnn_probe] INFO: Architecture: MLP, hidden=32, layers=0
2026-07-29 01:14:33,899 [stage3_analysis.dnn_probe] INFO: Loading embeddings from C:\Users\Bert Berkers\PycharmProjects\UrbanRepML\data\study_areas\netherlands\acc_sharpening\2026-07-28\residual\nag_s1_s42\residual.parquet
2026-07-29 01:14:34,342 [stage3_analysis.dnn_probe] INFO:   Embedding features: 64 (resid_0..resid_63)
2026-07-29 01:14:34,343 [stage3_analysis.dnn_probe] INFO:   Embedding rows: 482,706
2026-07-29 01:14:34,345 [stage3_analysis.dnn_probe] INFO: Loading target from C:\Users\Bert Berkers\PycharmProjects\UrbanRepML\data\study_areas\netherlands\target\rudifun\rudifun_h3res9_2022.parquet
2026-07-29 01:14:34,514 [stage3_analysis.dnn_probe] INFO:   Target rows: 238,072
2026-07-29 01:14:35,582 [stage3_analysis.dnn_probe] INFO:   Inner join: 238,072 hexagons with both embeddings and targets
2026-07-29 01:14:35,582 [stage3_analysis.probe_utils] INFO:   JOIN RATE: n_emb=482,706 n_target=238,072 n_join=238,072 rate_vs_emb=0.4932
2026-07-29 01:14:35,582 [stage3_analysis.probe_utils] WARNING: 
  ============================================================
  LOUD WARNING: probe join rate 49.3% < 95% threshold.
  Only 238,072 of 482,706 embedding hexagons matched a target row.
  This is the SILENT-SHRINK trap: stale old-grid embeddings vs
  new-grid targets inner-join to their intersection, yielding
  plausible-looking metrics over a shrunken sample. Trust these
  numbers ONLY if this is an explicitly old-grid-paired run.
  ============================================================
2026-07-29 01:14:35,784 [stage3_analysis.dnn_probe] INFO:   After dropna: 237,062 (dropped 1,010)
2026-07-29 01:14:35,786 [stage3_analysis.dnn_probe] INFO:   Loading regions from C:\Users\Bert Berkers\PycharmProjects\UrbanRepML\data\study_areas\netherlands\regions_gdf\netherlands_res9.parquet
2026-07-29 01:14:39,308 [stage3_analysis.dnn_probe] INFO:   After region join: 237,062 hexagons
2026-07-29 01:14:39,768 [stage3_analysis.dnn_probe] INFO: Creating spatial blocks: 5 folds, 10000m x 10000m
2026-07-29 01:14:42,189 [stage3_analysis.dnn_probe] INFO:   Created 461 spatial blocks across 5 folds
2026-07-29 01:14:42,656 [stage3_analysis.dnn_probe] WARNING:   2 points outside all blocks, assigning to fold 1
2026-07-29 01:14:42,765 [stage3_analysis.dnn_probe] INFO:   Fold sizes: {1: 48231, 2: 45624, 3: 48856, 4: 45974, 5: 48377}
2026-07-29 01:14:42,904 [stage3_analysis.dnn_probe] INFO: 
Feature matrix: (237062, 64)
2026-07-29 01:14:42,905 [stage3_analysis.dnn_probe] INFO: Targets: ['fsi', 'gsi', 'mxi', 'l', 'osr']
2026-07-29 01:14:42,907 [stage3_analysis.dnn_probe] INFO: 
--- Target: fsi (fsi) ---
2026-07-29 01:14:42,907 [stage3_analysis.dnn_probe] INFO:   y range: [0.0000, 46.7058], mean=0.3647
2026-07-29 01:14:42,907 [stage3_analysis.dnn_probe] INFO:   Using config defaults: hidden=32, layers=0, lr=0.0005
2026-07-29 01:14:42,907 [stage3_analysis.dnn_probe] INFO:   Evaluating with spatial CV...
2026-07-29 01:14:44,947 [stage3_analysis.dnn_probe] INFO:     Fold 1: R2=0.0440, RMSE=0.3893, MAE=0.2279 (train=188,831, test=48,231, epochs=49)
2026-07-29 01:14:47,647 [stage3_analysis.dnn_probe] INFO:     Fold 2: R2=0.0258, RMSE=0.3685, MAE=0.2192 (train=191,438, test=45,624, epochs=77)
2026-07-29 01:14:51,034 [stage3_analysis.dnn_probe] INFO:     Fold 3: R2=0.0514, RMSE=0.4429, MAE=0.2331 (train=188,206, test=48,856, epochs=100)
2026-07-29 01:14:54,286 [stage3_analysis.dnn_probe] INFO:     Fold 4: R2=0.0289, RMSE=0.4432, MAE=0.2280 (train=191,088, test=45,974, epochs=88)
2026-07-29 01:14:57,619 [stage3_analysis.dnn_probe] INFO:     Fold 5: R2=0.0575, RMSE=0.3949, MAE=0.2286 (train=188,685, test=48,377, epochs=100)
2026-07-29 01:14:57,627 [stage3_analysis.dnn_probe] INFO:   Overall OOF: R2=0.0429, RMSE=0.4090, MAE=0.2275
2026-07-29 01:14:57,629 [stage3_analysis.dnn_probe] INFO: 
--- Target: gsi (gsi) ---
2026-07-29 01:14:57,629 [stage3_analysis.dnn_probe] INFO:   y range: [0.0000, 1.0000], mean=0.2314
2026-07-29 01:14:57,629 [stage3_analysis.dnn_probe] INFO:   Using config defaults: hidden=32, layers=0, lr=0.0005
2026-07-29 01:14:57,629 [stage3_analysis.dnn_probe] INFO:   Evaluating with spatial CV...
2026-07-29 01:15:00,536 [stage3_analysis.dnn_probe] INFO:     Fold 1: R2=0.0523, RMSE=0.1482, MAE=0.1061 (train=188,831, test=48,231, epochs=76)
2026-07-29 01:15:03,057 [stage3_analysis.dnn_probe] INFO:     Fold 2: R2=0.0066, RMSE=0.1345, MAE=0.0966 (train=191,438, test=45,624, epochs=71)
2026-07-29 01:15:06,345 [stage3_analysis.dnn_probe] INFO:     Fold 3: R2=0.0317, RMSE=0.1452, MAE=0.1017 (train=188,206, test=48,856, epochs=96)
2026-07-29 01:15:09,763 [stage3_analysis.dnn_probe] INFO:     Fold 4: R2=0.0439, RMSE=0.1423, MAE=0.1003 (train=191,088, test=45,974, epochs=96)
2026-07-29 01:15:12,549 [stage3_analysis.dnn_probe] INFO:     Fold 5: R2=0.0530, RMSE=0.1375, MAE=0.1000 (train=188,685, test=48,377, epochs=76)
2026-07-29 01:15:12,558 [stage3_analysis.dnn_probe] INFO:   Overall OOF: R2=0.0398, RMSE=0.1417, MAE=0.1010
2026-07-29 01:15:12,562 [stage3_analysis.dnn_probe] INFO: 
--- Target: mxi (mxi) ---
2026-07-29 01:15:12,562 [stage3_analysis.dnn_probe] INFO:   y range: [0.0000, 1.0000], mean=0.4571
2026-07-29 01:15:12,562 [stage3_analysis.dnn_probe] INFO:   Using config defaults: hidden=32, layers=0, lr=0.0005
2026-07-29 01:15:12,563 [stage3_analysis.dnn_probe] INFO:   Evaluating with spatial CV...
2026-07-29 01:15:15,680 [stage3_analysis.dnn_probe] INFO:     Fold 1: R2=0.0529, RMSE=0.2864, MAE=0.2435 (train=188,831, test=48,231, epochs=94)
2026-07-29 01:15:18,737 [stage3_analysis.dnn_probe] INFO:     Fold 2: R2=0.0676, RMSE=0.2655, MAE=0.2204 (train=191,438, test=45,624, epochs=91)
2026-07-29 01:15:21,482 [stage3_analysis.dnn_probe] INFO:     Fold 3: R2=0.0572, RMSE=0.2755, MAE=0.2328 (train=188,206, test=48,856, epochs=74)
2026-07-29 01:15:24,761 [stage3_analysis.dnn_probe] INFO:     Fold 4: R2=0.0544, RMSE=0.2735, MAE=0.2296 (train=191,088, test=45,974, epochs=94)
2026-07-29 01:15:27,679 [stage3_analysis.dnn_probe] INFO:     Fold 5: R2=0.0704, RMSE=0.2785, MAE=0.2344 (train=188,685, test=48,377, epochs=84)
2026-07-29 01:15:27,687 [stage3_analysis.dnn_probe] INFO:   Overall OOF: R2=0.0620, RMSE=0.2761, MAE=0.2323
2026-07-29 01:15:27,690 [stage3_analysis.dnn_probe] INFO: 
--- Target: l (l) ---
2026-07-29 01:15:27,690 [stage3_analysis.dnn_probe] INFO:   y range: [0.2044, 15.1212], mean=1.4302
2026-07-29 01:15:27,690 [stage3_analysis.dnn_probe] INFO:   Using config defaults: hidden=32, layers=0, lr=0.0005
2026-07-29 01:15:27,690 [stage3_analysis.dnn_probe] INFO:   Evaluating with spatial CV...
2026-07-29 01:15:30,967 [stage3_analysis.dnn_probe] INFO:     Fold 1: R2=0.0442, RMSE=0.5006, MAE=0.3348 (train=188,831, test=48,231, epochs=85)
2026-07-29 01:15:33,089 [stage3_analysis.dnn_probe] INFO:     Fold 2: R2=0.0307, RMSE=0.4597, MAE=0.3133 (train=191,438, test=45,624, epochs=52)
2026-07-29 01:15:36,363 [stage3_analysis.dnn_probe] INFO:     Fold 3: R2=0.0374, RMSE=0.5204, MAE=0.3353 (train=188,206, test=48,856, epochs=95)
2026-07-29 01:15:39,685 [stage3_analysis.dnn_probe] INFO:     Fold 4: R2=0.0316, RMSE=0.4902, MAE=0.3305 (train=191,088, test=45,974, epochs=100)
2026-07-29 01:15:41,724 [stage3_analysis.dnn_probe] INFO:     Fold 5: R2=0.0583, RMSE=0.5428, MAE=0.3449 (train=188,685, test=48,377, epochs=46)
2026-07-29 01:15:41,732 [stage3_analysis.dnn_probe] INFO:   Overall OOF: R2=0.0426, RMSE=0.5042, MAE=0.3320
2026-07-29 01:15:41,736 [stage3_analysis.dnn_probe] INFO: 
--- Target: osr (osr) ---
2026-07-29 01:15:41,736 [stage3_analysis.dnn_probe] INFO:   y range: [0.0000, 100.0000], mean=4.2096
2026-07-29 01:15:41,736 [stage3_analysis.dnn_probe] INFO:   Using config defaults: hidden=32, layers=0, lr=0.0005
2026-07-29 01:15:41,736 [stage3_analysis.dnn_probe] INFO:   Evaluating with spatial CV...
2026-07-29 01:15:43,973 [stage3_analysis.dnn_probe] INFO:     Fold 1: R2=0.0128, RMSE=9.0715, MAE=3.1035 (train=188,831, test=48,231, epochs=55)
2026-07-29 01:15:46,154 [stage3_analysis.dnn_probe] INFO:     Fold 2: R2=-0.0023, RMSE=5.2161, MAE=2.3762 (train=191,438, test=45,624, epochs=52)
2026-07-29 01:15:48,630 [stage3_analysis.dnn_probe] INFO:     Fold 3: R2=-0.0020, RMSE=5.8688, MAE=2.4869 (train=188,206, test=48,856, epochs=65)
2026-07-29 01:15:51,706 [stage3_analysis.dnn_probe] INFO:     Fold 4: R2=0.0026, RMSE=5.4234, MAE=2.3841 (train=191,088, test=45,974, epochs=86)
2026-07-29 01:15:54,880 [stage3_analysis.dnn_probe] INFO:     Fold 5: R2=0.0102, RMSE=5.9142, MAE=2.5123 (train=188,685, test=48,377, epochs=93)
2026-07-29 01:15:54,891 [stage3_analysis.dnn_probe] INFO:   Overall OOF: R2=0.0085, RMSE=6.4745, MAE=2.5763
2026-07-29 01:15:54,895 [stage3_analysis.dnn_probe] INFO: 
=== Summary ===
2026-07-29 01:15:54,895 [stage3_analysis.dnn_probe] INFO:   fsi (fsi): R2=0.0429, RMSE=0.4090
2026-07-29 01:15:54,895 [stage3_analysis.dnn_probe] INFO:   gsi (gsi): R2=0.0398, RMSE=0.1417
2026-07-29 01:15:54,895 [stage3_analysis.dnn_probe] INFO:   mxi (mxi): R2=0.0620, RMSE=0.2761
2026-07-29 01:15:54,895 [stage3_analysis.dnn_probe] INFO:   l (l): R2=0.0426, RMSE=0.5042
2026-07-29 01:15:54,895 [stage3_analysis.dnn_probe] INFO:   osr (osr): R2=0.0085, RMSE=6.4745
2026-07-29 01:15:54,948 [stage3_analysis.dnn_probe] INFO: Saved metrics summary to C:\Users\Bert Berkers\PycharmProjects\UrbanRepML\data\study_areas\netherlands\stage3_analysis\dnn_probe\2026-07-28\2026-07-28_accres_nag_s1_s42_rudifun\metrics_summary.csv
2026-07-29 01:15:55,575 [stage3_analysis.dnn_probe] INFO: Saved predictions to C:\Users\Bert Berkers\PycharmProjects\UrbanRepML\data\study_areas\netherlands\stage3_analysis\dnn_probe\2026-07-28\2026-07-28_accres_nag_s1_s42_rudifun
2026-07-29 01:15:55,576 [stage3_analysis.dnn_probe] INFO: Saved config to C:\Users\Bert Berkers\PycharmProjects\UrbanRepML\data\study_areas\netherlands\stage3_analysis\dnn_probe\2026-07-28\2026-07-28_accres_nag_s1_s42_rudifun\config.json
2026-07-29 01:15:55,589 [stage3_analysis.dnn_probe] INFO: Saved run_info.json to C:\Users\Bert Berkers\PycharmProjects\UrbanRepML\data\study_areas\netherlands\stage3_analysis\dnn_probe\2026-07-28\2026-07-28_accres_nag_s1_s42_rudifun\run_info.json
2026-07-29 01:15:55,650 [stage3_analysis.dnn_probe] INFO: Saved training curves to C:\Users\Bert Berkers\PycharmProjects\UrbanRepML\data\study_areas\netherlands\stage3_analysis\dnn_probe\2026-07-28\2026-07-28_accres_nag_s1_s42_rudifun\training_curves (25 files)
[01:16:18]   rudifun/fsi: R2=+0.04290 CI=[-0.09098, +0.12489]
[01:16:34]   rudifun/gsi: R2=+0.03982 CI=[+0.02954, +0.05003]
[01:16:46]   rudifun/mxi: R2=+0.06202 CI=[+0.05799, +0.06606]
[01:17:01]   rudifun/l: R2=+0.04258 CI=[+0.01922, +0.06507]
[01:17:15]   rudifun/osr: R2=+0.00854 CI=[-0.03674, +0.05288]
[01:18:20]   rudifun FAMILY: R2=+0.03917 CI=[+0.01033, +0.06144] p=0.00010 (unadjusted)
[01:18:20] === RES-b nag_s1 s43 leefb ===
2026-07-29 01:18:21,889 [stage3_analysis.probe_utils] INFO: Seeded RNGs (random, numpy, torch, cuda) with seed=43
2026-07-29 01:18:21,889 [stage3_analysis.dnn_probe] INFO: === DNN Probe Regression (MLP) ===
2026-07-29 01:18:21,889 [stage3_analysis.dnn_probe] INFO: Study area: netherlands
2026-07-29 01:18:21,889 [stage3_analysis.dnn_probe] INFO: Year: 2022
2026-07-29 01:18:21,889 [stage3_analysis.dnn_probe] INFO: Device: cpu
2026-07-29 01:18:21,890 [stage3_analysis.dnn_probe] INFO: Architecture: MLP, hidden=32, layers=0
2026-07-29 01:18:21,890 [stage3_analysis.dnn_probe] INFO: Loading embeddings from C:\Users\Bert Berkers\PycharmProjects\UrbanRepML\data\study_areas\netherlands\acc_sharpening\2026-07-28\residual\nag_s1_s43\residual.parquet
2026-07-29 01:18:22,141 [stage3_analysis.dnn_probe] INFO:   Embedding features: 64 (resid_0..resid_63)
2026-07-29 01:18:22,141 [stage3_analysis.dnn_probe] INFO:   Embedding rows: 482,706
2026-07-29 01:18:22,142 [stage3_analysis.dnn_probe] INFO: Loading target from C:\Users\Bert Berkers\PycharmProjects\UrbanRepML\data\study_areas\netherlands\target\leefbaarometer\leefbaarometer_h3res9_2022.parquet
2026-07-29 01:18:22,175 [stage3_analysis.dnn_probe] INFO:   Target rows: 131,194
2026-07-29 01:18:22,371 [stage3_analysis.dnn_probe] INFO:   Inner join: 131,194 hexagons with both embeddings and targets
2026-07-29 01:18:22,371 [stage3_analysis.probe_utils] INFO:   JOIN RATE: n_emb=482,706 n_target=131,194 n_join=131,194 rate_vs_emb=0.2718
2026-07-29 01:18:22,371 [stage3_analysis.probe_utils] WARNING: 
  ============================================================
  LOUD WARNING: probe join rate 27.2% < 95% threshold.
  Only 131,194 of 482,706 embedding hexagons matched a target row.
  This is the SILENT-SHRINK trap: stale old-grid embeddings vs
  new-grid targets inner-join to their intersection, yielding
  plausible-looking metrics over a shrunken sample. Trust these
  numbers ONLY if this is an explicitly old-grid-paired run.
  ============================================================
2026-07-29 01:18:22,377 [stage3_analysis.dnn_probe] INFO:   After dropna: 131,194 (dropped 0)
2026-07-29 01:18:22,377 [stage3_analysis.dnn_probe] INFO:   Loading regions from C:\Users\Bert Berkers\PycharmProjects\UrbanRepML\data\study_areas\netherlands\regions_gdf\netherlands_res9.parquet
2026-07-29 01:18:23,368 [stage3_analysis.dnn_probe] INFO:   After region join: 131,194 hexagons
2026-07-29 01:18:23,488 [stage3_analysis.dnn_probe] INFO: Creating spatial blocks: 5 folds, 10000m x 10000m
2026-07-29 01:18:23,871 [stage3_analysis.dnn_probe] INFO:   Created 445 spatial blocks across 5 folds
2026-07-29 01:18:23,949 [stage3_analysis.dnn_probe] WARNING:   2 points outside all blocks, assigning to fold 1
2026-07-29 01:18:23,964 [stage3_analysis.dnn_probe] INFO:   Fold sizes: {1: 27761, 2: 25997, 3: 25267, 4: 25476, 5: 26693}
2026-07-29 01:18:23,986 [stage3_analysis.dnn_probe] INFO: 
Feature matrix: (131194, 64)
2026-07-29 01:18:23,986 [stage3_analysis.dnn_probe] INFO: Targets: ['lbm', 'fys', 'onv', 'soc', 'vrz', 'won']
2026-07-29 01:18:23,987 [stage3_analysis.dnn_probe] INFO: 
--- Target: lbm (Overall Liveability) ---
2026-07-29 01:18:23,987 [stage3_analysis.dnn_probe] INFO:   y range: [3.4200, 5.0361], mean=4.1982
2026-07-29 01:18:23,987 [stage3_analysis.dnn_probe] INFO:   Using config defaults: hidden=32, layers=0, lr=0.0005
2026-07-29 01:18:23,987 [stage3_analysis.dnn_probe] INFO:   Evaluating with spatial CV...
2026-07-29 01:18:25,471 [stage3_analysis.dnn_probe] INFO:     Fold 1: R2=0.0233, RMSE=0.1145, MAE=0.0870 (train=103,433, test=27,761, epochs=72)
2026-07-29 01:18:27,233 [stage3_analysis.dnn_probe] INFO:     Fold 2: R2=0.0223, RMSE=0.1192, MAE=0.0904 (train=105,197, test=25,997, epochs=100)
2026-07-29 01:18:29,166 [stage3_analysis.dnn_probe] INFO:     Fold 3: R2=0.0211, RMSE=0.1327, MAE=0.0986 (train=105,927, test=25,267, epochs=100)
2026-07-29 01:18:30,968 [stage3_analysis.dnn_probe] INFO:     Fold 4: R2=0.0376, RMSE=0.1244, MAE=0.0950 (train=105,718, test=25,476, epochs=100)
2026-07-29 01:18:32,886 [stage3_analysis.dnn_probe] INFO:     Fold 5: R2=0.0221, RMSE=0.1220, MAE=0.0913 (train=104,501, test=26,693, epochs=100)
2026-07-29 01:18:32,890 [stage3_analysis.dnn_probe] INFO:   Overall OOF: R2=0.0275, RMSE=0.1225, MAE=0.0924
2026-07-29 01:18:32,892 [stage3_analysis.dnn_probe] INFO: 
--- Target: fys (Physical Environment) ---
2026-07-29 01:18:32,892 [stage3_analysis.dnn_probe] INFO:   y range: [-0.7443, 0.4637], mean=-0.0030
2026-07-29 01:18:32,892 [stage3_analysis.dnn_probe] INFO:   Using config defaults: hidden=32, layers=0, lr=0.0005
2026-07-29 01:18:32,892 [stage3_analysis.dnn_probe] INFO:   Evaluating with spatial CV...
2026-07-29 01:18:34,779 [stage3_analysis.dnn_probe] INFO:     Fold 1: R2=0.0458, RMSE=0.0630, MAE=0.0439 (train=103,433, test=27,761, epochs=100)
2026-07-29 01:18:36,683 [stage3_analysis.dnn_probe] INFO:     Fold 2: R2=0.0383, RMSE=0.0679, MAE=0.0478 (train=105,197, test=25,997, epochs=100)
2026-07-29 01:18:38,416 [stage3_analysis.dnn_probe] INFO:     Fold 3: R2=0.0305, RMSE=0.0696, MAE=0.0463 (train=105,927, test=25,267, epochs=100)
2026-07-29 01:18:40,451 [stage3_analysis.dnn_probe] INFO:     Fold 4: R2=0.0472, RMSE=0.0625, MAE=0.0442 (train=105,718, test=25,476, epochs=100)
2026-07-29 01:18:42,342 [stage3_analysis.dnn_probe] INFO:     Fold 5: R2=0.0374, RMSE=0.0639, MAE=0.0442 (train=104,501, test=26,693, epochs=100)
2026-07-29 01:18:42,347 [stage3_analysis.dnn_probe] INFO:   Overall OOF: R2=0.0406, RMSE=0.0654, MAE=0.0453
2026-07-29 01:18:42,349 [stage3_analysis.dnn_probe] INFO: 
--- Target: onv (Safety) ---
2026-07-29 01:18:42,349 [stage3_analysis.dnn_probe] INFO:   y range: [-0.4661, 0.1638], mean=0.0779
2026-07-29 01:18:42,349 [stage3_analysis.dnn_probe] INFO:   Using config defaults: hidden=32, layers=0, lr=0.0005
2026-07-29 01:18:42,349 [stage3_analysis.dnn_probe] INFO:   Evaluating with spatial CV...
2026-07-29 01:18:44,340 [stage3_analysis.dnn_probe] INFO:     Fold 1: R2=0.0355, RMSE=0.0583, MAE=0.0437 (train=103,433, test=27,761, epochs=100)
2026-07-29 01:18:46,221 [stage3_analysis.dnn_probe] INFO:     Fold 2: R2=0.0821, RMSE=0.0601, MAE=0.0444 (train=105,197, test=25,997, epochs=100)
2026-07-29 01:18:48,308 [stage3_analysis.dnn_probe] INFO:     Fold 3: R2=0.0559, RMSE=0.0667, MAE=0.0475 (train=105,927, test=25,267, epochs=100)
2026-07-29 01:18:50,257 [stage3_analysis.dnn_probe] INFO:     Fold 4: R2=0.0680, RMSE=0.0622, MAE=0.0452 (train=105,718, test=25,476, epochs=100)
2026-07-29 01:18:52,211 [stage3_analysis.dnn_probe] INFO:     Fold 5: R2=0.0612, RMSE=0.0652, MAE=0.0470 (train=104,501, test=26,693, epochs=100)
2026-07-29 01:18:52,215 [stage3_analysis.dnn_probe] INFO:   Overall OOF: R2=0.0625, RMSE=0.0625, MAE=0.0455
2026-07-29 01:18:52,216 [stage3_analysis.dnn_probe] INFO: 
--- Target: soc (Social Cohesion) ---
2026-07-29 01:18:52,217 [stage3_analysis.dnn_probe] INFO:   y range: [-0.4217, 0.4402], mean=0.0747
2026-07-29 01:18:52,217 [stage3_analysis.dnn_probe] INFO:   Using config defaults: hidden=32, layers=0, lr=0.0005
2026-07-29 01:18:52,217 [stage3_analysis.dnn_probe] INFO:   Evaluating with spatial CV...
2026-07-29 01:18:53,937 [stage3_analysis.dnn_probe] INFO:     Fold 1: R2=0.0213, RMSE=0.0551, MAE=0.0444 (train=103,433, test=27,761, epochs=86)
2026-07-29 01:18:55,848 [stage3_analysis.dnn_probe] INFO:     Fold 2: R2=0.0311, RMSE=0.0574, MAE=0.0456 (train=105,197, test=25,997, epochs=100)
2026-07-29 01:18:57,498 [stage3_analysis.dnn_probe] INFO:     Fold 3: R2=0.0330, RMSE=0.0582, MAE=0.0460 (train=105,927, test=25,267, epochs=87)
2026-07-29 01:18:59,312 [stage3_analysis.dnn_probe] INFO:     Fold 4: R2=0.0634, RMSE=0.0566, MAE=0.0454 (train=105,718, test=25,476, epochs=100)
2026-07-29 01:19:01,228 [stage3_analysis.dnn_probe] INFO:     Fold 5: R2=0.0425, RMSE=0.0590, MAE=0.0473 (train=104,501, test=26,693, epochs=100)
2026-07-29 01:19:01,233 [stage3_analysis.dnn_probe] INFO:   Overall OOF: R2=0.0403, RMSE=0.0572, MAE=0.0457
2026-07-29 01:19:01,234 [stage3_analysis.dnn_probe] INFO: 
--- Target: vrz (Amenities) ---
2026-07-29 01:19:01,234 [stage3_analysis.dnn_probe] INFO:   y range: [-0.3298, 0.6882], mean=-0.1153
2026-07-29 01:19:01,235 [stage3_analysis.dnn_probe] INFO:   Using config defaults: hidden=32, layers=0, lr=0.0005
2026-07-29 01:19:01,235 [stage3_analysis.dnn_probe] INFO:   Evaluating with spatial CV...
2026-07-29 01:19:02,984 [stage3_analysis.dnn_probe] INFO:     Fold 1: R2=0.0397, RMSE=0.0893, MAE=0.0724 (train=103,433, test=27,761, epochs=100)
2026-07-29 01:19:05,021 [stage3_analysis.dnn_probe] INFO:     Fold 2: R2=0.0971, RMSE=0.0971, MAE=0.0786 (train=105,197, test=25,997, epochs=100)
2026-07-29 01:19:06,763 [stage3_analysis.dnn_probe] INFO:     Fold 3: R2=0.0709, RMSE=0.0946, MAE=0.0753 (train=105,927, test=25,267, epochs=100)
2026-07-29 01:19:08,754 [stage3_analysis.dnn_probe] INFO:     Fold 4: R2=0.1115, RMSE=0.1070, MAE=0.0787 (train=105,718, test=25,476, epochs=100)
2026-07-29 01:19:10,578 [stage3_analysis.dnn_probe] INFO:     Fold 5: R2=0.0873, RMSE=0.0972, MAE=0.0779 (train=104,501, test=26,693, epochs=100)
2026-07-29 01:19:10,583 [stage3_analysis.dnn_probe] INFO:   Overall OOF: R2=0.0909, RMSE=0.0971, MAE=0.0765
2026-07-29 01:19:10,584 [stage3_analysis.dnn_probe] INFO: 
--- Target: won (Housing Quality) ---
2026-07-29 01:19:10,584 [stage3_analysis.dnn_probe] INFO:   y range: [-0.5287, 0.8859], mean=0.0616
2026-07-29 01:19:10,584 [stage3_analysis.dnn_probe] INFO:   Using config defaults: hidden=32, layers=0, lr=0.0005
2026-07-29 01:19:10,585 [stage3_analysis.dnn_probe] INFO:   Evaluating with spatial CV...
2026-07-29 01:19:12,398 [stage3_analysis.dnn_probe] INFO:     Fold 1: R2=0.0245, RMSE=0.0508, MAE=0.0381 (train=103,433, test=27,761, epochs=100)
2026-07-29 01:19:14,398 [stage3_analysis.dnn_probe] INFO:     Fold 2: R2=0.0221, RMSE=0.0499, MAE=0.0375 (train=105,197, test=25,997, epochs=100)
2026-07-29 01:19:16,297 [stage3_analysis.dnn_probe] INFO:     Fold 3: R2=0.0404, RMSE=0.0536, MAE=0.0397 (train=105,927, test=25,267, epochs=100)
2026-07-29 01:19:18,246 [stage3_analysis.dnn_probe] INFO:     Fold 4: R2=0.0360, RMSE=0.0515, MAE=0.0377 (train=105,718, test=25,476, epochs=100)
2026-07-29 01:19:20,280 [stage3_analysis.dnn_probe] INFO:     Fold 5: R2=0.0230, RMSE=0.0516, MAE=0.0383 (train=104,501, test=26,693, epochs=100)
2026-07-29 01:19:20,285 [stage3_analysis.dnn_probe] INFO:   Overall OOF: R2=0.0309, RMSE=0.0515, MAE=0.0383
2026-07-29 01:19:20,286 [stage3_analysis.dnn_probe] INFO: 
=== Summary ===
2026-07-29 01:19:20,286 [stage3_analysis.dnn_probe] INFO:   lbm (Overall Liveability): R2=0.0275, RMSE=0.1225
2026-07-29 01:19:20,286 [stage3_analysis.dnn_probe] INFO:   fys (Physical Environment): R2=0.0406, RMSE=0.0654
2026-07-29 01:19:20,286 [stage3_analysis.dnn_probe] INFO:   onv (Safety): R2=0.0625, RMSE=0.0625
2026-07-29 01:19:20,286 [stage3_analysis.dnn_probe] INFO:   soc (Social Cohesion): R2=0.0403, RMSE=0.0572
2026-07-29 01:19:20,286 [stage3_analysis.dnn_probe] INFO:   vrz (Amenities): R2=0.0909, RMSE=0.0971
2026-07-29 01:19:20,286 [stage3_analysis.dnn_probe] INFO:   won (Housing Quality): R2=0.0309, RMSE=0.0515
2026-07-29 01:19:20,338 [stage3_analysis.dnn_probe] INFO: Saved metrics summary to C:\Users\Bert Berkers\PycharmProjects\UrbanRepML\data\study_areas\netherlands\stage3_analysis\dnn_probe\2026-07-28\2026-07-28_accres_nag_s1_s43_leefb\metrics_summary.csv
2026-07-29 01:19:20,819 [stage3_analysis.dnn_probe] INFO: Saved predictions to C:\Users\Bert Berkers\PycharmProjects\UrbanRepML\data\study_areas\netherlands\stage3_analysis\dnn_probe\2026-07-28\2026-07-28_accres_nag_s1_s43_leefb
2026-07-29 01:19:20,820 [stage3_analysis.dnn_probe] INFO: Saved config to C:\Users\Bert Berkers\PycharmProjects\UrbanRepML\data\study_areas\netherlands\stage3_analysis\dnn_probe\2026-07-28\2026-07-28_accres_nag_s1_s43_leefb\config.json
2026-07-29 01:19:20,832 [stage3_analysis.dnn_probe] INFO: Saved run_info.json to C:\Users\Bert Berkers\PycharmProjects\UrbanRepML\data\study_areas\netherlands\stage3_analysis\dnn_probe\2026-07-28\2026-07-28_accres_nag_s1_s43_leefb\run_info.json
2026-07-29 01:19:20,896 [stage3_analysis.dnn_probe] INFO: Saved training curves to C:\Users\Bert Berkers\PycharmProjects\UrbanRepML\data\study_areas\netherlands\stage3_analysis\dnn_probe\2026-07-28\2026-07-28_accres_nag_s1_s43_leefb\training_curves (30 files)
[ledger_append WARN] run_id='stage3-dnn_probe-20260728T231920-d2a6b2f2' already in ledger — skipping duplicate append.
[01:19:28]   leefb/lbm: R2=+0.02755 CI=[+0.01738, +0.03759]
[01:19:41]   leefb/fys: R2=+0.04058 CI=[+0.02549, +0.05551]
[01:19:56]   leefb/onv: R2=+0.06249 CI=[+0.04926, +0.07562]
[01:20:17]   leefb/soc: R2=+0.04034 CI=[+0.03169, +0.04892]
[01:20:23]   leefb/vrz: R2=+0.09093 CI=[+0.08070, +0.10111]
[01:20:30]   leefb/won: R2=+0.03085 CI=[+0.01741, +0.04421]
[01:20:53]   leefb FAMILY: R2=+0.04879 CI=[+0.04199, +0.05578] p=0.00010 (unadjusted)
[01:20:53] === RES-b nag_s1 s43 rudifun ===
2026-07-29 01:20:53,407 [stage3_analysis.probe_utils] INFO: Seeded RNGs (random, numpy, torch, cuda) with seed=43
2026-07-29 01:20:53,407 [stage3_analysis.dnn_probe] INFO: === DNN Probe Regression (MLP) ===
2026-07-29 01:20:53,407 [stage3_analysis.dnn_probe] INFO: Study area: netherlands
2026-07-29 01:20:53,407 [stage3_analysis.dnn_probe] INFO: Year: 2022
2026-07-29 01:20:53,407 [stage3_analysis.dnn_probe] INFO: Device: cpu
2026-07-29 01:20:53,407 [stage3_analysis.dnn_probe] INFO: Architecture: MLP, hidden=32, layers=0
2026-07-29 01:20:53,407 [stage3_analysis.dnn_probe] INFO: Loading embeddings from C:\Users\Bert Berkers\PycharmProjects\UrbanRepML\data\study_areas\netherlands\acc_sharpening\2026-07-28\residual\nag_s1_s43\residual.parquet
2026-07-29 01:20:53,872 [stage3_analysis.dnn_probe] INFO:   Embedding features: 64 (resid_0..resid_63)
2026-07-29 01:20:53,872 [stage3_analysis.dnn_probe] INFO:   Embedding rows: 482,706
2026-07-29 01:20:53,874 [stage3_analysis.dnn_probe] INFO: Loading target from C:\Users\Bert Berkers\PycharmProjects\UrbanRepML\data\study_areas\netherlands\target\rudifun\rudifun_h3res9_2022.parquet
2026-07-29 01:20:54,056 [stage3_analysis.dnn_probe] INFO:   Target rows: 238,072
2026-07-29 01:20:54,341 [stage3_analysis.dnn_probe] INFO:   Inner join: 238,072 hexagons with both embeddings and targets
2026-07-29 01:20:54,341 [stage3_analysis.probe_utils] INFO:   JOIN RATE: n_emb=482,706 n_target=238,072 n_join=238,072 rate_vs_emb=0.4932
2026-07-29 01:20:54,342 [stage3_analysis.probe_utils] WARNING: 
  ============================================================
  LOUD WARNING: probe join rate 49.3% < 95% threshold.
  Only 238,072 of 482,706 embedding hexagons matched a target row.
  This is the SILENT-SHRINK trap: stale old-grid embeddings vs
  new-grid targets inner-join to their intersection, yielding
  plausible-looking metrics over a shrunken sample. Trust these
  numbers ONLY if this is an explicitly old-grid-paired run.
  ============================================================
2026-07-29 01:20:54,401 [stage3_analysis.dnn_probe] INFO:   After dropna: 237,062 (dropped 1,010)
2026-07-29 01:20:54,401 [stage3_analysis.dnn_probe] INFO:   Loading regions from C:\Users\Bert Berkers\PycharmProjects\UrbanRepML\data\study_areas\netherlands\regions_gdf\netherlands_res9.parquet
2026-07-29 01:20:57,917 [stage3_analysis.dnn_probe] INFO:   After region join: 237,062 hexagons
2026-07-29 01:20:58,300 [stage3_analysis.dnn_probe] INFO: Creating spatial blocks: 5 folds, 10000m x 10000m
2026-07-29 01:20:59,296 [stage3_analysis.dnn_probe] INFO:   Created 461 spatial blocks across 5 folds
2026-07-29 01:20:59,467 [stage3_analysis.dnn_probe] WARNING:   2 points outside all blocks, assigning to fold 1
2026-07-29 01:20:59,505 [stage3_analysis.dnn_probe] INFO:   Fold sizes: {1: 47818, 2: 48325, 3: 47290, 4: 44557, 5: 49072}
2026-07-29 01:20:59,559 [stage3_analysis.dnn_probe] INFO: 
Feature matrix: (237062, 64)
2026-07-29 01:20:59,559 [stage3_analysis.dnn_probe] INFO: Targets: ['fsi', 'gsi', 'mxi', 'l', 'osr']
2026-07-29 01:20:59,561 [stage3_analysis.dnn_probe] INFO: 
--- Target: fsi (fsi) ---
2026-07-29 01:20:59,562 [stage3_analysis.dnn_probe] INFO:   y range: [0.0000, 46.7058], mean=0.3647
2026-07-29 01:20:59,562 [stage3_analysis.dnn_probe] INFO:   Using config defaults: hidden=32, layers=0, lr=0.0005
2026-07-29 01:20:59,562 [stage3_analysis.dnn_probe] INFO:   Evaluating with spatial CV...
2026-07-29 01:21:02,839 [stage3_analysis.dnn_probe] INFO:     Fold 1: R2=0.0515, RMSE=0.3918, MAE=0.2307 (train=189,244, test=47,818, epochs=94)
2026-07-29 01:21:04,670 [stage3_analysis.dnn_probe] INFO:     Fold 2: R2=-0.0665, RMSE=0.3197, MAE=0.2143 (train=188,737, test=48,325, epochs=46)
2026-07-29 01:21:07,575 [stage3_analysis.dnn_probe] INFO:     Fold 3: R2=0.0536, RMSE=0.4762, MAE=0.2550 (train=189,772, test=47,290, epochs=78)
2026-07-29 01:21:10,638 [stage3_analysis.dnn_probe] INFO:     Fold 4: R2=0.0102, RMSE=0.4130, MAE=0.2343 (train=192,505, test=44,557, epochs=91)
2026-07-29 01:21:14,139 [stage3_analysis.dnn_probe] INFO:     Fold 5: R2=0.0780, RMSE=0.4285, MAE=0.2457 (train=187,990, test=49,072, epochs=100)
2026-07-29 01:21:14,148 [stage3_analysis.dnn_probe] INFO:   Overall OOF: R2=0.0440, RMSE=0.4088, MAE=0.2360
2026-07-29 01:21:14,152 [stage3_analysis.dnn_probe] INFO: 
--- Target: gsi (gsi) ---
2026-07-29 01:21:14,153 [stage3_analysis.dnn_probe] INFO:   y range: [0.0000, 1.0000], mean=0.2314
2026-07-29 01:21:14,153 [stage3_analysis.dnn_probe] INFO:   Using config defaults: hidden=32, layers=0, lr=0.0005
2026-07-29 01:21:14,153 [stage3_analysis.dnn_probe] INFO:   Evaluating with spatial CV...
2026-07-29 01:21:17,168 [stage3_analysis.dnn_probe] INFO:     Fold 1: R2=0.0198, RMSE=0.1427, MAE=0.1009 (train=189,244, test=47,818, epochs=83)
2026-07-29 01:21:20,133 [stage3_analysis.dnn_probe] INFO:     Fold 2: R2=-0.0152, RMSE=0.1287, MAE=0.0953 (train=188,737, test=48,325, epochs=85)
2026-07-29 01:21:22,910 [stage3_analysis.dnn_probe] INFO:     Fold 3: R2=0.0061, RMSE=0.1496, MAE=0.1059 (train=189,772, test=47,290, epochs=83)
2026-07-29 01:21:25,952 [stage3_analysis.dnn_probe] INFO:     Fold 4: R2=0.0253, RMSE=0.1448, MAE=0.1051 (train=192,505, test=44,557, epochs=94)
2026-07-29 01:21:28,660 [stage3_analysis.dnn_probe] INFO:     Fold 5: R2=0.0411, RMSE=0.1482, MAE=0.1058 (train=187,990, test=49,072, epochs=78)
2026-07-29 01:21:28,670 [stage3_analysis.dnn_probe] INFO:   Overall OOF: R2=0.0224, RMSE=0.1430, MAE=0.1026
2026-07-29 01:21:28,675 [stage3_analysis.dnn_probe] INFO: 
--- Target: mxi (mxi) ---
2026-07-29 01:21:28,675 [stage3_analysis.dnn_probe] INFO:   y range: [0.0000, 1.0000], mean=0.4571
2026-07-29 01:21:28,675 [stage3_analysis.dnn_probe] INFO:   Using config defaults: hidden=32, layers=0, lr=0.0005
2026-07-29 01:21:28,675 [stage3_analysis.dnn_probe] INFO:   Evaluating with spatial CV...
2026-07-29 01:21:31,557 [stage3_analysis.dnn_probe] INFO:     Fold 1: R2=0.0505, RMSE=0.2654, MAE=0.2231 (train=189,244, test=47,818, epochs=77)
2026-07-29 01:21:34,620 [stage3_analysis.dnn_probe] INFO:     Fold 2: R2=0.0338, RMSE=0.2715, MAE=0.2295 (train=188,737, test=48,325, epochs=80)
2026-07-29 01:21:38,220 [stage3_analysis.dnn_probe] INFO:     Fold 3: R2=0.0570, RMSE=0.2892, MAE=0.2471 (train=189,772, test=47,290, epochs=100)
2026-07-29 01:21:41,429 [stage3_analysis.dnn_probe] INFO:     Fold 4: R2=0.0573, RMSE=0.2863, MAE=0.2418 (train=192,505, test=44,557, epochs=98)
2026-07-29 01:21:44,701 [stage3_analysis.dnn_probe] INFO:     Fold 5: R2=0.0439, RMSE=0.2766, MAE=0.2332 (train=187,990, test=49,072, epochs=96)
2026-07-29 01:21:44,710 [stage3_analysis.dnn_probe] INFO:   Overall OOF: R2=0.0505, RMSE=0.2778, MAE=0.2348
2026-07-29 01:21:44,712 [stage3_analysis.dnn_probe] INFO: 
--- Target: l (l) ---
2026-07-29 01:21:44,713 [stage3_analysis.dnn_probe] INFO:   y range: [0.2044, 15.1212], mean=1.4302
2026-07-29 01:21:44,713 [stage3_analysis.dnn_probe] INFO:   Using config defaults: hidden=32, layers=0, lr=0.0005
2026-07-29 01:21:44,713 [stage3_analysis.dnn_probe] INFO:   Evaluating with spatial CV...
2026-07-29 01:21:48,221 [stage3_analysis.dnn_probe] INFO:     Fold 1: R2=0.0323, RMSE=0.4840, MAE=0.3228 (train=189,244, test=47,818, epochs=100)
2026-07-29 01:21:50,066 [stage3_analysis.dnn_probe] INFO:     Fold 2: R2=-0.0568, RMSE=0.4291, MAE=0.3183 (train=188,737, test=48,325, epochs=46)
2026-07-29 01:21:53,332 [stage3_analysis.dnn_probe] INFO:     Fold 3: R2=0.0348, RMSE=0.5777, MAE=0.3671 (train=189,772, test=47,290, epochs=91)
2026-07-29 01:21:56,811 [stage3_analysis.dnn_probe] INFO:     Fold 4: R2=0.0100, RMSE=0.4934, MAE=0.3468 (train=192,505, test=44,557, epochs=96)
2026-07-29 01:22:00,476 [stage3_analysis.dnn_probe] INFO:     Fold 5: R2=0.0541, RMSE=0.5399, MAE=0.3487 (train=187,990, test=49,072, epochs=100)
2026-07-29 01:22:00,486 [stage3_analysis.dnn_probe] INFO:   Overall OOF: R2=0.0303, RMSE=0.5074, MAE=0.3406
2026-07-29 01:22:00,491 [stage3_analysis.dnn_probe] INFO: 
--- Target: osr (osr) ---
2026-07-29 01:22:00,492 [stage3_analysis.dnn_probe] INFO:   y range: [0.0000, 100.0000], mean=4.2096
2026-07-29 01:22:00,492 [stage3_analysis.dnn_probe] INFO:   Using config defaults: hidden=32, layers=0, lr=0.0005
2026-07-29 01:22:00,492 [stage3_analysis.dnn_probe] INFO:   Evaluating with spatial CV...
2026-07-29 01:22:03,272 [stage3_analysis.dnn_probe] INFO:     Fold 1: R2=0.0022, RMSE=5.0510, MAE=2.3517 (train=189,244, test=47,818, epochs=76)
2026-07-29 01:22:06,732 [stage3_analysis.dnn_probe] INFO:     Fold 2: R2=0.0062, RMSE=6.3250, MAE=2.5201 (train=188,737, test=48,325, epochs=96)
2026-07-29 01:22:10,315 [stage3_analysis.dnn_probe] INFO:     Fold 3: R2=-0.0037, RMSE=6.5577, MAE=2.6650 (train=189,772, test=47,290, epochs=99)
2026-07-29 01:22:13,059 [stage3_analysis.dnn_probe] INFO:     Fold 4: R2=0.0117, RMSE=8.5979, MAE=2.9611 (train=192,505, test=44,557, epochs=67)
2026-07-29 01:22:16,319 [stage3_analysis.dnn_probe] INFO:     Fold 5: R2=-0.0088, RMSE=5.5097, MAE=2.5094 (train=187,990, test=49,072, epochs=84)
2026-07-29 01:22:16,327 [stage3_analysis.dnn_probe] INFO:   Overall OOF: R2=0.0053, RMSE=6.4852, MAE=2.5957
2026-07-29 01:22:16,327 [stage3_analysis.dnn_probe] INFO: 
=== Summary ===
2026-07-29 01:22:16,327 [stage3_analysis.dnn_probe] INFO:   fsi (fsi): R2=0.0440, RMSE=0.4088
2026-07-29 01:22:16,327 [stage3_analysis.dnn_probe] INFO:   gsi (gsi): R2=0.0224, RMSE=0.1430
2026-07-29 01:22:16,327 [stage3_analysis.dnn_probe] INFO:   mxi (mxi): R2=0.0505, RMSE=0.2778
2026-07-29 01:22:16,327 [stage3_analysis.dnn_probe] INFO:   l (l): R2=0.0303, RMSE=0.5074
2026-07-29 01:22:16,328 [stage3_analysis.dnn_probe] INFO:   osr (osr): R2=0.0053, RMSE=6.4852
2026-07-29 01:22:16,387 [stage3_analysis.dnn_probe] INFO: Saved metrics summary to C:\Users\Bert Berkers\PycharmProjects\UrbanRepML\data\study_areas\netherlands\stage3_analysis\dnn_probe\2026-07-28\2026-07-28_accres_nag_s1_s43_rudifun\metrics_summary.csv
2026-07-29 01:22:17,092 [stage3_analysis.dnn_probe] INFO: Saved predictions to C:\Users\Bert Berkers\PycharmProjects\UrbanRepML\data\study_areas\netherlands\stage3_analysis\dnn_probe\2026-07-28\2026-07-28_accres_nag_s1_s43_rudifun
2026-07-29 01:22:17,093 [stage3_analysis.dnn_probe] INFO: Saved config to C:\Users\Bert Berkers\PycharmProjects\UrbanRepML\data\study_areas\netherlands\stage3_analysis\dnn_probe\2026-07-28\2026-07-28_accres_nag_s1_s43_rudifun\config.json
2026-07-29 01:22:17,113 [stage3_analysis.dnn_probe] INFO: Saved run_info.json to C:\Users\Bert Berkers\PycharmProjects\UrbanRepML\data\study_areas\netherlands\stage3_analysis\dnn_probe\2026-07-28\2026-07-28_accres_nag_s1_s43_rudifun\run_info.json
2026-07-29 01:22:17,222 [stage3_analysis.dnn_probe] INFO: Saved training curves to C:\Users\Bert Berkers\PycharmProjects\UrbanRepML\data\study_areas\netherlands\stage3_analysis\dnn_probe\2026-07-28\2026-07-28_accres_nag_s1_s43_rudifun\training_curves (25 files)
[01:22:44]   rudifun/fsi: R2=+0.04400 CI=[-0.08872, +0.12549]
[01:23:17]   rudifun/gsi: R2=+0.02240 CI=[+0.01224, +0.03257]
[01:23:39]   rudifun/mxi: R2=+0.05047 CI=[+0.04641, +0.05443]
[01:23:52]   rudifun/l: R2=+0.03032 CI=[+0.00717, +0.05242]
[01:24:04]   rudifun/osr: R2=+0.00526 CI=[-0.04004, +0.04983]
[01:25:00]   rudifun FAMILY: R2=+0.03049 CI=[+0.00186, +0.05245] p=0.00540 (unadjusted)
[01:25:00] === RES-b nag_s1 s44 leefb ===
2026-07-29 01:25:01,210 [stage3_analysis.probe_utils] INFO: Seeded RNGs (random, numpy, torch, cuda) with seed=44
2026-07-29 01:25:01,210 [stage3_analysis.dnn_probe] INFO: === DNN Probe Regression (MLP) ===
2026-07-29 01:25:01,210 [stage3_analysis.dnn_probe] INFO: Study area: netherlands
2026-07-29 01:25:01,210 [stage3_analysis.dnn_probe] INFO: Year: 2022
2026-07-29 01:25:01,210 [stage3_analysis.dnn_probe] INFO: Device: cpu
2026-07-29 01:25:01,210 [stage3_analysis.dnn_probe] INFO: Architecture: MLP, hidden=32, layers=0
2026-07-29 01:25:01,210 [stage3_analysis.dnn_probe] INFO: Loading embeddings from C:\Users\Bert Berkers\PycharmProjects\UrbanRepML\data\study_areas\netherlands\acc_sharpening\2026-07-28\residual\nag_s1_s44\residual.parquet
2026-07-29 01:25:01,439 [stage3_analysis.dnn_probe] INFO:   Embedding features: 64 (resid_0..resid_63)
2026-07-29 01:25:01,439 [stage3_analysis.dnn_probe] INFO:   Embedding rows: 482,706
2026-07-29 01:25:01,440 [stage3_analysis.dnn_probe] INFO: Loading target from C:\Users\Bert Berkers\PycharmProjects\UrbanRepML\data\study_areas\netherlands\target\leefbaarometer\leefbaarometer_h3res9_2022.parquet
2026-07-29 01:25:01,474 [stage3_analysis.dnn_probe] INFO:   Target rows: 131,194
2026-07-29 01:25:01,673 [stage3_analysis.dnn_probe] INFO:   Inner join: 131,194 hexagons with both embeddings and targets
2026-07-29 01:25:01,673 [stage3_analysis.probe_utils] INFO:   JOIN RATE: n_emb=482,706 n_target=131,194 n_join=131,194 rate_vs_emb=0.2718
2026-07-29 01:25:01,673 [stage3_analysis.probe_utils] WARNING: 
  ============================================================
  LOUD WARNING: probe join rate 27.2% < 95% threshold.
  Only 131,194 of 482,706 embedding hexagons matched a target row.
  This is the SILENT-SHRINK trap: stale old-grid embeddings vs
  new-grid targets inner-join to their intersection, yielding
  plausible-looking metrics over a shrunken sample. Trust these
  numbers ONLY if this is an explicitly old-grid-paired run.
  ============================================================
2026-07-29 01:25:01,679 [stage3_analysis.dnn_probe] INFO:   After dropna: 131,194 (dropped 0)
2026-07-29 01:25:01,679 [stage3_analysis.dnn_probe] INFO:   Loading regions from C:\Users\Bert Berkers\PycharmProjects\UrbanRepML\data\study_areas\netherlands\regions_gdf\netherlands_res9.parquet
2026-07-29 01:25:02,494 [stage3_analysis.dnn_probe] INFO:   After region join: 131,194 hexagons
2026-07-29 01:25:02,613 [stage3_analysis.dnn_probe] INFO: Creating spatial blocks: 5 folds, 10000m x 10000m
2026-07-29 01:25:02,996 [stage3_analysis.dnn_probe] INFO:   Created 445 spatial blocks across 5 folds
2026-07-29 01:25:03,072 [stage3_analysis.dnn_probe] WARNING:   2 points outside all blocks, assigning to fold 1
2026-07-29 01:25:03,086 [stage3_analysis.dnn_probe] INFO:   Fold sizes: {1: 28050, 2: 26058, 3: 24065, 4: 25331, 5: 27690}
2026-07-29 01:25:03,109 [stage3_analysis.dnn_probe] INFO: 
Feature matrix: (131194, 64)
2026-07-29 01:25:03,109 [stage3_analysis.dnn_probe] INFO: Targets: ['lbm', 'fys', 'onv', 'soc', 'vrz', 'won']
2026-07-29 01:25:03,110 [stage3_analysis.dnn_probe] INFO: 
--- Target: lbm (Overall Liveability) ---
2026-07-29 01:25:03,110 [stage3_analysis.dnn_probe] INFO:   y range: [3.4200, 5.0361], mean=4.1982
2026-07-29 01:25:03,110 [stage3_analysis.dnn_probe] INFO:   Using config defaults: hidden=32, layers=0, lr=0.0005
2026-07-29 01:25:03,110 [stage3_analysis.dnn_probe] INFO:   Evaluating with spatial CV...
2026-07-29 01:25:04,451 [stage3_analysis.dnn_probe] INFO:     Fold 1: R2=0.0453, RMSE=0.1122, MAE=0.0858 (train=103,144, test=28,050, epochs=64)
2026-07-29 01:25:06,467 [stage3_analysis.dnn_probe] INFO:     Fold 2: R2=0.0456, RMSE=0.1236, MAE=0.0931 (train=105,136, test=26,058, epochs=100)
2026-07-29 01:25:08,219 [stage3_analysis.dnn_probe] INFO:     Fold 3: R2=0.0573, RMSE=0.1248, MAE=0.0948 (train=107,129, test=24,065, epochs=87)
2026-07-29 01:25:09,602 [stage3_analysis.dnn_probe] INFO:     Fold 4: R2=0.0403, RMSE=0.1228, MAE=0.0915 (train=105,863, test=25,331, epochs=70)
2026-07-29 01:25:11,523 [stage3_analysis.dnn_probe] INFO:     Fold 5: R2=0.0297, RMSE=0.1237, MAE=0.0924 (train=103,504, test=27,690, epochs=100)
2026-07-29 01:25:11,529 [stage3_analysis.dnn_probe] INFO:   Overall OOF: R2=0.0464, RMSE=0.1213, MAE=0.0914
2026-07-29 01:25:11,531 [stage3_analysis.dnn_probe] INFO: 
--- Target: fys (Physical Environment) ---
2026-07-29 01:25:11,531 [stage3_analysis.dnn_probe] INFO:   y range: [-0.7443, 0.4637], mean=-0.0030
2026-07-29 01:25:11,531 [stage3_analysis.dnn_probe] INFO:   Using config defaults: hidden=32, layers=0, lr=0.0005
2026-07-29 01:25:11,531 [stage3_analysis.dnn_probe] INFO:   Evaluating with spatial CV...
2026-07-29 01:25:13,166 [stage3_analysis.dnn_probe] INFO:     Fold 1: R2=0.0252, RMSE=0.0646, MAE=0.0448 (train=103,144, test=28,050, epochs=80)
2026-07-29 01:25:15,147 [stage3_analysis.dnn_probe] INFO:     Fold 2: R2=0.0362, RMSE=0.0646, MAE=0.0432 (train=105,136, test=26,058, epochs=100)
2026-07-29 01:25:17,073 [stage3_analysis.dnn_probe] INFO:     Fold 3: R2=0.0488, RMSE=0.0662, MAE=0.0458 (train=107,129, test=24,065, epochs=98)
2026-07-29 01:25:19,015 [stage3_analysis.dnn_probe] INFO:     Fold 4: R2=0.0481, RMSE=0.0646, MAE=0.0455 (train=105,863, test=25,331, epochs=100)
2026-07-29 01:25:20,905 [stage3_analysis.dnn_probe] INFO:     Fold 5: R2=0.0080, RMSE=0.0681, MAE=0.0472 (train=103,504, test=27,690, epochs=100)
2026-07-29 01:25:20,910 [stage3_analysis.dnn_probe] INFO:   Overall OOF: R2=0.0333, RMSE=0.0656, MAE=0.0453
2026-07-29 01:25:20,911 [stage3_analysis.dnn_probe] INFO: 
--- Target: onv (Safety) ---
2026-07-29 01:25:20,911 [stage3_analysis.dnn_probe] INFO:   y range: [-0.4661, 0.1638], mean=0.0779
2026-07-29 01:25:20,911 [stage3_analysis.dnn_probe] INFO:   Using config defaults: hidden=32, layers=0, lr=0.0005
2026-07-29 01:25:20,911 [stage3_analysis.dnn_probe] INFO:   Evaluating with spatial CV...
2026-07-29 01:25:22,225 [stage3_analysis.dnn_probe] INFO:     Fold 1: R2=0.0037, RMSE=0.0558, MAE=0.0422 (train=103,144, test=28,050, epochs=64)
2026-07-29 01:25:24,040 [stage3_analysis.dnn_probe] INFO:     Fold 2: R2=0.0372, RMSE=0.0661, MAE=0.0475 (train=105,136, test=26,058, epochs=91)
2026-07-29 01:25:26,040 [stage3_analysis.dnn_probe] INFO:     Fold 3: R2=0.0523, RMSE=0.0676, MAE=0.0464 (train=107,129, test=24,065, epochs=100)
2026-07-29 01:25:28,022 [stage3_analysis.dnn_probe] INFO:     Fold 4: R2=0.0532, RMSE=0.0609, MAE=0.0435 (train=105,863, test=25,331, epochs=99)
2026-07-29 01:25:30,057 [stage3_analysis.dnn_probe] INFO:     Fold 5: R2=0.0655, RMSE=0.0644, MAE=0.0456 (train=103,504, test=27,690, epochs=100)
2026-07-29 01:25:30,064 [stage3_analysis.dnn_probe] INFO:   Overall OOF: R2=0.0489, RMSE=0.0630, MAE=0.0450
2026-07-29 01:25:30,066 [stage3_analysis.dnn_probe] INFO: 
--- Target: soc (Social Cohesion) ---
2026-07-29 01:25:30,066 [stage3_analysis.dnn_probe] INFO:   y range: [-0.4217, 0.4402], mean=0.0747
2026-07-29 01:25:30,066 [stage3_analysis.dnn_probe] INFO:   Using config defaults: hidden=32, layers=0, lr=0.0005
2026-07-29 01:25:30,066 [stage3_analysis.dnn_probe] INFO:   Evaluating with spatial CV...
2026-07-29 01:25:31,085 [stage3_analysis.dnn_probe] INFO:     Fold 1: R2=0.0217, RMSE=0.0522, MAE=0.0422 (train=103,144, test=28,050, epochs=43)
2026-07-29 01:25:32,893 [stage3_analysis.dnn_probe] INFO:     Fold 2: R2=0.0516, RMSE=0.0591, MAE=0.0465 (train=105,136, test=26,058, epochs=100)
2026-07-29 01:25:34,511 [stage3_analysis.dnn_probe] INFO:     Fold 3: R2=0.0371, RMSE=0.0581, MAE=0.0451 (train=107,129, test=24,065, epochs=100)
2026-07-29 01:25:35,862 [stage3_analysis.dnn_probe] INFO:     Fold 4: R2=0.0594, RMSE=0.0558, MAE=0.0439 (train=105,863, test=25,331, epochs=69)
2026-07-29 01:25:37,792 [stage3_analysis.dnn_probe] INFO:     Fold 5: R2=0.0554, RMSE=0.0597, MAE=0.0465 (train=103,504, test=27,690, epochs=98)
2026-07-29 01:25:37,797 [stage3_analysis.dnn_probe] INFO:   Overall OOF: R2=0.0488, RMSE=0.0570, MAE=0.0448
2026-07-29 01:25:37,798 [stage3_analysis.dnn_probe] INFO: 
--- Target: vrz (Amenities) ---
2026-07-29 01:25:37,798 [stage3_analysis.dnn_probe] INFO:   y range: [-0.3298, 0.6882], mean=-0.1153
2026-07-29 01:25:37,798 [stage3_analysis.dnn_probe] INFO:   Using config defaults: hidden=32, layers=0, lr=0.0005
2026-07-29 01:25:37,799 [stage3_analysis.dnn_probe] INFO:   Evaluating with spatial CV...
2026-07-29 01:25:38,480 [stage3_analysis.dnn_probe] INFO:     Fold 1: R2=-0.0744, RMSE=0.0791, MAE=0.0646 (train=103,144, test=28,050, epochs=24)
2026-07-29 01:25:39,308 [stage3_analysis.dnn_probe] INFO:     Fold 2: R2=0.0489, RMSE=0.1002, MAE=0.0805 (train=105,136, test=26,058, epochs=30)
2026-07-29 01:25:41,085 [stage3_analysis.dnn_probe] INFO:     Fold 3: R2=0.0633, RMSE=0.1006, MAE=0.0759 (train=107,129, test=24,065, epochs=100)
2026-07-29 01:25:42,941 [stage3_analysis.dnn_probe] INFO:     Fold 4: R2=0.0747, RMSE=0.0940, MAE=0.0753 (train=105,863, test=25,331, epochs=100)
2026-07-29 01:25:44,969 [stage3_analysis.dnn_probe] INFO:     Fold 5: R2=0.0935, RMSE=0.1158, MAE=0.0812 (train=103,504, test=27,690, epochs=100)
2026-07-29 01:25:44,974 [stage3_analysis.dnn_probe] INFO:   Overall OOF: R2=0.0618, RMSE=0.0986, MAE=0.0754
2026-07-29 01:25:44,976 [stage3_analysis.dnn_probe] INFO: 
--- Target: won (Housing Quality) ---
2026-07-29 01:25:44,976 [stage3_analysis.dnn_probe] INFO:   y range: [-0.5287, 0.8859], mean=0.0616
2026-07-29 01:25:44,976 [stage3_analysis.dnn_probe] INFO:   Using config defaults: hidden=32, layers=0, lr=0.0005
2026-07-29 01:25:44,976 [stage3_analysis.dnn_probe] INFO:   Evaluating with spatial CV...
2026-07-29 01:25:46,585 [stage3_analysis.dnn_probe] INFO:     Fold 1: R2=0.0312, RMSE=0.0465, MAE=0.0348 (train=103,144, test=28,050, epochs=84)
2026-07-29 01:25:48,327 [stage3_analysis.dnn_probe] INFO:     Fold 2: R2=0.0389, RMSE=0.0509, MAE=0.0384 (train=105,136, test=26,058, epochs=93)
2026-07-29 01:25:49,863 [stage3_analysis.dnn_probe] INFO:     Fold 3: R2=0.0304, RMSE=0.0536, MAE=0.0389 (train=107,129, test=24,065, epochs=73)
2026-07-29 01:25:51,848 [stage3_analysis.dnn_probe] INFO:     Fold 4: R2=0.0511, RMSE=0.0523, MAE=0.0390 (train=105,863, test=25,331, epochs=100)
2026-07-29 01:25:53,640 [stage3_analysis.dnn_probe] INFO:     Fold 5: R2=0.0519, RMSE=0.0527, MAE=0.0383 (train=103,504, test=27,690, epochs=86)
2026-07-29 01:25:53,645 [stage3_analysis.dnn_probe] INFO:   Overall OOF: R2=0.0429, RMSE=0.0512, MAE=0.0378
2026-07-29 01:25:53,646 [stage3_analysis.dnn_probe] INFO: 
=== Summary ===
2026-07-29 01:25:53,646 [stage3_analysis.dnn_probe] INFO:   lbm (Overall Liveability): R2=0.0464, RMSE=0.1213
2026-07-29 01:25:53,646 [stage3_analysis.dnn_probe] INFO:   fys (Physical Environment): R2=0.0333, RMSE=0.0656
2026-07-29 01:25:53,646 [stage3_analysis.dnn_probe] INFO:   onv (Safety): R2=0.0489, RMSE=0.0630
2026-07-29 01:25:53,646 [stage3_analysis.dnn_probe] INFO:   soc (Social Cohesion): R2=0.0488, RMSE=0.0570
2026-07-29 01:25:53,646 [stage3_analysis.dnn_probe] INFO:   vrz (Amenities): R2=0.0618, RMSE=0.0986
2026-07-29 01:25:53,646 [stage3_analysis.dnn_probe] INFO:   won (Housing Quality): R2=0.0429, RMSE=0.0512
2026-07-29 01:25:53,700 [stage3_analysis.dnn_probe] INFO: Saved metrics summary to C:\Users\Bert Berkers\PycharmProjects\UrbanRepML\data\study_areas\netherlands\stage3_analysis\dnn_probe\2026-07-28\2026-07-28_accres_nag_s1_s44_leefb\metrics_summary.csv
2026-07-29 01:25:54,754 [stage3_analysis.dnn_probe] INFO: Saved predictions to C:\Users\Bert Berkers\PycharmProjects\UrbanRepML\data\study_areas\netherlands\stage3_analysis\dnn_probe\2026-07-28\2026-07-28_accres_nag_s1_s44_leefb
2026-07-29 01:25:54,756 [stage3_analysis.dnn_probe] INFO: Saved config to C:\Users\Bert Berkers\PycharmProjects\UrbanRepML\data\study_areas\netherlands\stage3_analysis\dnn_probe\2026-07-28\2026-07-28_accres_nag_s1_s44_leefb\config.json
2026-07-29 01:25:54,779 [stage3_analysis.dnn_probe] INFO: Saved run_info.json to C:\Users\Bert Berkers\PycharmProjects\UrbanRepML\data\study_areas\netherlands\stage3_analysis\dnn_probe\2026-07-28\2026-07-28_accres_nag_s1_s44_leefb\run_info.json
2026-07-29 01:25:54,910 [stage3_analysis.dnn_probe] INFO: Saved training curves to C:\Users\Bert Berkers\PycharmProjects\UrbanRepML\data\study_areas\netherlands\stage3_analysis\dnn_probe\2026-07-28\2026-07-28_accres_nag_s1_s44_leefb\training_curves (30 files)
[01:26:03]   leefb/lbm: R2=+0.04640 CI=[+0.03641, +0.05639]
[01:26:09]   leefb/fys: R2=+0.03327 CI=[+0.01784, +0.04812]
[01:26:20]   leefb/onv: R2=+0.04886 CI=[+0.03496, +0.06295]
[01:26:33]   leefb/soc: R2=+0.04877 CI=[+0.03968, +0.05779]
[01:26:46]   leefb/vrz: R2=+0.06185 CI=[+0.04967, +0.07376]
[01:26:52]   leefb/won: R2=+0.04288 CI=[+0.02915, +0.05646]
[01:27:10]   leefb FAMILY: R2=+0.04701 CI=[+0.03963, +0.05445] p=0.00010 (unadjusted)
[01:27:10] === RES-b nag_s1 s44 rudifun ===
2026-07-29 01:27:10,697 [stage3_analysis.probe_utils] INFO: Seeded RNGs (random, numpy, torch, cuda) with seed=44
2026-07-29 01:27:10,697 [stage3_analysis.dnn_probe] INFO: === DNN Probe Regression (MLP) ===
2026-07-29 01:27:10,697 [stage3_analysis.dnn_probe] INFO: Study area: netherlands
2026-07-29 01:27:10,697 [stage3_analysis.dnn_probe] INFO: Year: 2022
2026-07-29 01:27:10,697 [stage3_analysis.dnn_probe] INFO: Device: cpu
2026-07-29 01:27:10,697 [stage3_analysis.dnn_probe] INFO: Architecture: MLP, hidden=32, layers=0
2026-07-29 01:27:10,697 [stage3_analysis.dnn_probe] INFO: Loading embeddings from C:\Users\Bert Berkers\PycharmProjects\UrbanRepML\data\study_areas\netherlands\acc_sharpening\2026-07-28\residual\nag_s1_s44\residual.parquet
2026-07-29 01:27:10,928 [stage3_analysis.dnn_probe] INFO:   Embedding features: 64 (resid_0..resid_63)
2026-07-29 01:27:10,928 [stage3_analysis.dnn_probe] INFO:   Embedding rows: 482,706
2026-07-29 01:27:10,928 [stage3_analysis.dnn_probe] INFO: Loading target from C:\Users\Bert Berkers\PycharmProjects\UrbanRepML\data\study_areas\netherlands\target\rudifun\rudifun_h3res9_2022.parquet
2026-07-29 01:27:10,998 [stage3_analysis.dnn_probe] INFO:   Target rows: 238,072
2026-07-29 01:27:12,036 [stage3_analysis.dnn_probe] INFO:   Inner join: 238,072 hexagons with both embeddings and targets
2026-07-29 01:27:12,036 [stage3_analysis.probe_utils] INFO:   JOIN RATE: n_emb=482,706 n_target=238,072 n_join=238,072 rate_vs_emb=0.4932
2026-07-29 01:27:12,036 [stage3_analysis.probe_utils] WARNING: 
  ============================================================
  LOUD WARNING: probe join rate 49.3% < 95% threshold.
  Only 238,072 of 482,706 embedding hexagons matched a target row.
  This is the SILENT-SHRINK trap: stale old-grid embeddings vs
  new-grid targets inner-join to their intersection, yielding
  plausible-looking metrics over a shrunken sample. Trust these
  numbers ONLY if this is an explicitly old-grid-paired run.
  ============================================================
2026-07-29 01:27:12,239 [stage3_analysis.dnn_probe] INFO:   After dropna: 237,062 (dropped 1,010)
2026-07-29 01:27:12,241 [stage3_analysis.dnn_probe] INFO:   Loading regions from C:\Users\Bert Berkers\PycharmProjects\UrbanRepML\data\study_areas\netherlands\regions_gdf\netherlands_res9.parquet
2026-07-29 01:27:16,248 [stage3_analysis.dnn_probe] INFO:   After region join: 237,062 hexagons
2026-07-29 01:27:16,716 [stage3_analysis.dnn_probe] INFO: Creating spatial blocks: 5 folds, 10000m x 10000m
2026-07-29 01:27:19,117 [stage3_analysis.dnn_probe] INFO:   Created 461 spatial blocks across 5 folds
2026-07-29 01:27:19,600 [stage3_analysis.dnn_probe] WARNING:   2 points outside all blocks, assigning to fold 1
2026-07-29 01:27:19,709 [stage3_analysis.dnn_probe] INFO:   Fold sizes: {1: 47897, 2: 46046, 3: 45078, 4: 48963, 5: 49078}
2026-07-29 01:27:19,848 [stage3_analysis.dnn_probe] INFO: 
Feature matrix: (237062, 64)
2026-07-29 01:27:19,848 [stage3_analysis.dnn_probe] INFO: Targets: ['fsi', 'gsi', 'mxi', 'l', 'osr']
2026-07-29 01:27:19,852 [stage3_analysis.dnn_probe] INFO: 
--- Target: fsi (fsi) ---
2026-07-29 01:27:19,854 [stage3_analysis.dnn_probe] INFO:   y range: [0.0000, 46.7058], mean=0.3647
2026-07-29 01:27:19,854 [stage3_analysis.dnn_probe] INFO:   Using config defaults: hidden=32, layers=0, lr=0.0005
2026-07-29 01:27:19,854 [stage3_analysis.dnn_probe] INFO:   Evaluating with spatial CV...
2026-07-29 01:27:21,569 [stage3_analysis.dnn_probe] INFO:     Fold 1: R2=0.0035, RMSE=0.3436, MAE=0.2170 (train=189,165, test=47,897, epochs=25)
2026-07-29 01:27:25,338 [stage3_analysis.dnn_probe] INFO:     Fold 2: R2=0.0403, RMSE=0.4054, MAE=0.2353 (train=191,016, test=46,046, epochs=100)
2026-07-29 01:27:27,542 [stage3_analysis.dnn_probe] INFO:     Fold 3: R2=0.0395, RMSE=0.3934, MAE=0.2257 (train=191,984, test=45,078, epochs=61)
2026-07-29 01:27:30,101 [stage3_analysis.dnn_probe] INFO:     Fold 4: R2=0.0096, RMSE=0.4835, MAE=0.2357 (train=188,099, test=48,963, epochs=67)
2026-07-29 01:27:33,242 [stage3_analysis.dnn_probe] INFO:     Fold 5: R2=0.0507, RMSE=0.4179, MAE=0.2417 (train=187,984, test=49,078, epochs=100)
2026-07-29 01:27:33,251 [stage3_analysis.dnn_probe] INFO:   Overall OOF: R2=0.0295, RMSE=0.4119, MAE=0.2312
2026-07-29 01:27:33,256 [stage3_analysis.dnn_probe] INFO: 
--- Target: gsi (gsi) ---
2026-07-29 01:27:33,256 [stage3_analysis.dnn_probe] INFO:   y range: [0.0000, 1.0000], mean=0.2314
2026-07-29 01:27:33,256 [stage3_analysis.dnn_probe] INFO:   Using config defaults: hidden=32, layers=0, lr=0.0005
2026-07-29 01:27:33,256 [stage3_analysis.dnn_probe] INFO:   Evaluating with spatial CV...
2026-07-29 01:27:35,855 [stage3_analysis.dnn_probe] INFO:     Fold 1: R2=0.0071, RMSE=0.1318, MAE=0.0959 (train=189,165, test=47,897, epochs=79)
2026-07-29 01:27:37,860 [stage3_analysis.dnn_probe] INFO:     Fold 2: R2=0.0416, RMSE=0.1481, MAE=0.1072 (train=191,016, test=46,046, epochs=45)
2026-07-29 01:27:41,334 [stage3_analysis.dnn_probe] INFO:     Fold 3: R2=0.0293, RMSE=0.1454, MAE=0.1002 (train=191,984, test=45,078, epochs=95)
2026-07-29 01:27:43,005 [stage3_analysis.dnn_probe] INFO:     Fold 4: R2=-0.0054, RMSE=0.1436, MAE=0.1016 (train=188,099, test=48,963, epochs=41)
2026-07-29 01:27:45,224 [stage3_analysis.dnn_probe] INFO:     Fold 5: R2=0.0413, RMSE=0.1450, MAE=0.1038 (train=187,984, test=49,078, epochs=65)
2026-07-29 01:27:45,233 [stage3_analysis.dnn_probe] INFO:   Overall OOF: R2=0.0242, RMSE=0.1428, MAE=0.1017
2026-07-29 01:27:45,236 [stage3_analysis.dnn_probe] INFO: 
--- Target: mxi (mxi) ---
2026-07-29 01:27:45,236 [stage3_analysis.dnn_probe] INFO:   y range: [0.0000, 1.0000], mean=0.4571
2026-07-29 01:27:45,236 [stage3_analysis.dnn_probe] INFO:   Using config defaults: hidden=32, layers=0, lr=0.0005
2026-07-29 01:27:45,236 [stage3_analysis.dnn_probe] INFO:   Evaluating with spatial CV...
2026-07-29 01:27:48,243 [stage3_analysis.dnn_probe] INFO:     Fold 1: R2=0.0406, RMSE=0.2793, MAE=0.2360 (train=189,165, test=47,897, epochs=77)
2026-07-29 01:27:51,496 [stage3_analysis.dnn_probe] INFO:     Fold 2: R2=0.0294, RMSE=0.2805, MAE=0.2383 (train=191,016, test=46,046, epochs=99)
2026-07-29 01:27:53,813 [stage3_analysis.dnn_probe] INFO:     Fold 3: R2=0.0139, RMSE=0.2770, MAE=0.2339 (train=191,984, test=45,078, epochs=52)
2026-07-29 01:27:56,573 [stage3_analysis.dnn_probe] INFO:     Fold 4: R2=0.0390, RMSE=0.2793, MAE=0.2338 (train=188,099, test=48,963, epochs=86)
2026-07-29 01:27:59,306 [stage3_analysis.dnn_probe] INFO:     Fold 5: R2=0.0437, RMSE=0.2840, MAE=0.2406 (train=187,984, test=49,078, epochs=70)
2026-07-29 01:27:59,314 [stage3_analysis.dnn_probe] INFO:   Overall OOF: R2=0.0349, RMSE=0.2801, MAE=0.2366
2026-07-29 01:27:59,316 [stage3_analysis.dnn_probe] INFO: 
--- Target: l (l) ---
2026-07-29 01:27:59,317 [stage3_analysis.dnn_probe] INFO:   y range: [0.2044, 15.1212], mean=1.4302
2026-07-29 01:27:59,317 [stage3_analysis.dnn_probe] INFO:   Using config defaults: hidden=32, layers=0, lr=0.0005
2026-07-29 01:27:59,317 [stage3_analysis.dnn_probe] INFO:   Evaluating with spatial CV...
2026-07-29 01:28:00,722 [stage3_analysis.dnn_probe] INFO:     Fold 1: R2=0.0108, RMSE=0.4685, MAE=0.3263 (train=189,165, test=47,897, epochs=29)
2026-07-29 01:28:04,133 [stage3_analysis.dnn_probe] INFO:     Fold 2: R2=0.0258, RMSE=0.5087, MAE=0.3391 (train=191,016, test=46,046, epochs=96)
2026-07-29 01:28:06,184 [stage3_analysis.dnn_probe] INFO:     Fold 3: R2=0.0235, RMSE=0.4886, MAE=0.3315 (train=191,984, test=45,078, epochs=52)
2026-07-29 01:28:08,434 [stage3_analysis.dnn_probe] INFO:     Fold 4: R2=0.0188, RMSE=0.5126, MAE=0.3327 (train=188,099, test=48,963, epochs=48)
2026-07-29 01:28:11,780 [stage3_analysis.dnn_probe] INFO:     Fold 5: R2=0.0353, RMSE=0.5581, MAE=0.3548 (train=187,984, test=49,078, epochs=100)
2026-07-29 01:28:11,788 [stage3_analysis.dnn_probe] INFO:   Overall OOF: R2=0.0255, RMSE=0.5087, MAE=0.3370
2026-07-29 01:28:11,790 [stage3_analysis.dnn_probe] INFO: 
--- Target: osr (osr) ---
2026-07-29 01:28:11,791 [stage3_analysis.dnn_probe] INFO:   y range: [0.0000, 100.0000], mean=4.2096
2026-07-29 01:28:11,791 [stage3_analysis.dnn_probe] INFO:   Using config defaults: hidden=32, layers=0, lr=0.0005
2026-07-29 01:28:11,791 [stage3_analysis.dnn_probe] INFO:   Evaluating with spatial CV...
2026-07-29 01:28:14,221 [stage3_analysis.dnn_probe] INFO:     Fold 1: R2=-0.0019, RMSE=5.6034, MAE=2.3739 (train=189,165, test=47,897, epochs=57)
2026-07-29 01:28:17,195 [stage3_analysis.dnn_probe] INFO:     Fold 2: R2=0.0110, RMSE=7.1011, MAE=2.7629 (train=191,016, test=46,046, epochs=85)
2026-07-29 01:28:20,973 [stage3_analysis.dnn_probe] INFO:     Fold 3: R2=0.0093, RMSE=6.2449, MAE=2.4848 (train=191,984, test=45,078, epochs=100)
2026-07-29 01:28:23,125 [stage3_analysis.dnn_probe] INFO:     Fold 4: R2=-0.0060, RMSE=5.1664, MAE=2.4507 (train=188,099, test=48,963, epochs=56)
2026-07-29 01:28:25,718 [stage3_analysis.dnn_probe] INFO:     Fold 5: R2=0.0088, RMSE=7.8927, MAE=2.8415 (train=187,984, test=49,078, epochs=73)
2026-07-29 01:28:25,728 [stage3_analysis.dnn_probe] INFO:   Overall OOF: R2=0.0075, RMSE=6.4779, MAE=2.5832
2026-07-29 01:28:25,731 [stage3_analysis.dnn_probe] INFO: 
=== Summary ===
2026-07-29 01:28:25,731 [stage3_analysis.dnn_probe] INFO:   fsi (fsi): R2=0.0295, RMSE=0.4119
2026-07-29 01:28:25,731 [stage3_analysis.dnn_probe] INFO:   gsi (gsi): R2=0.0242, RMSE=0.1428
2026-07-29 01:28:25,731 [stage3_analysis.dnn_probe] INFO:   mxi (mxi): R2=0.0349, RMSE=0.2801
2026-07-29 01:28:25,731 [stage3_analysis.dnn_probe] INFO:   l (l): R2=0.0255, RMSE=0.5087
2026-07-29 01:28:25,731 [stage3_analysis.dnn_probe] INFO:   osr (osr): R2=0.0075, RMSE=6.4779
2026-07-29 01:28:25,794 [stage3_analysis.dnn_probe] INFO: Saved metrics summary to C:\Users\Bert Berkers\PycharmProjects\UrbanRepML\data\study_areas\netherlands\stage3_analysis\dnn_probe\2026-07-28\2026-07-28_accres_nag_s1_s44_rudifun\metrics_summary.csv
2026-07-29 01:28:26,443 [stage3_analysis.dnn_probe] INFO: Saved predictions to C:\Users\Bert Berkers\PycharmProjects\UrbanRepML\data\study_areas\netherlands\stage3_analysis\dnn_probe\2026-07-28\2026-07-28_accres_nag_s1_s44_rudifun
2026-07-29 01:28:26,444 [stage3_analysis.dnn_probe] INFO: Saved config to C:\Users\Bert Berkers\PycharmProjects\UrbanRepML\data\study_areas\netherlands\stage3_analysis\dnn_probe\2026-07-28\2026-07-28_accres_nag_s1_s44_rudifun\config.json
2026-07-29 01:28:26,456 [stage3_analysis.dnn_probe] INFO: Saved run_info.json to C:\Users\Bert Berkers\PycharmProjects\UrbanRepML\data\study_areas\netherlands\stage3_analysis\dnn_probe\2026-07-28\2026-07-28_accres_nag_s1_s44_rudifun\run_info.json
2026-07-29 01:28:26,517 [stage3_analysis.dnn_probe] INFO: Saved training curves to C:\Users\Bert Berkers\PycharmProjects\UrbanRepML\data\study_areas\netherlands\stage3_analysis\dnn_probe\2026-07-28\2026-07-28_accres_nag_s1_s44_rudifun\training_curves (25 files)
[01:28:38]   rudifun/fsi: R2=+0.02952 CI=[-0.10390, +0.11238]
[01:28:59]   rudifun/gsi: R2=+0.02419 CI=[+0.01387, +0.03471]
[01:29:11]   rudifun/mxi: R2=+0.03488 CI=[+0.03082, +0.03884]
[01:29:29]   rudifun/l: R2=+0.02551 CI=[+0.00170, +0.04812]
[01:29:52]   rudifun/osr: R2=+0.00749 CI=[-0.03799, +0.05203]
[01:30:26]   rudifun FAMILY: R2=+0.02432 CI=[-0.00445, +0.04661] p=0.04010 (unadjusted)

==============================================================================
RES-b COMPLETE
[
  {
    "halted": false,
    "row": "plain",
    "seed": 42,
    "family": "leefb",
    "family_r2": 0.03927116078825752,
    "ci_low": 0.031924675543972506,
    "ci_high": 0.04669781868070634,
    "p_value_unadjusted": 9.999000099990002e-05,
    "collapse_caveat": false,
    "run_dir": "data\\study_areas\\netherlands\\stage3_analysis\\dnn_probe\\2026-07-28\\2026-07-28_accres_plain_s42_leefb",
    "wall_seconds": 132.8
  },
  {
    "halted": false,
    "row": "plain",
    "seed": 42,
    "family": "rudifun",
    "family_r2": 0.02344299521302591,
    "ci_low": -0.005348107325232758,
    "ci_high": 0.04563953752089464,
    "p_value_unadjusted": 0.05039496050394961,
    "collapse_caveat": false,
    "run_dir": "data\\study_areas\\netherlands\\stage3_analysis\\dnn_probe\\2026-07-28\\2026-07-28_accres_plain_s42_rudifun",
    "wall_seconds": 189.9
  },
  {
    "halted": false,
    "row": "plain",
    "seed": 43,
    "family": "leefb",
    "family_r2": 0.05157251146691941,
    "ci_low": 0.04473220598951347,
    "ci_high": 0.058572242514288046,
    "p_value_unadjusted": 9.999000099990002e-05,
    "collapse_caveat": false,
    "run_dir": "data\\study_areas\\netherlands\\stage3_analysis\\dnn_probe\\2026-07-28\\2026-07-28_accres_plain_s43_leefb",
    "wall_seconds": 132.6
  },
  {
    "halted": false,
    "row": "plain",
    "seed": 43,
    "family": "rudifun",
    "family_r2": 0.030701183552661996,
    "ci_low": 0.00211365459985043,
    "ci_high": 0.05269064198006932,
    "p_value_unadjusted": 0.0046995300469953,
    "collapse_caveat": false,
    "run_dir": "data\\study_areas\\netherlands\\stage3_analysis\\dnn_probe\\2026-07-28\\2026-07-28_accres_plain_s43_rudifun",
    "wall_seconds": 200.8
  },
  {
    "halted": false,
    "row": "plain",
    "seed": 44,
    "family": "leefb",
    "family_r2": 0.03012460139726137,
    "ci_low": 0.02282243329112289,
    "ci_high": 0.03762361581254293,
    "p_value_unadjusted": 9.999000099990002e-05,
    "collapse_caveat": false,
    "run_dir": "data\\study_areas\\netherlands\\stage3_analysis\\dnn_probe\\2026-07-28\\2026-07-28_accres_plain_s44_leefb",
    "wall_seconds": 131.4
  },
  {
    "halted": false,
    "row": "plain",
    "seed": 44,
    "family": "rudifun",
    "family_r2": 0.02619704225030014,
    "ci_low": -0.0025172290097329637,
    "ci_high": 0.04855271926906292,
    "p_value_unadjusted": 0.0225977402259774,
    "collapse_caveat": false,
    "run_dir": "data\\study_areas\\netherlands\\stage3_analysis\\dnn_probe\\2026-07-28\\2026-07-28_accres_plain_s44_rudifun",
    "wall_seconds": 229.7
  },
  {
    "halted": false,
    "row": "gvae",
    "seed": 42,
    "family": "leefb",
    "family_r2": 0.22964489341343963,
    "ci_low": 0.22329532991481338,
    "ci_high": 0.23600829930142736,
    "p_value_unadjusted": 9.999000099990002e-05,
    "collapse_caveat": true,
    "run_dir": "data\\study_areas\\netherlands\\stage3_analysis\\dnn_probe\\2026-07-28\\2026-07-28_accres_gvae_s42_leefb",
    "wall_seconds": 142.1
  },
  {
    "halted": false,
    "row": "gvae",
    "seed": 42,
    "family": "rudifun",
    "family_r2": 0.2141755044150949,
    "ci_low": 0.18554770420927577,
    "ci_high": 0.23570483599666076,
    "p_value_unadjusted": 9.999000099990002e-05,
    "collapse_caveat": true,
    "run_dir": "data\\study_areas\\netherlands\\stage3_analysis\\dnn_probe\\2026-07-28\\2026-07-28_accres_gvae_s42_rudifun",
    "wall_seconds": 184.3
  },
  {
    "halted": false,
    "row": "gvae",
    "seed": 43,
    "family": "leefb",
    "family_r2": 0.21474424569084183,
    "ci_low": 0.20840423545527043,
    "ci_high": 0.22124308770162987,
    "p_value_unadjusted": 9.999000099990002e-05,
    "collapse_caveat": true,
    "run_dir": "data\\study_areas\\netherlands\\stage3_analysis\\dnn_probe\\2026-07-28\\2026-07-28_accres_gvae_s43_leefb",
    "wall_seconds": 141.4
  },
  {
    "halted": false,
    "row": "gvae",
    "seed": 43,
    "family": "rudifun",
    "family_r2": 0.19747917046974486,
    "ci_low": 0.16946401658466698,
    "ci_high": 0.2188365332148098,
    "p_value_unadjusted": 9.999000099990002e-05,
    "collapse_caveat": true,
    "run_dir": "data\\study_areas\\netherlands\\stage3_analysis\\dnn_probe\\2026-07-28\\2026-07-28_accres_gvae_s43_rudifun",
    "wall_seconds": 214.2
  },
  {
    "halted": false,
    "row": "gvae",
    "seed": 44,
    "family": "leefb",
    "family_r2": 0.2629762939135961,
    "ci_low": 0.2568591834479142,
    "ci_high": 0.26906024501563325,
    "p_value_unadjusted": 9.999000099990002e-05,
    "collapse_caveat": true,
    "run_dir": "data\\study_areas\\netherlands\\stage3_analysis\\dnn_probe\\2026-07-28\\2026-07-28_accres_gvae_s44_leefb",
    "wall_seconds": 127.8
  },
  {
    "halted": false,
    "row": "gvae",
    "seed": 44,
    "family": "rudifun",
    "family_r2": 0.2372278452772172,
    "ci_low": 0.20917194255138738,
    "ci_high": 0.25838222467800187,
    "p_value_unadjusted": 9.999000099990002e-05,
    "collapse_caveat": true,
    "run_dir": "data\\study_areas\\netherlands\\stage3_analysis\\dnn_probe\\2026-07-28\\2026-07-28_accres_gvae_s44_rudifun",
    "wall_seconds": 227.0
  },
  {
    "halted": false,
    "row": "pvae",
    "seed": 42,
    "family": "leefb",
    "family_r2": 0.05946632394189342,
    "ci_low": 0.05209986383456383,
    "ci_high": 0.06680874805084906,
    "p_value_unadjusted": 9.999000099990002e-05,
    "collapse_caveat": false,
    "run_dir": "data\\study_areas\\netherlands\\stage3_analysis\\dnn_probe\\2026-07-28\\2026-07-28_accres_pvae_s42_leefb",
    "wall_seconds": 122.2
  },
  {
    "halted": false,
    "row": "pvae",
    "seed": 42,
    "family": "rudifun",
    "family_r2": 0.05978500600964735,
    "ci_low": 0.03118641513081259,
    "ci_high": 0.08159956458365519,
    "p_value_unadjusted": 9.999000099990002e-05,
    "collapse_caveat": false,
    "run_dir": "data\\study_areas\\netherlands\\stage3_analysis\\dnn_probe\\2026-07-28\\2026-07-28_accres_pvae_s42_rudifun",
    "wall_seconds": 191.2
  },
  {
    "halted": false,
    "row": "pvae",
    "seed": 43,
    "family": "leefb",
    "family_r2": 0.05679758071064914,
    "ci_low": 0.049529067793403374,
    "ci_high": 0.06417871617865287,
    "p_value_unadjusted": 9.999000099990002e-05,
    "collapse_caveat": false,
    "run_dir": "data\\study_areas\\netherlands\\stage3_analysis\\dnn_probe\\2026-07-28\\2026-07-28_accres_pvae_s43_leefb",
    "wall_seconds": 146.8
  },
  {
    "halted": false,
    "row": "pvae",
    "seed": 43,
    "family": "rudifun",
    "family_r2": 0.05282234150831076,
    "ci_low": 0.02445217830537272,
    "ci_high": 0.07481535969833329,
    "p_value_unadjusted": 9.999000099990002e-05,
    "collapse_caveat": false,
    "run_dir": "data\\study_areas\\netherlands\\stage3_analysis\\dnn_probe\\2026-07-28\\2026-07-28_accres_pvae_s43_rudifun",
    "wall_seconds": 175.9
  },
  {
    "halted": false,
    "row": "pvae",
    "seed": 44,
    "family": "leefb",
    "family_r2": 0.06338325616647666,
    "ci_low": 0.056183390212638434,
    "ci_high": 0.07069622385027355,
    "p_value_unadjusted": 9.999000099990002e-05,
    "collapse_caveat": false,
    "run_dir": "data\\study_areas\\netherlands\\stage3_analysis\\dnn_probe\\2026-07-28\\2026-07-28_accres_pvae_s44_leefb",
    "wall_seconds": 137.2
  },
  {
    "halted": false,
    "row": "pvae",
    "seed": 44,
    "family": "rudifun",
    "family_r2": 0.05850638570244128,
    "ci_low": 0.02970739529697208,
    "ci_high": 0.08056856061473536,
    "p_value_unadjusted": 9.999000099990002e-05,
    "collapse_caveat": false,
    "run_dir": "data\\study_areas\\netherlands\\stage3_analysis\\dnn_probe\\2026-07-28\\2026-07-28_accres_pvae_s44_rudifun",
    "wall_seconds": 225.0
  },
  {
    "halted": false,
    "row": "nag_s0",
    "seed": 42,
    "family": "leefb",
    "family_r2": 0.11334688426072535,
    "ci_low": 0.10663773505151,
    "ci_high": 0.12025073551379171,
    "p_value_unadjusted": 9.999000099990002e-05,
    "collapse_caveat": false,
    "run_dir": "data\\study_areas\\netherlands\\stage3_analysis\\dnn_probe\\2026-07-28\\2026-07-28_accres_nag_s0_s42_leefb",
    "wall_seconds": 171.1
  },
  {
    "halted": false,
    "row": "nag_s0",
    "seed": 42,
    "family": "rudifun",
    "family_r2": 0.07866563220961731,
    "ci_low": 0.049952557209708315,
    "ci_high": 0.1008419377078968,
    "p_value_unadjusted": 9.999000099990002e-05,
    "collapse_caveat": false,
    "run_dir": "data\\study_areas\\netherlands\\stage3_analysis\\dnn_probe\\2026-07-28\\2026-07-28_accres_nag_s0_s42_rudifun",
    "wall_seconds": 194.0
  },
  {
    "halted": false,
    "row": "nag_s0",
    "seed": 43,
    "family": "leefb",
    "family_r2": 0.053211565368370545,
    "ci_low": 0.0461260700152454,
    "ci_high": 0.06058605432730942,
    "p_value_unadjusted": 9.999000099990002e-05,
    "collapse_caveat": false,
    "run_dir": "data\\study_areas\\netherlands\\stage3_analysis\\dnn_probe\\2026-07-28\\2026-07-28_accres_nag_s0_s43_leefb",
    "wall_seconds": 128.1
  },
  {
    "halted": false,
    "row": "nag_s0",
    "seed": 43,
    "family": "rudifun",
    "family_r2": 0.053804913935047355,
    "ci_low": 0.02539963096335339,
    "ci_high": 0.07593186193212043,
    "p_value_unadjusted": 9.999000099990002e-05,
    "collapse_caveat": false,
    "run_dir": "data\\study_areas\\netherlands\\stage3_analysis\\dnn_probe\\2026-07-28\\2026-07-28_accres_nag_s0_s43_rudifun",
    "wall_seconds": 229.5
  },
  {
    "halted": false,
    "row": "nag_s0",
    "seed": 44,
    "family": "leefb",
    "family_r2": 0.0033937986862098085,
    "ci_low": -0.004252100289950694,
    "ci_high": 0.011117558403580969,
    "p_value_unadjusted": 0.39386061393860616,
    "collapse_caveat": false,
    "run_dir": "data\\study_areas\\netherlands\\stage3_analysis\\dnn_probe\\2026-07-28\\2026-07-28_accres_nag_s0_s44_leefb",
    "wall_seconds": 153.0
  },
  {
    "halted": false,
    "row": "nag_s0",
    "seed": 44,
    "family": "rudifun",
    "family_r2": 0.0070783101471522695,
    "ci_low": -0.021891124313212797,
    "ci_high": 0.029663643274840088,
    "p_value_unadjusted": 0.6706329367063294,
    "collapse_caveat": false,
    "run_dir": "data\\study_areas\\netherlands\\stage3_analysis\\dnn_probe\\2026-07-28\\2026-07-28_accres_nag_s0_s44_rudifun",
    "wall_seconds": 208.8
  },
  {
    "halted": false,
    "row": "nag_s1",
    "seed": 42,
    "family": "leefb",
    "family_r2": 0.044782668938516915,
    "ci_low": 0.03754537884743299,
    "ci_high": 0.052236691048860674,
    "p_value_unadjusted": 9.999000099990002e-05,
    "collapse_caveat": false,
    "run_dir": "data\\study_areas\\netherlands\\stage3_analysis\\dnn_probe\\2026-07-28\\2026-07-28_accres_nag_s1_s42_leefb",
    "wall_seconds": 120.5
  },
  {
    "halted": false,
    "row": "nag_s1",
    "seed": 42,
    "family": "rudifun",
    "family_r2": 0.03917259015756164,
    "ci_low": 0.010330803445981659,
    "ci_high": 0.06144145532463376,
    "p_value_unadjusted": 9.999000099990002e-05,
    "collapse_caveat": false,
    "run_dir": "data\\study_areas\\netherlands\\stage3_analysis\\dnn_probe\\2026-07-28\\2026-07-28_accres_nag_s1_s42_rudifun",
    "wall_seconds": 227.4
  },
  {
    "halted": false,
    "row": "nag_s1",
    "seed": 43,
    "family": "leefb",
    "family_r2": 0.0487891245366697,
    "ci_low": 0.04198618819810812,
    "ci_high": 0.05578114443572934,
    "p_value_unadjusted": 9.999000099990002e-05,
    "collapse_caveat": false,
    "run_dir": "data\\study_areas\\netherlands\\stage3_analysis\\dnn_probe\\2026-07-28\\2026-07-28_accres_nag_s1_s43_leefb",
    "wall_seconds": 152.1
  },
  {
    "halted": false,
    "row": "nag_s1",
    "seed": 43,
    "family": "rudifun",
    "family_r2": 0.03049019725097199,
    "ci_low": 0.0018644707415606857,
    "ci_high": 0.05245496779730923,
    "p_value_unadjusted": 0.0053994600539946005,
    "collapse_caveat": false,
    "run_dir": "data\\study_areas\\netherlands\\stage3_analysis\\dnn_probe\\2026-07-28\\2026-07-28_accres_nag_s1_s43_rudifun",
    "wall_seconds": 247.8
  },
  {
    "halted": false,
    "row": "nag_s1",
    "seed": 44,
    "family": "leefb",
    "family_r2": 0.04700696454999307,
    "ci_low": 0.039634163941978634,
    "ci_high": 0.054451923829885535,
    "p_value_unadjusted": 9.999000099990002e-05,
    "collapse_caveat": false,
    "run_dir": "data\\study_areas\\netherlands\\stage3_analysis\\dnn_probe\\2026-07-28\\2026-07-28_accres_nag_s1_s44_leefb",
    "wall_seconds": 129.5
  },
  {
    "halted": false,
    "row": "nag_s1",
    "seed": 44,
    "family": "rudifun",
    "family_r2": 0.02431666771873651,
    "ci_low": -0.00444999346391738,
    "ci_high": 0.04660831505686695,
    "p_value_unadjusted": 0.0400959904009599,
    "collapse_caveat": false,
    "run_dir": "data\\study_areas\\netherlands\\stage3_analysis\\dnn_probe\\2026-07-28\\2026-07-28_accres_nag_s1_s44_rudifun",
    "wall_seconds": 195.8
  }
]
==============================================================================
[01:30:26] cell index: C:\Users\Bert Berkers\PycharmProjects\UrbanRepML\data\study_areas\netherlands\acc_sharpening\2026-07-28\residual_probe\cell_index.json
